{
  "perspective_diversity": 0.12163553602869215,
  "cooperation_payoff": 2.2800000000000002,
  "cooperation_payoff_ci": [
    2.0800000000000005,
    2.4799999999999995
  ],
  "equilibrium_convergence": 0.9466666666666667,
  "tom_prediction_accuracy": 0.6466666666666666,
  "tom_prediction_accuracy_ci": [
    0.5933333333333334,
    0.7
  ],
  "n_episodes": 30,
  "action_dist_agent1": [
    0.49333333333333335,
    0.5066666666666667
  ],
  "per_episode_payoffs": [
    3.2,
    2.2,
    2.0,
    2.6,
    2.8,
    3.0,
    1.8,
    1.6,
    2.2,
    2.4,
    2.2,
    2.2,
    1.4,
    2.0,
    2.0,
    2.0,
    2.2,
    2.4,
    2.6,
    2.6,
    1.8,
    3.2,
    3.2,
    1.8,
    1.0,
    3.2,
    2.8,
    2.2,
    1.8,
    2.0
  ],
  "gate_trust_rate": 0.96,
  "gated_prediction_accuracy": 0.73,
  "signal_accuracy": 0.7233333333333334,
  "tom_belief_accuracy_in_gated": 0.6466666666666666,
  "dp_conflict_rate": 0.25666666666666665,
  "dp_intervention_rate": 0.25666666666666665,
  "cell": "het_dp_gated_atom_talk",
  "wall_time_s": 576.5062711238861,
  "config": {
    "game": "deadlock",
    "n_agents": 2,
    "horizon": 5,
    "memory": 2,
    "models_homo": "Qwen/Qwen2.5-7B-Instruct",
    "temp_homo": 0.7,
    "tom_order": 1,
    "seed": 55,
    "cell_name": "het_dp_gated_atom_talk",
    "gate_trust_threshold": 0.6,
    "gate_ema_alpha": 0.3,
    "atom_warmup": 3,
    "homogeneous": false,
    "use_tom": true,
    "use_talk": true,
    "adaptive_tom": true,
    "gated_talk_tom": true,
    "diversity_preserving_gate": true
  },
  "team_mean_payoff": 1.813333333333333
}