{
  "perspective_diversity": 0.2704391204728128,
  "cooperation_payoff": 2.9399999999999995,
  "cooperation_payoff_ci": [
    2.546666666666667,
    3.3199999999999994
  ],
  "equilibrium_convergence": 0.9066666666666667,
  "tom_prediction_accuracy": 0.65,
  "tom_prediction_accuracy_ci": [
    0.6,
    0.7033333333333334
  ],
  "n_episodes": 30,
  "action_dist_agent1": [
    0.31333333333333335,
    0.6866666666666666
  ],
  "per_episode_payoffs": [
    3.2,
    2.0,
    1.8,
    2.8,
    2.8,
    3.2,
    1.8,
    2.6,
    4.6,
    1.8,
    1.8,
    4.6,
    3.6,
    2.6,
    1.6,
    2.2,
    4.6,
    3.6,
    4.2,
    2.6,
    3.6,
    3.6,
    3.6,
    2.6,
    4.6,
    2.0,
    4.6,
    1.2,
    3.2,
    1.2
  ],
  "gate_trust_rate": 0.97,
  "gated_prediction_accuracy": 0.6433333333333333,
  "signal_accuracy": 0.6533333333333333,
  "tom_belief_accuracy_in_gated": 0.65,
  "dp_conflict_rate": 0.2833333333333333,
  "dp_intervention_rate": 0.2833333333333333,
  "cell": "het_dp_gated_atom_talk",
  "wall_time_s": 525.1291573047638,
  "config": {
    "game": "chicken",
    "n_agents": 2,
    "horizon": 5,
    "memory": 2,
    "models_homo": "Qwen/Qwen2.5-7B-Instruct",
    "temp_homo": 0.7,
    "tom_order": 1,
    "seed": 45,
    "cell_name": "het_dp_gated_atom_talk",
    "gate_trust_threshold": 0.45,
    "gate_ema_alpha": 0.3,
    "atom_warmup": 3,
    "homogeneous": false,
    "use_tom": true,
    "use_talk": true,
    "adaptive_tom": true,
    "gated_talk_tom": true,
    "diversity_preserving_gate": true
  },
  "team_mean_payoff": 2.22
}