{
  "perspective_diversity": 0.009423075776448006,
  "cooperation_payoff": 1.3999999999999997,
  "cooperation_payoff_ci": [
    1.1533333333333333,
    1.6533333333333333
  ],
  "equilibrium_convergence": 1.0,
  "tom_prediction_accuracy": 0.5666666666666667,
  "tom_prediction_accuracy_ci": [
    0.51,
    0.6200833333333329
  ],
  "n_episodes": 30,
  "action_dist_agent1": [
    0.5733333333333334,
    0.4266666666666667
  ],
  "per_episode_payoffs": [
    2.0,
    1.4,
    1.0,
    1.0,
    -0.2,
    0.8,
    2.0,
    0.2,
    1.2,
    1.6,
    0.4,
    0.6,
    0.8,
    1.0,
    2.2,
    2.8,
    1.2,
    0.8,
    1.4,
    2.8,
    2.4,
    1.4,
    1.4,
    1.8,
    1.6,
    1.8,
    2.4,
    1.6,
    1.6,
    1.0
  ],
  "gate_trust_rate": 0.8033333333333333,
  "gated_prediction_accuracy": 0.56,
  "signal_accuracy": 0.5566666666666666,
  "tom_belief_accuracy_in_gated": 0.5666666666666667,
  "dp_conflict_rate": 0.39666666666666667,
  "dp_intervention_rate": 0.39666666666666667,
  "cell": "het_gsaca",
  "gsaca_detected_structure": "anti_coord",
  "gsaca_oracle_structure": "anti_coord",
  "gsaca_detection_correct": true,
  "gsaca_split_score": 1.0,
  "gsaca_warmup_episodes": 5,
  "gsaca_n_observations": 25,
  "wall_time_s": 473.75416231155396,
  "config": {
    "game": "hawk_dove",
    "n_agents": 2,
    "horizon": 5,
    "memory": 2,
    "models_homo": "Qwen/Qwen2.5-7B-Instruct",
    "temp_homo": 0.7,
    "tom_order": 1,
    "seed": 44,
    "cell_name": "het_gsaca",
    "gate_trust_threshold": 0.6,
    "gate_ema_alpha": 0.3,
    "atom_warmup": 3,
    "homogeneous": false,
    "use_tom": true,
    "use_talk": true,
    "adaptive_tom": true,
    "gated_talk_tom": true,
    "diversity_preserving_gate": true
  },
  "team_mean_payoff": 1.2999999999999998
}