{
  "perspective_diversity": 0.1449045261667302,
  "cooperation_payoff": 2.5533333333333337,
  "cooperation_payoff_ci": [
    2.166666666666667,
    2.9999999999999996
  ],
  "equilibrium_convergence": 0.88,
  "tom_prediction_accuracy": 0.5933333333333334,
  "tom_prediction_accuracy_ci": [
    0.5366666666666666,
    0.6466666666666666
  ],
  "n_episodes": 30,
  "action_dist_agent1": [
    0.3,
    0.7
  ],
  "per_episode_payoffs": [
    1.6,
    3.6,
    2.2,
    1.2,
    1.8,
    1.2,
    4.6,
    3.2,
    3.0,
    2.0,
    1.6,
    2.8,
    1.4,
    2.0,
    2.4,
    4.2,
    2.2,
    4.2,
    3.2,
    5.0,
    1.0,
    1.2,
    1.6,
    4.2,
    4.0,
    2.2,
    2.6,
    1.2,
    3.2,
    2.0
  ],
  "gate_trust_rate": 0.7133333333333334,
  "gated_prediction_accuracy": 0.6366666666666667,
  "signal_accuracy": 0.59,
  "tom_belief_accuracy_in_gated": 0.5933333333333334,
  "dp_conflict_rate": 0.49666666666666665,
  "dp_intervention_rate": 0.49666666666666665,
  "cell": "het_dp_gated_atom_talk",
  "wall_time_s": 659.3146402835846,
  "config": {
    "game": "chicken",
    "n_agents": 2,
    "horizon": 5,
    "memory": 2,
    "models_homo": "Qwen/Qwen2.5-7B-Instruct",
    "temp_homo": 0.7,
    "tom_order": 1,
    "seed": 42,
    "cell_name": "het_dp_gated_atom_talk",
    "gate_trust_threshold": 0.6,
    "gate_ema_alpha": 0.3,
    "atom_warmup": 3,
    "homogeneous": false,
    "use_tom": true,
    "use_talk": true,
    "adaptive_tom": true,
    "gated_talk_tom": true,
    "diversity_preserving_gate": true
  },
  "team_mean_payoff": 2.02
}