{
  "perspective_diversity": 0.2798038324440664,
  "cooperation_payoff": 3.0133333333333328,
  "cooperation_payoff_ci": [
    2.56,
    3.473333333333332
  ],
  "equilibrium_convergence": 0.9866666666666667,
  "tom_prediction_accuracy": 0.6233333333333333,
  "tom_prediction_accuracy_ci": [
    0.57,
    0.6766666666666666
  ],
  "n_episodes": 30,
  "action_dist_agent1": [
    0.3,
    0.7
  ],
  "per_episode_payoffs": [
    1.8,
    1.8,
    0.2,
    4.6,
    2.6,
    3.6,
    2.6,
    3.6,
    2.2,
    4.6,
    3.6,
    0.8,
    4.6,
    4.6,
    2.0,
    3.6,
    4.6,
    2.2,
    4.6,
    4.6,
    4.6,
    1.4,
    1.4,
    2.6,
    2.2,
    2.6,
    4.6,
    2.6,
    2.0,
    3.6
  ],
  "gate_trust_rate": 0.9066666666666666,
  "gated_prediction_accuracy": 0.6566666666666666,
  "signal_accuracy": 0.7033333333333334,
  "tom_belief_accuracy_in_gated": 0.6233333333333333,
  "dp_conflict_rate": 0.3,
  "dp_intervention_rate": 0.3,
  "cell": "het_role_asym",
  "wall_time_s": 596.7367742061615,
  "config": {
    "game": "chicken",
    "n_agents": 2,
    "horizon": 5,
    "memory": 2,
    "models_homo": "Qwen/Qwen2.5-7B-Instruct",
    "temp_homo": 0.7,
    "tom_order": 1,
    "seed": 44,
    "cell_name": "het_role_asym",
    "gate_trust_threshold": 0.6,
    "gate_ema_alpha": 0.3,
    "atom_warmup": 3,
    "homogeneous": false,
    "use_tom": true,
    "use_talk": true,
    "adaptive_tom": true,
    "gated_talk_tom": true,
    "diversity_preserving_gate": true,
    "role_asymmetric_hint": true
  },
  "team_mean_payoff": 2.2800000000000002
}