{
  "perspective_diversity": 0.2929103842994085,
  "cooperation_payoff": 3.0666666666666655,
  "cooperation_payoff_ci": [
    2.7066666666666657,
    3.4133333333333327
  ],
  "equilibrium_convergence": 0.96,
  "tom_prediction_accuracy": 0.6733333333333333,
  "tom_prediction_accuracy_ci": [
    0.6233333333333333,
    0.7266666666666667
  ],
  "n_episodes": 30,
  "action_dist_agent1": [
    0.31333333333333335,
    0.6866666666666666
  ],
  "per_episode_payoffs": [
    4.6,
    1.8,
    2.6,
    4.6,
    2.6,
    4.6,
    2.8,
    4.6,
    2.2,
    4.2,
    2.6,
    2.8,
    1.6,
    3.6,
    2.2,
    2.6,
    3.6,
    3.6,
    3.6,
    2.8,
    4.2,
    3.4,
    2.6,
    1.0,
    2.6,
    1.6,
    4.6,
    2.6,
    3.6,
    2.2
  ],
  "gate_trust_rate": 0.94,
  "gated_prediction_accuracy": 0.6833333333333333,
  "signal_accuracy": 0.6766666666666666,
  "tom_belief_accuracy_in_gated": 0.6733333333333333,
  "dp_conflict_rate": 0.25,
  "dp_intervention_rate": 0.25,
  "cell": "het_dp_gated_atom_talk",
  "wall_time_s": 507.8449831008911,
  "config": {
    "game": "chicken",
    "n_agents": 2,
    "horizon": 5,
    "memory": 2,
    "models_homo": "Qwen/Qwen2.5-7B-Instruct",
    "temp_homo": 0.7,
    "tom_order": 1,
    "seed": 42,
    "cell_name": "het_dp_gated_atom_talk",
    "gate_trust_threshold": 0.6,
    "gate_ema_alpha": 0.3,
    "atom_warmup": 3,
    "homogeneous": false,
    "use_tom": true,
    "use_talk": true,
    "adaptive_tom": true,
    "gated_talk_tom": true,
    "diversity_preserving_gate": true
  },
  "team_mean_payoff": 2.3200000000000003
}