{
  "perspective_diversity": 0.0010397625193688982,
  "cooperation_payoff": 1.9403524553328098,
  "cooperation_payoff_ci": [
    1.6132127198337747,
    2.237465721346333
  ],
  "equilibrium_convergence": 0.88,
  "tom_prediction_accuracy": 0.7566666666666667,
  "tom_prediction_accuracy_ci": [
    0.7066666666666667,
    0.8066666666666666
  ],
  "n_episodes": 30,
  "action_dist_agent1": [
    0.7266666666666667,
    0.2733333333333333
  ],
  "per_episode_payoffs": [
    1.020712928463364,
    2.660497165209011,
    1.8871338021112336,
    -0.25479599544642195,
    0.3001650349806412,
    2.518893281655287,
    2.0179184617043098,
    1.6088175044775834,
    2.549932826778528,
    2.961194423942114,
    2.68500165906009,
    2.453678430906932,
    1.503366692795764,
    3.374780101711597,
    2.455796206708799,
    1.0436006700339182,
    0.9544479361678384,
    3.0508182147303935,
    2.669143866995621,
    3.220275513676622,
    1.7743757409756635,
    2.6489036225146463,
    0.9950903592593445,
    1.2830702968668137,
    1.3368351733740613,
    2.2206341402727166,
    1.6436738142900165,
    1.487282883069558,
    1.6681439370817306,
    2.471184965616506
  ],
  "gate_trust_rate": 0.86,
  "gated_prediction_accuracy": 0.64,
  "signal_accuracy": 0.66,
  "tom_belief_accuracy_in_gated": 0.6,
  "dp_conflict_rate": 0.38,
  "dp_intervention_rate": 0.38,
  "cell": "het_gsaca",
  "gsaca_detected_structure": "coord",
  "gsaca_oracle_structure": "coord",
  "gsaca_detection_correct": true,
  "gsaca_split_score": -2.560615542570112,
  "gsaca_warmup_episodes": 5,
  "gsaca_n_observations": 25,
  "wall_time_s": 507.6371102333069,
  "config": {
    "game": "battle_of_the_sexes",
    "n_agents": 2,
    "horizon": 5,
    "memory": 2,
    "models_homo": "Qwen/Qwen2.5-7B-Instruct",
    "temp_homo": 0.7,
    "tom_order": 1,
    "seed": 46,
    "cell_name": "het_gsaca",
    "gate_trust_threshold": 0.6,
    "gate_ema_alpha": 0.3,
    "atom_warmup": 3,
    "homogeneous": false,
    "use_tom": true,
    "use_talk": true,
    "adaptive_tom": true,
    "gated_talk_tom": true,
    "diversity_preserving_gate": true
  },
  "team_mean_payoff": 1.7597029028262618
}