{
  "perspective_diversity": 0.02286847373411985,
  "cooperation_payoff": 2.313333333333333,
  "cooperation_payoff_ci": [
    2.0733333333333333,
    2.5466666666666664
  ],
  "equilibrium_convergence": 1.0,
  "tom_prediction_accuracy": 0.6233333333333333,
  "tom_prediction_accuracy_ci": [
    0.5666666666666667,
    0.6766666666666666
  ],
  "n_episodes": 30,
  "action_dist_agent1": [
    0.4533333333333333,
    0.5466666666666666
  ],
  "per_episode_payoffs": [
    2.2,
    3.0,
    2.6,
    1.4,
    2.8,
    2.2,
    1.6,
    2.2,
    1.0,
    2.2,
    3.2,
    3.0,
    3.0,
    3.2,
    2.2,
    2.2,
    2.0,
    3.0,
    3.0,
    1.0,
    1.8,
    1.2,
    2.0,
    3.0,
    2.0,
    3.0,
    2.8,
    1.6,
    2.8,
    2.2
  ],
  "gate_trust_rate": 0.8366666666666667,
  "gated_prediction_accuracy": 0.6566666666666666,
  "signal_accuracy": 0.6333333333333333,
  "tom_belief_accuracy_in_gated": 0.6233333333333333,
  "dp_conflict_rate": 0.25666666666666665,
  "dp_intervention_rate": 0.25666666666666665,
  "cell": "het_gated_atom_talk",
  "wall_time_s": 504.5037651062012,
  "config": {
    "game": "chicken",
    "n_agents": 2,
    "horizon": 5,
    "memory": 2,
    "models_homo": "Qwen/Qwen2.5-7B-Instruct",
    "temp_homo": 0.7,
    "tom_order": 1,
    "seed": 54,
    "cell_name": "het_gated_atom_talk",
    "gate_trust_threshold": 0.6,
    "gate_ema_alpha": 0.3,
    "atom_warmup": 3,
    "homogeneous": false,
    "use_tom": true,
    "use_talk": true,
    "adaptive_tom": true,
    "gated_talk_tom": true,
    "diversity_preserving_gate": false
  },
  "team_mean_payoff": 2.1
}