{
  "perspective_diversity": 0.04432395233423206,
  "cooperation_payoff": 1.207019121999476,
  "cooperation_payoff_ci": [
    0.8473398492926655,
    1.6016185023322123
  ],
  "equilibrium_convergence": 0.9466666666666667,
  "tom_prediction_accuracy": 0.6033333333333334,
  "tom_prediction_accuracy_ci": [
    0.5533333333333333,
    0.6566666666666666
  ],
  "n_episodes": 30,
  "action_dist_agent1": [
    0.48,
    0.52
  ],
  "per_episode_payoffs": [
    2.820712928463364,
    2.8604971652090105,
    1.6871338021112336,
    -0.4547959954464219,
    -0.0998349650193587,
    0.3188932816552866,
    1.2179184617043095,
    1.608817504477583,
    2.549932826778528,
    2.361194423942114,
    2.4850016590600896,
    1.8536784309069323,
    -0.09663330720423606,
    2.174780101711597,
    0.255796206708799,
    1.8436006700339178,
    1.3544479361678383,
    1.2508182147303932,
    -0.1308561330043788,
    1.2202755136766226,
    0.5743757409756638,
    3.048903622514646,
    1.5950903592593444,
    -0.516929703133186,
    1.336835173374061,
    2.4206341402727163,
    0.04367381429001642,
    0.6872828830695579,
    -0.3318560629182695,
    0.2711849656165059
  ],
  "gate_trust_rate": 0.8,
  "gated_prediction_accuracy": 0.64,
  "signal_accuracy": 0.64,
  "tom_belief_accuracy_in_gated": 0.6033333333333334,
  "dp_conflict_rate": 0.45666666666666667,
  "dp_intervention_rate": 0.45666666666666667,
  "cell": "het_gsaca",
  "gsaca_detected_structure": "anti_coord",
  "gsaca_oracle_structure": "anti_coord",
  "gsaca_detection_correct": true,
  "gsaca_split_score": 0.2289180003842215,
  "gsaca_warmup_episodes": 5,
  "gsaca_n_observations": 25,
  "wall_time_s": 464.48370933532715,
  "config": {
    "game": "hawk_dove",
    "n_agents": 2,
    "horizon": 5,
    "memory": 2,
    "models_homo": "Qwen/Qwen2.5-7B-Instruct",
    "temp_homo": 0.7,
    "tom_order": 1,
    "seed": 46,
    "cell_name": "het_gsaca",
    "gate_trust_threshold": 0.6,
    "gate_ema_alpha": 0.3,
    "atom_warmup": 3,
    "homogeneous": false,
    "use_tom": true,
    "use_talk": true,
    "adaptive_tom": true,
    "gated_talk_tom": true,
    "diversity_preserving_gate": true
  },
  "team_mean_payoff": 1.0430362361595948
}