{
  "perspective_diversity": 0.29957900112231683,
  "cooperation_payoff": 2.6599999999999993,
  "cooperation_payoff_ci": [
    2.573333333333333,
    2.7334999999999985
  ],
  "equilibrium_convergence": 0.9466666666666667,
  "tom_prediction_accuracy": 0.8133333333333334,
  "tom_prediction_accuracy_ci": [
    0.77,
    0.8566666666666667
  ],
  "n_episodes": 30,
  "action_dist_agent1": [
    0.72,
    0.28
  ],
  "per_episode_payoffs": [
    2.6,
    2.6,
    2.6,
    2.0,
    2.6,
    2.8,
    2.6,
    3.0,
    2.6,
    2.6,
    2.6,
    2.8,
    3.0,
    2.6,
    2.8,
    2.6,
    2.6,
    2.6,
    2.8,
    3.0,
    2.8,
    2.2,
    3.0,
    3.0,
    2.2,
    2.6,
    2.6,
    2.6,
    2.8,
    2.6
  ],
  "gate_trust_rate": 0.9833333333333333,
  "gated_prediction_accuracy": 0.8466666666666667,
  "signal_accuracy": 0.8633333333333333,
  "tom_belief_accuracy_in_gated": 0.8133333333333334,
  "dp_conflict_rate": 0.09666666666666666,
  "dp_intervention_rate": 0.09666666666666666,
  "cell": "het_dp_gated_atom_talk",
  "wall_time_s": 530.5815064907074,
  "config": {
    "game": "stag_hunt",
    "n_agents": 2,
    "horizon": 5,
    "memory": 2,
    "models_homo": "Qwen/Qwen2.5-7B-Instruct",
    "temp_homo": 0.7,
    "tom_order": 1,
    "seed": 44,
    "cell_name": "het_dp_gated_atom_talk",
    "gate_trust_threshold": 0.6,
    "gate_ema_alpha": 0.3,
    "atom_warmup": 3,
    "homogeneous": false,
    "use_tom": true,
    "use_talk": true,
    "adaptive_tom": true,
    "gated_talk_tom": true,
    "diversity_preserving_gate": true
  },
  "team_mean_payoff": 2.426666666666667
}