{
  "perspective_diversity": 0.05072351727251692,
  "cooperation_payoff": 1.5133333333333332,
  "cooperation_payoff_ci": [
    1.1665,
    1.833333333333333
  ],
  "equilibrium_convergence": 0.9866666666666667,
  "tom_prediction_accuracy": 0.6033333333333334,
  "tom_prediction_accuracy_ci": [
    0.5466666666666666,
    0.6566666666666666
  ],
  "n_episodes": 30,
  "action_dist_agent1": [
    0.5266666666666666,
    0.47333333333333333
  ],
  "per_episode_payoffs": [
    2.0,
    2.8,
    0.2,
    0.8,
    1.6,
    2.4,
    1.2,
    1.4,
    2.4,
    0.8,
    2.2,
    2.8,
    0.2,
    0.6,
    1.8,
    2.8,
    -0.4,
    1.2,
    2.2,
    1.6,
    -0.6,
    1.4,
    2.0,
    2.4,
    2.6,
    1.2,
    0.8,
    1.6,
    2.4,
    1.0
  ],
  "gate_trust_rate": 0.8633333333333333,
  "gated_prediction_accuracy": 0.5533333333333333,
  "signal_accuracy": 0.55,
  "tom_belief_accuracy_in_gated": 0.6033333333333334,
  "dp_conflict_rate": 0.26666666666666666,
  "dp_intervention_rate": 0.26666666666666666,
  "cell": "het_dp_gated_atom_talk",
  "wall_time_s": 476.6736309528351,
  "config": {
    "game": "hawk_dove",
    "n_agents": 2,
    "horizon": 5,
    "memory": 2,
    "models_homo": "Qwen/Qwen2.5-7B-Instruct",
    "temp_homo": 0.7,
    "tom_order": 1,
    "seed": 46,
    "cell_name": "het_dp_gated_atom_talk",
    "gate_trust_threshold": 0.6,
    "gate_ema_alpha": 0.3,
    "atom_warmup": 3,
    "homogeneous": false,
    "use_tom": true,
    "use_talk": true,
    "adaptive_tom": true,
    "gated_talk_tom": true,
    "diversity_preserving_gate": true
  },
  "team_mean_payoff": 1.283333333333333
}