seed,cell,perspective_diversity,cooperation_payoff,payoff_ci_lo,payoff_ci_hi,equilibrium_convergence,tom_prediction_accuracy,tom_ci_lo,tom_ci_hi,n_episodes,wall_time_s
3,hom_notom,0.15990344501861126,2.2199999999999998,1.8733333333333335,2.54,0.9466666666666667,nan,nan,nan,30,26.4
3,hom_tom,0.08486481580859928,2.2666666666666666,2.0733333333333333,2.4600000000000004,0.9333333333333333,0.69,0.6366666666666667,0.7434166666666662,30,106.5
3,het_notom,1.790426829373546,0.5666666666666667,0.4866666666666667,0.6533333333333332,0.9333333333333333,nan,nan,nan,30,19.0
3,het_tom,0.5794648505392318,1.166666666666667,0.9666666666666668,1.36,0.9733333333333334,0.5033333333333333,0.44,0.5633333333333334,30,107.5