{
  "perspective_diversity": 0.0016796109876161605,
  "cooperation_payoff": 2.2333333333333334,
  "cooperation_payoff_ci": [
    1.953333333333333,
    2.493333333333333
  ],
  "equilibrium_convergence": 0.9866666666666667,
  "tom_prediction_accuracy": 0.7066666666666667,
  "tom_prediction_accuracy_ci": [
    0.6533333333333333,
    0.7566666666666667
  ],
  "n_episodes": 30,
  "action_dist_agent1": [
    0.7133333333333334,
    0.2866666666666667
  ],
  "per_episode_payoffs": [
    2.8,
    3.0,
    2.2,
    2.8,
    2.8,
    2.2,
    2.8,
    2.8,
    2.6,
    1.2,
    3.0,
    3.0,
    0.4,
    1.8,
    1.0,
    1.4,
    1.4,
    1.0,
    2.8,
    2.8,
    2.2,
    1.6,
    2.8,
    1.4,
    2.8,
    2.2,
    2.8,
    1.6,
    2.8,
    3.0
  ],
  "gate_trust_rate": 0.96,
  "gated_prediction_accuracy": 0.8566666666666667,
  "signal_accuracy": 0.8633333333333333,
  "tom_belief_accuracy_in_gated": 0.7066666666666667,
  "dp_conflict_rate": 0.30333333333333334,
  "dp_intervention_rate": 0.30333333333333334,
  "cell": "het_gated_atom_talk",
  "wall_time_s": 522.5643970966339,
  "config": {
    "game": "battle_of_the_sexes",
    "n_agents": 2,
    "horizon": 5,
    "memory": 2,
    "models_homo": "Qwen/Qwen2.5-7B-Instruct",
    "temp_homo": 0.7,
    "tom_order": 1,
    "seed": 46,
    "cell_name": "het_gated_atom_talk",
    "homogeneous": false,
    "use_tom": true,
    "use_talk": true,
    "adaptive_tom": true,
    "gated_talk_tom": true,
    "diversity_preserving_gate": false
  },
  "team_mean_payoff": 2.033333333333333
}