{
  "perspective_diversity": 0.4805226493624256,
  "cooperation_payoff": 3.3133333333333326,
  "cooperation_payoff_ci": [
    2.966666666666666,
    3.673333333333332
  ],
  "equilibrium_convergence": 0.9066666666666666,
  "tom_prediction_accuracy": 0.67,
  "tom_prediction_accuracy_ci": [
    0.6133333333333333,
    0.7233333333333334
  ],
  "n_episodes": 30,
  "action_dist_agent1": [
    0.2866666666666667,
    0.7133333333333334
  ],
  "per_episode_payoffs": [
    4.6,
    3.6,
    3.2,
    2.2,
    1.8,
    4.6,
    2.6,
    3.6,
    4.6,
    4.6,
    2.2,
    2.2,
    2.6,
    4.6,
    2.6,
    2.2,
    2.0,
    4.6,
    3.6,
    4.6,
    2.4,
    2.6,
    2.8,
    4.6,
    4.6,
    2.2,
    4.6,
    2.8,
    3.6,
    2.6
  ],
  "gate_trust_rate": 0.9466666666666667,
  "gated_prediction_accuracy": 0.6833333333333333,
  "signal_accuracy": 0.69,
  "tom_belief_accuracy_in_gated": 0.67,
  "dp_conflict_rate": 0.23333333333333334,
  "dp_intervention_rate": 0.23333333333333334,
  "cell": "het_dp_gated_atom_talk",
  "wall_time_s": 500.3585956096649,
  "config": {
    "game": "chicken",
    "n_agents": 2,
    "horizon": 5,
    "memory": 2,
    "models_homo": "Qwen/Qwen2.5-7B-Instruct",
    "temp_homo": 0.7,
    "tom_order": 1,
    "seed": 43,
    "cell_name": "het_dp_gated_atom_talk",
    "gate_trust_threshold": 0.6,
    "gate_ema_alpha": 0.2,
    "atom_warmup": 3,
    "homogeneous": false,
    "use_tom": true,
    "use_talk": true,
    "adaptive_tom": true,
    "gated_talk_tom": true,
    "diversity_preserving_gate": true
  },
  "team_mean_payoff": 2.3800000000000003
}