{
  "perspective_diversity": 0.18979043760435702,
  "cooperation_payoff": 2.3800000000000003,
  "cooperation_payoff_ci": [
    2.206666666666666,
    2.5466666666666664
  ],
  "equilibrium_convergence": 0.9066666666666666,
  "tom_prediction_accuracy": 0.66,
  "tom_prediction_accuracy_ci": [
    0.6066666666666667,
    0.71
  ],
  "n_episodes": 30,
  "action_dist_agent1": [
    0.47333333333333333,
    0.5266666666666666
  ],
  "per_episode_payoffs": [
    2.6,
    3.2,
    2.0,
    2.8,
    2.8,
    1.8,
    2.4,
    1.8,
    2.8,
    2.0,
    2.6,
    2.4,
    2.2,
    2.8,
    1.0,
    2.4,
    2.0,
    2.0,
    2.0,
    2.2,
    2.6,
    2.4,
    2.4,
    1.8,
    2.8,
    3.2,
    2.4,
    2.6,
    3.2,
    2.2
  ],
  "gate_trust_rate": 0.97,
  "gated_prediction_accuracy": 0.7533333333333333,
  "signal_accuracy": 0.7566666666666667,
  "tom_belief_accuracy_in_gated": 0.66,
  "dp_conflict_rate": 0.23,
  "dp_intervention_rate": 0.23,
  "cell": "het_dp_gated_atom_talk",
  "wall_time_s": 552.4172856807709,
  "config": {
    "game": "deadlock",
    "n_agents": 2,
    "horizon": 5,
    "memory": 2,
    "models_homo": "Qwen/Qwen2.5-7B-Instruct",
    "temp_homo": 0.7,
    "tom_order": 1,
    "seed": 43,
    "cell_name": "het_dp_gated_atom_talk",
    "homogeneous": false,
    "use_tom": true,
    "use_talk": true,
    "adaptive_tom": true,
    "gated_talk_tom": true,
    "diversity_preserving_gate": true
  },
  "team_mean_payoff": 1.8066666666666669
}