{
  "perspective_diversity": 0.18979043760435702,
  "cooperation_payoff": 2.366666666666667,
  "cooperation_payoff_ci": [
    2.1600000000000006,
    2.5600000000000005
  ],
  "equilibrium_convergence": 0.96,
  "tom_prediction_accuracy": 0.5966666666666667,
  "tom_prediction_accuracy_ci": [
    0.54,
    0.65
  ],
  "n_episodes": 30,
  "action_dist_agent1": [
    0.47333333333333333,
    0.5266666666666666
  ],
  "per_episode_payoffs": [
    1.6,
    2.0,
    2.4,
    2.6,
    2.2,
    3.2,
    2.4,
    3.6,
    2.2,
    3.0,
    2.2,
    1.2,
    2.2,
    2.2,
    2.0,
    3.2,
    1.6,
    2.6,
    2.8,
    3.2,
    2.2,
    2.0,
    1.2,
    2.8,
    2.4,
    2.2,
    2.2,
    2.2,
    2.2,
    3.2
  ],
  "gate_trust_rate": 0.9566666666666667,
  "gated_prediction_accuracy": 0.7266666666666667,
  "signal_accuracy": 0.7166666666666667,
  "tom_belief_accuracy_in_gated": 0.5966666666666667,
  "dp_conflict_rate": 0.2733333333333333,
  "dp_intervention_rate": 0.2733333333333333,
  "cell": "het_combo_anti",
  "wall_time_s": 546.5187392234802,
  "config": {
    "game": "deadlock",
    "n_agents": 2,
    "horizon": 5,
    "memory": 2,
    "models_homo": "Qwen/Qwen2.5-7B-Instruct",
    "temp_homo": 0.7,
    "tom_order": 1,
    "seed": 45,
    "cell_name": "het_combo_anti",
    "gate_trust_threshold": 0.6,
    "gate_ema_alpha": 0.3,
    "atom_warmup": 3,
    "homogeneous": false,
    "use_tom": true,
    "use_talk": true,
    "adaptive_tom": true,
    "gated_talk_tom": true,
    "diversity_preserving_gate": true,
    "role_asymmetric_hint": true,
    "history_split_hint": true,
    "adaptive_intervention": true,
    "adaptive_interv_threshold": 0.3
  },
  "team_mean_payoff": 1.793333333333333
}