{
  "perspective_diversity": 0.06622274672368651,
  "cooperation_payoff": 2.5340000000000003,
  "cooperation_payoff_ci": [
    2.4739999999999998,
    2.5980000000000003
  ],
  "equilibrium_convergence": 0.9,
  "tom_prediction_accuracy": NaN,
  "tom_prediction_accuracy_ci": [
    NaN,
    NaN
  ],
  "n_episodes": 20,
  "action_dist_agent1": [
    0.69,
    0.31
  ],
  "per_episode_payoffs": [
    2.4000000000000004,
    2.4,
    2.3200000000000003,
    2.5200000000000005,
    2.6,
    2.4,
    2.8,
    2.6,
    2.4799999999999995,
    2.56,
    2.4,
    2.4800000000000004,
    2.68,
    2.3600000000000003,
    2.4,
    2.52,
    2.56,
    2.68,
    2.6800000000000006,
    2.8400000000000007
  ],
  "gate_trust_rate": NaN,
  "gated_prediction_accuracy": NaN,
  "signal_accuracy": NaN,
  "tom_belief_accuracy_in_gated": NaN,
  "dp_conflict_rate": NaN,
  "dp_intervention_rate": NaN,
  "cell": "het_notom",
  "wall_time_s": 75.22804093360901,
  "config": {
    "game": "public_goods",
    "n_agents": 4,
    "horizon": 5,
    "memory": 2,
    "models_homo": "Qwen/Qwen2.5-7B-Instruct",
    "temp_homo": 0.7,
    "tom_order": 1,
    "seed": 44,
    "cell_name": "het_notom",
    "gate_trust_threshold": 0.6,
    "gate_ema_alpha": 0.3,
    "atom_warmup": 3,
    "homogeneous": false,
    "use_tom": false,
    "use_talk": false,
    "adaptive_tom": false
  },
  "team_mean_payoff": 2.4590000000000005
}