{
  "perspective_diversity": 0.6581175523695614,
  "cooperation_payoff": 2.5660000000000003,
  "cooperation_payoff_ci": [
    2.528,
    2.6000000000000005
  ],
  "equilibrium_convergence": 0.94,
  "tom_prediction_accuracy": 0.8441666666666666,
  "tom_prediction_accuracy_ci": [
    0.8233333333333334,
    0.8641666666666666
  ],
  "n_episodes": 20,
  "action_dist_agent1": [
    0.97,
    0.03
  ],
  "per_episode_payoffs": [
    2.4799999999999995,
    2.7600000000000002,
    2.3600000000000003,
    2.6,
    2.6,
    2.6,
    2.6,
    2.6,
    2.6,
    2.6,
    2.6,
    2.6,
    2.6,
    2.5200000000000005,
    2.52,
    2.6,
    2.5200000000000005,
    2.44,
    2.52,
    2.6
  ],
  "gate_trust_rate": 0.9,
  "gated_prediction_accuracy": 0.7777777777777778,
  "signal_accuracy": 0.8333333333333334,
  "tom_belief_accuracy_in_gated": 0.6666666666666666,
  "dp_conflict_rate": 0.24444444444444444,
  "dp_intervention_rate": 0.24444444444444444,
  "cell": "het_gsaca",
  "gsaca_detected_structure": "coord",
  "gsaca_oracle_structure": "coord",
  "gsaca_detection_correct": true,
  "gsaca_split_score": -0.16666666666666652,
  "gsaca_warmup_episodes": 3,
  "gsaca_n_observations": 15,
  "wall_time_s": 2742.3571150302887,
  "config": {
    "game": "public_goods",
    "n_agents": 4,
    "horizon": 5,
    "memory": 2,
    "models_homo": "Qwen/Qwen2.5-7B-Instruct",
    "temp_homo": 0.7,
    "tom_order": 1,
    "seed": 45,
    "cell_name": "het_gsaca",
    "gate_trust_threshold": 0.6,
    "gate_ema_alpha": 0.3,
    "atom_warmup": 3,
    "homogeneous": false,
    "use_tom": true,
    "use_talk": true,
    "adaptive_tom": true,
    "gated_talk_tom": true,
    "diversity_preserving_gate": true
  },
  "team_mean_payoff": 2.576
}