{
  "perspective_diversity": 0.053007272966198615,
  "cooperation_payoff": 2.5460000000000003,
  "cooperation_payoff_ci": [
    2.5120000000000005,
    2.5760000000000005
  ],
  "equilibrium_convergence": 0.98,
  "tom_prediction_accuracy": 0.8058333333333333,
  "tom_prediction_accuracy_ci": [
    0.7849791666666668,
    0.8266666666666667
  ],
  "n_episodes": 20,
  "action_dist_agent1": [
    0.97,
    0.03
  ],
  "per_episode_payoffs": [
    2.3600000000000003,
    2.56,
    2.6399999999999997,
    2.6,
    2.6,
    2.52,
    2.6,
    2.44,
    2.6,
    2.6,
    2.6,
    2.4400000000000004,
    2.52,
    2.6,
    2.6,
    2.6,
    2.4400000000000004,
    2.48,
    2.52,
    2.6
  ],
  "gate_trust_rate": 0.9,
  "gated_prediction_accuracy": 0.7722222222222223,
  "signal_accuracy": 0.85,
  "tom_belief_accuracy_in_gated": 0.6555555555555556,
  "dp_conflict_rate": 0.35,
  "dp_intervention_rate": 0.35,
  "cell": "het_gsaca",
  "gsaca_detected_structure": "coord",
  "gsaca_oracle_structure": "coord",
  "gsaca_detection_correct": true,
  "gsaca_split_score": -0.1499999999999999,
  "gsaca_warmup_episodes": 3,
  "gsaca_n_observations": 15,
  "wall_time_s": 2578.144138097763,
  "config": {
    "game": "public_goods",
    "n_agents": 4,
    "horizon": 5,
    "memory": 2,
    "models_homo": "Qwen/Qwen2.5-7B-Instruct",
    "temp_homo": 0.7,
    "tom_order": 1,
    "seed": 58,
    "cell_name": "het_gsaca",
    "gate_trust_threshold": 0.6,
    "gate_ema_alpha": 0.3,
    "atom_warmup": 3,
    "homogeneous": false,
    "use_tom": true,
    "use_talk": true,
    "adaptive_tom": true,
    "gated_talk_tom": true,
    "diversity_preserving_gate": true
  },
  "team_mean_payoff": 2.5685
}