{
  "perspective_diversity": 0.03489976475244233,
  "cooperation_payoff": 2.8333333333333335,
  "cooperation_payoff_ci": [
    2.453166666666667,
    3.2000000000000006
  ],
  "equilibrium_convergence": 0.88,
  "tom_prediction_accuracy": 0.5766666666666667,
  "tom_prediction_accuracy_ci": [
    0.5166666666666667,
    0.6300833333333329
  ],
  "n_episodes": 30,
  "action_dist_agent1": [
    0.5533333333333333,
    0.44666666666666666
  ],
  "per_episode_payoffs": [
    3.4,
    2.4,
    2.2,
    1.0,
    2.0,
    2.8,
    2.0,
    4.2,
    4.2,
    3.0,
    3.6,
    1.6,
    4.6,
    3.8,
    3.0,
    2.8,
    2.6,
    3.8,
    3.4,
    0.6,
    2.8,
    3.8,
    3.4,
    2.8,
    1.8,
    3.0,
    1.0,
    1.4,
    3.4,
    4.6
  ],
  "gate_trust_rate": 0.7933333333333333,
  "gated_prediction_accuracy": 0.6,
  "signal_accuracy": 0.6266666666666667,
  "tom_belief_accuracy_in_gated": 0.5766666666666667,
  "dp_conflict_rate": 0.41,
  "dp_intervention_rate": 0.41,
  "cell": "hom_dp_gated_atom_talk",
  "wall_time_s": 1108.0232887268066,
  "config": {
    "game": "chicken",
    "n_agents": 2,
    "horizon": 5,
    "memory": 2,
    "models_homo": "THUDM/GLM-4-9B-0414",
    "temp_homo": 0.7,
    "tom_order": 1,
    "seed": 42,
    "cell_name": "hom_dp_gated_atom_talk",
    "gate_trust_threshold": 0.6,
    "gate_ema_alpha": 0.3,
    "atom_warmup": 3,
    "homogeneous": true,
    "use_tom": true,
    "use_talk": true,
    "adaptive_tom": true,
    "gated_talk_tom": true,
    "diversity_preserving_gate": true
  },
  "team_mean_payoff": 2.5799999999999996
}