{
  "perspective_diversity": 0.071491016450226,
  "cooperation_payoff": 2.5940000000000003,
  "cooperation_payoff_ci": [
    2.5360000000000005,
    2.65205
  ],
  "equilibrium_convergence": 0.94,
  "tom_prediction_accuracy": 0.6175,
  "tom_prediction_accuracy_ci": [
    0.5924791666666668,
    0.6433333333333333
  ],
  "n_episodes": 20,
  "action_dist_agent1": [
    0.77,
    0.23
  ],
  "per_episode_payoffs": [
    2.4800000000000004,
    2.84,
    2.64,
    2.56,
    2.76,
    2.6399999999999997,
    2.6399999999999997,
    2.7600000000000002,
    2.3200000000000003,
    2.56,
    2.48,
    2.4400000000000004,
    2.7199999999999998,
    2.4800000000000004,
    2.7199999999999998,
    2.6800000000000006,
    2.4800000000000004,
    2.4,
    2.5200000000000005,
    2.76
  ],
  "gate_trust_rate": 0.9433333333333334,
  "gated_prediction_accuracy": 0.7941666666666667,
  "signal_accuracy": 0.8425,
  "tom_belief_accuracy_in_gated": 0.6175,
  "dp_conflict_rate": 0.305,
  "dp_intervention_rate": 0.305,
  "cell": "het_dp_gated_atom_talk",
  "wall_time_s": 2872.7587394714355,
  "config": {
    "game": "public_goods",
    "n_agents": 4,
    "horizon": 5,
    "memory": 2,
    "models_homo": "Qwen/Qwen2.5-7B-Instruct",
    "temp_homo": 0.7,
    "tom_order": 1,
    "seed": 56,
    "cell_name": "het_dp_gated_atom_talk",
    "gate_trust_threshold": 0.6,
    "gate_ema_alpha": 0.3,
    "atom_warmup": 3,
    "homogeneous": false,
    "use_tom": true,
    "use_talk": true,
    "adaptive_tom": true,
    "gated_talk_tom": true,
    "diversity_preserving_gate": true
  },
  "team_mean_payoff": 2.5115000000000003
}