{
  "perspective_diversity": 0.31293681453430133,
  "cooperation_payoff": 1.8933333333333335,
  "cooperation_payoff_ci": [
    1.6398333333333333,
    2.1599999999999997
  ],
  "equilibrium_convergence": 0.9466666666666668,
  "tom_prediction_accuracy": 0.6833333333333333,
  "tom_prediction_accuracy_ci": [
    0.63,
    0.7366666666666667
  ],
  "n_episodes": 30,
  "action_dist_agent1": [
    0.41333333333333333,
    0.5866666666666667
  ],
  "per_episode_payoffs": [
    1.6,
    1.0,
    1.2,
    2.8,
    1.4,
    0.6,
    2.0,
    0.8,
    2.8,
    1.0,
    2.8,
    2.8,
    1.8,
    1.2,
    1.8,
    2.2,
    0.8,
    2.0,
    2.8,
    2.0,
    2.8,
    2.6,
    1.6,
    2.8,
    1.8,
    2.8,
    1.6,
    1.6,
    2.6,
    1.2
  ],
  "gate_trust_rate": 0.8533333333333334,
  "gated_prediction_accuracy": 0.66,
  "signal_accuracy": 0.6266666666666667,
  "tom_belief_accuracy_in_gated": 0.6833333333333333,
  "dp_conflict_rate": 0.33,
  "dp_intervention_rate": 0.33,
  "cell": "het_3arm",
  "gsaca_detected_structure": "anti_coord",
  "gsaca_oracle_structure": "anti_coord",
  "gsaca_detection_correct": true,
  "gsaca_split_score": 0.5909090909090909,
  "gsaca_warmup_episodes": 5,
  "gsaca_n_observations": 25,
  "gsaca_3arm_selected": "CGA",
  "gsaca_3arm_tau": 0.2,
  "wall_time_s": 425.0765585899353,
  "config": {
    "game": "hawk_dove",
    "n_agents": 2,
    "horizon": 5,
    "memory": 2,
    "models_homo": "Qwen/Qwen2.5-7B-Instruct",
    "temp_homo": 0.7,
    "tom_order": 1,
    "seed": 42,
    "cell_name": "het_3arm",
    "gate_trust_threshold": 0.6,
    "gate_ema_alpha": 0.3,
    "atom_warmup": 3,
    "homogeneous": false,
    "use_tom": true,
    "use_talk": true,
    "adaptive_tom": true,
    "gated_talk_tom": true,
    "diversity_preserving_gate": true
  },
  "team_mean_payoff": 1.3433333333333335
}