{
  "perspective_diversity": 0.3007700712250627,
  "cooperation_payoff": 3.019999999999999,
  "cooperation_payoff_ci": [
    2.6466666666666665,
    3.399999999999999
  ],
  "equilibrium_convergence": 0.9866666666666667,
  "tom_prediction_accuracy": 0.6966666666666667,
  "tom_prediction_accuracy_ci": [
    0.6433333333333333,
    0.75
  ],
  "n_episodes": 30,
  "action_dist_agent1": [
    0.2866666666666667,
    0.7133333333333334
  ],
  "per_episode_payoffs": [
    2.2,
    3.6,
    3.2,
    3.6,
    2.2,
    3.6,
    4.6,
    2.2,
    2.6,
    4.6,
    2.6,
    1.8,
    2.6,
    2.0,
    1.8,
    4.2,
    1.2,
    2.8,
    4.6,
    2.0,
    2.2,
    3.6,
    3.6,
    3.6,
    2.6,
    2.2,
    1.0,
    4.6,
    4.6,
    4.6
  ],
  "gate_trust_rate": 0.9133333333333333,
  "gated_prediction_accuracy": 0.66,
  "signal_accuracy": 0.68,
  "tom_belief_accuracy_in_gated": 0.6966666666666667,
  "dp_conflict_rate": 0.27,
  "dp_intervention_rate": 0.27,
  "cell": "het_dp_gated_atom_talk",
  "wall_time_s": 478.70939445495605,
  "config": {
    "game": "chicken",
    "n_agents": 2,
    "horizon": 5,
    "memory": 2,
    "models_homo": "Qwen/Qwen2.5-7B-Instruct",
    "temp_homo": 0.7,
    "tom_order": 1,
    "seed": 58,
    "cell_name": "het_dp_gated_atom_talk",
    "gate_trust_threshold": 0.6,
    "gate_ema_alpha": 0.3,
    "atom_warmup": 3,
    "homogeneous": false,
    "use_tom": true,
    "use_talk": true,
    "adaptive_tom": true,
    "gated_talk_tom": true,
    "diversity_preserving_gate": true
  },
  "team_mean_payoff": 2.26
}