{
  "perspective_diversity": 0.0528029421491962,
  "cooperation_payoff": 2.563999999999999,
  "cooperation_payoff_ci": [
    2.5306666666666664,
    2.594666666666666
  ],
  "equilibrium_convergence": 0.9066666666666666,
  "tom_prediction_accuracy": 0.8038888888888889,
  "tom_prediction_accuracy_ci": [
    0.7855555555555556,
    0.8227777777777778
  ],
  "n_episodes": 30,
  "action_dist_agent1": [
    0.9533333333333334,
    0.04666666666666667
  ],
  "per_episode_payoffs": [
    2.2800000000000002,
    2.7199999999999998,
    2.8,
    2.6,
    2.56,
    2.4400000000000004,
    2.52,
    2.6,
    2.4400000000000004,
    2.52,
    2.4400000000000004,
    2.52,
    2.6,
    2.6,
    2.52,
    2.6,
    2.6,
    2.6,
    2.6,
    2.6,
    2.6,
    2.6,
    2.6,
    2.6,
    2.44,
    2.6,
    2.6,
    2.6,
    2.52,
    2.6
  ],
  "gate_trust_rate": 0.8833333333333333,
  "gated_prediction_accuracy": 0.71,
  "signal_accuracy": 0.78,
  "tom_belief_accuracy_in_gated": 0.5866666666666667,
  "dp_conflict_rate": 0.38,
  "dp_intervention_rate": 0.38,
  "cell": "het_3arm",
  "gsaca_detected_structure": "coord",
  "gsaca_oracle_structure": "coord",
  "gsaca_detection_correct": true,
  "gsaca_split_score": -0.1928571428571435,
  "gsaca_warmup_episodes": 5,
  "gsaca_n_observations": 25,
  "gsaca_3arm_selected": "Gated",
  "gsaca_3arm_tau": 0.0,
  "wall_time_s": 4010.8932344913483,
  "config": {
    "game": "public_goods",
    "n_agents": 4,
    "horizon": 5,
    "memory": 2,
    "models_homo": "Qwen/Qwen2.5-7B-Instruct",
    "temp_homo": 0.7,
    "tom_order": 1,
    "seed": 46,
    "cell_name": "het_3arm",
    "gate_trust_threshold": 0.6,
    "gate_ema_alpha": 0.3,
    "atom_warmup": 3,
    "homogeneous": false,
    "use_tom": true,
    "use_talk": true,
    "adaptive_tom": true,
    "gated_talk_tom": true,
    "diversity_preserving_gate": true
  },
  "team_mean_payoff": 2.5689999999999995
}