{
  "perspective_diversity": 0.03218327291933251,
  "cooperation_payoff": 2.566,
  "cooperation_payoff_ci": [
    2.5160000000000005,
    2.608
  ],
  "equilibrium_convergence": 0.9,
  "tom_prediction_accuracy": 0.81,
  "tom_prediction_accuracy_ci": [
    0.7866666666666666,
    0.8316666666666667
  ],
  "n_episodes": 20,
  "action_dist_agent1": [
    0.95,
    0.05
  ],
  "per_episode_payoffs": [
    2.7199999999999998,
    2.6799999999999997,
    2.6799999999999997,
    2.4400000000000004,
    2.6,
    2.2800000000000002,
    2.6,
    2.6,
    2.6,
    2.6,
    2.6,
    2.52,
    2.3600000000000003,
    2.6,
    2.6,
    2.6,
    2.6,
    2.44,
    2.6,
    2.6
  ],
  "gate_trust_rate": 0.9388888888888889,
  "gated_prediction_accuracy": 0.7944444444444444,
  "signal_accuracy": 0.8333333333333334,
  "tom_belief_accuracy_in_gated": 0.6222222222222222,
  "dp_conflict_rate": 0.3,
  "dp_intervention_rate": 0.3,
  "cell": "het_gsaca",
  "gsaca_detected_structure": "coord",
  "gsaca_oracle_structure": "coord",
  "gsaca_detection_correct": true,
  "gsaca_split_score": -0.19285714285714262,
  "gsaca_warmup_episodes": 3,
  "gsaca_n_observations": 15,
  "wall_time_s": 2637.0543820858,
  "config": {
    "game": "public_goods",
    "n_agents": 4,
    "horizon": 5,
    "memory": 2,
    "models_homo": "Qwen/Qwen2.5-7B-Instruct",
    "temp_homo": 0.7,
    "tom_order": 1,
    "seed": 45,
    "cell_name": "het_gsaca",
    "gate_trust_threshold": 0.6,
    "gate_ema_alpha": 0.3,
    "atom_warmup": 3,
    "homogeneous": false,
    "use_tom": true,
    "use_talk": true,
    "adaptive_tom": true,
    "gated_talk_tom": true,
    "diversity_preserving_gate": true
  },
  "team_mean_payoff": 2.5685000000000002
}