{
  "perspective_diversity": 0.11764382683091326,
  "cooperation_payoff": 1.693333333333333,
  "cooperation_payoff_ci": [
    1.3599999999999999,
    2.0266666666666664
  ],
  "equilibrium_convergence": 0.9199999999999999,
  "tom_prediction_accuracy": 0.6366666666666667,
  "tom_prediction_accuracy_ci": [
    0.5833333333333334,
    0.69
  ],
  "n_episodes": 30,
  "action_dist_agent1": [
    0.4666666666666667,
    0.5333333333333333
  ],
  "per_episode_payoffs": [
    2.6,
    1.6,
    1.4,
    1.2,
    1.6,
    0.2,
    0.2,
    2.8,
    2.8,
    0.0,
    1.0,
    2.8,
    0.6,
    1.0,
    2.8,
    1.0,
    1.2,
    1.6,
    2.2,
    1.8,
    2.6,
    2.8,
    0.8,
    1.2,
    2.4,
    2.8,
    2.8,
    1.6,
    2.8,
    0.6
  ],
  "gate_trust_rate": 0.84,
  "gated_prediction_accuracy": 0.6333333333333333,
  "signal_accuracy": 0.62,
  "tom_belief_accuracy_in_gated": 0.6366666666666667,
  "dp_conflict_rate": 0.3566666666666667,
  "dp_intervention_rate": 0.3566666666666667,
  "cell": "het_gsaca",
  "gsaca_detected_structure": "anti_coord",
  "gsaca_oracle_structure": "anti_coord",
  "gsaca_detection_correct": true,
  "gsaca_split_score": 0.5,
  "gsaca_warmup_episodes": 5,
  "gsaca_n_observations": 25,
  "wall_time_s": 456.6326193809509,
  "config": {
    "game": "hawk_dove",
    "n_agents": 2,
    "horizon": 5,
    "memory": 2,
    "models_homo": "Qwen/Qwen2.5-7B-Instruct",
    "temp_homo": 0.7,
    "tom_order": 1,
    "seed": 50,
    "cell_name": "het_gsaca",
    "gate_trust_threshold": 0.6,
    "gate_ema_alpha": 0.3,
    "atom_warmup": 3,
    "homogeneous": false,
    "use_tom": true,
    "use_talk": true,
    "adaptive_tom": true,
    "gated_talk_tom": true,
    "diversity_preserving_gate": true
  },
  "team_mean_payoff": 1.3433333333333335
}