{
  "perspective_diversity": 0.002222815119353752,
  "cooperation_payoff": 2.173333333333333,
  "cooperation_payoff_ci": [
    1.9333333333333331,
    2.4068333333333323
  ],
  "equilibrium_convergence": 0.9733333333333334,
  "tom_prediction_accuracy": 0.5266666666666666,
  "tom_prediction_accuracy_ci": [
    0.47,
    0.5866666666666667
  ],
  "n_episodes": 30,
  "action_dist_agent1": [
    0.52,
    0.48
  ],
  "per_episode_payoffs": [
    3.0,
    2.4,
    2.8,
    2.8,
    2.4,
    1.4,
    1.8,
    2.6,
    1.2,
    2.0,
    1.0,
    1.0,
    3.2,
    1.8,
    1.2,
    1.6,
    1.2,
    1.8,
    2.4,
    2.8,
    2.8,
    2.4,
    3.0,
    2.0,
    2.8,
    3.0,
    2.2,
    1.4,
    2.2,
    3.0
  ],
  "gate_trust_rate": 0.71,
  "gated_prediction_accuracy": 0.5533333333333333,
  "signal_accuracy": 0.57,
  "tom_belief_accuracy_in_gated": 0.5266666666666666,
  "dp_conflict_rate": 0.5166666666666667,
  "dp_intervention_rate": 0.5166666666666667,
  "cell": "het_gated_atom_talk",
  "wall_time_s": 519.928240776062,
  "config": {
    "game": "chicken",
    "n_agents": 2,
    "horizon": 5,
    "memory": 2,
    "models_homo": "Qwen/Qwen2.5-7B-Instruct",
    "temp_homo": 0.7,
    "tom_order": 1,
    "seed": 46,
    "cell_name": "het_gated_atom_talk",
    "gate_trust_threshold": 0.6,
    "gate_ema_alpha": 0.3,
    "atom_warmup": 3,
    "homogeneous": false,
    "use_tom": true,
    "use_talk": true,
    "adaptive_tom": true,
    "gated_talk_tom": true,
    "diversity_preserving_gate": false
  },
  "team_mean_payoff": 2.2399999999999998
}