{
  "perspective_diversity": 0.18364054659164397,
  "cooperation_payoff": 1.6800000000000002,
  "cooperation_payoff_ci": [
    1.4000000000000001,
    1.9468333333333327
  ],
  "equilibrium_convergence": 0.9866666666666666,
  "tom_prediction_accuracy": 0.6133333333333333,
  "tom_prediction_accuracy_ci": [
    0.5566666666666666,
    0.67
  ],
  "n_episodes": 30,
  "action_dist_agent1": [
    0.7933333333333333,
    0.20666666666666667
  ],
  "per_episode_payoffs": [
    2.2,
    2.8,
    1.0,
    2.6,
    0.6,
    2.2,
    1.6,
    1.2,
    2.6,
    1.0,
    0.6,
    2.2,
    1.2,
    2.2,
    0.6,
    0.0,
    1.6,
    2.2,
    1.6,
    1.0,
    1.6,
    1.6,
    1.2,
    2.8,
    1.6,
    2.8,
    1.2,
    1.6,
    2.2,
    2.8
  ],
  "gate_trust_rate": 0.96,
  "gated_prediction_accuracy": 0.7433333333333333,
  "signal_accuracy": 0.7566666666666667,
  "tom_belief_accuracy_in_gated": 0.6133333333333333,
  "dp_conflict_rate": 0.33666666666666667,
  "dp_intervention_rate": 0.33666666666666667,
  "cell": "het_dp_gated_atom_talk",
  "wall_time_s": 491.7388665676117,
  "config": {
    "game": "battle_of_the_sexes",
    "n_agents": 2,
    "horizon": 5,
    "memory": 2,
    "models_homo": "Qwen/Qwen2.5-7B-Instruct",
    "temp_homo": 0.7,
    "tom_order": 1,
    "seed": 45,
    "cell_name": "het_dp_gated_atom_talk",
    "gate_trust_threshold": 0.45,
    "gate_ema_alpha": 0.3,
    "atom_warmup": 3,
    "homogeneous": false,
    "use_tom": true,
    "use_talk": true,
    "adaptive_tom": true,
    "gated_talk_tom": true,
    "diversity_preserving_gate": true
  },
  "team_mean_payoff": 1.5333333333333334
}