{
  "perspective_diversity": 0.02423557785586959,
  "cooperation_payoff": 1.6140382439989518,
  "cooperation_payoff_ci": [
    1.2213154128190837,
    2.001122521441405
  ],
  "equilibrium_convergence": 0.9733333333333334,
  "tom_prediction_accuracy": 0.69,
  "tom_prediction_accuracy_ci": [
    0.6333333333333333,
    0.74
  ],
  "n_episodes": 30,
  "action_dist_agent1": [
    0.64,
    0.36
  ],
  "per_episode_payoffs": [
    2.041425856926728,
    3.7209943304180206,
    2.5742676042224675,
    -1.309591990892844,
    0.20033006996128244,
    3.2377865633105727,
    2.2358369234086193,
    1.2176350089551664,
    3.299865653557056,
    2.522388847884228,
    0.3700033181201791,
    0.7073568618138639,
    0.6067333855915279,
    1.349560203423194,
    1.9115924134175981,
    2.4872013400678363,
    1.508895872335677,
    2.901636429460787,
    1.7382877339912426,
    2.040551027353245,
    1.1487514819513276,
    2.297807245029292,
    1.590180718518689,
    0.9661405937336278,
    1.2736703467481223,
    2.441268280545432,
    0.08734762858003291,
    0.9745657661391156,
    0.7362878741634612,
    1.542369931233012
  ],
  "gate_trust_rate": 0.98,
  "gated_prediction_accuracy": 0.78,
  "signal_accuracy": 0.76,
  "tom_belief_accuracy_in_gated": 0.66,
  "dp_conflict_rate": 0.34,
  "dp_intervention_rate": 0.34,
  "cell": "het_gsaca",
  "gsaca_detected_structure": "coord",
  "gsaca_oracle_structure": "coord",
  "gsaca_detection_correct": true,
  "gsaca_split_score": -1.8964269406923744,
  "gsaca_warmup_episodes": 5,
  "gsaca_n_observations": 25,
  "wall_time_s": 502.35617852211,
  "config": {
    "game": "battle_of_the_sexes",
    "n_agents": 2,
    "horizon": 5,
    "memory": 2,
    "models_homo": "Qwen/Qwen2.5-7B-Instruct",
    "temp_homo": 0.7,
    "tom_order": 1,
    "seed": 44,
    "cell_name": "het_gsaca",
    "gate_trust_threshold": 0.6,
    "gate_ema_alpha": 0.3,
    "atom_warmup": 3,
    "homogeneous": false,
    "use_tom": true,
    "use_talk": true,
    "adaptive_tom": true,
    "gated_talk_tom": true,
    "diversity_preserving_gate": true
  },
  "team_mean_payoff": 1.5360724723191896
}