{
  "perspective_diversity": 0.38001939710610766,
  "cooperation_payoff": 1.2933333333333337,
  "cooperation_payoff_ci": [
    1.0000000000000002,
    1.5800000000000003
  ],
  "equilibrium_convergence": 0.9466666666666667,
  "tom_prediction_accuracy": 0.6266666666666667,
  "tom_prediction_accuracy_ci": [
    0.5766666666666667,
    0.68
  ],
  "n_episodes": 30,
  "action_dist_agent1": [
    0.8533333333333334,
    0.14666666666666667
  ],
  "per_episode_payoffs": [
    2.8,
    2.2,
    0.6,
    2.2,
    1.2,
    1.4,
    0.6,
    0.6,
    0.6,
    0.6,
    2.8,
    1.6,
    1.2,
    0.0,
    0.6,
    0.0,
    1.8,
    0.6,
    1.2,
    1.8,
    2.8,
    0.6,
    2.8,
    1.0,
    1.0,
    1.6,
    0.6,
    1.2,
    1.6,
    1.2
  ],
  "gate_trust_rate": 0.9,
  "gated_prediction_accuracy": 0.7,
  "signal_accuracy": 0.6933333333333334,
  "tom_belief_accuracy_in_gated": 0.6266666666666667,
  "dp_conflict_rate": 0.4,
  "dp_intervention_rate": 0.4,
  "cell": "het_dp_gated_atom_talk",
  "wall_time_s": 514.84947681427,
  "config": {
    "game": "battle_of_the_sexes",
    "n_agents": 2,
    "horizon": 5,
    "memory": 2,
    "models_homo": "Qwen/Qwen2.5-7B-Instruct",
    "temp_homo": 0.7,
    "tom_order": 1,
    "seed": 46,
    "cell_name": "het_dp_gated_atom_talk",
    "homogeneous": false,
    "use_tom": true,
    "use_talk": true,
    "adaptive_tom": true,
    "gated_talk_tom": true,
    "diversity_preserving_gate": true
  },
  "team_mean_payoff": 1.15
}