{
  "perspective_diversity": 0.33248392466676907,
  "cooperation_payoff": 2.9799999999999995,
  "cooperation_payoff_ci": [
    2.4864999999999995,
    3.466666666666666
  ],
  "equilibrium_convergence": 0.9466666666666667,
  "tom_prediction_accuracy": 0.6466666666666666,
  "tom_prediction_accuracy_ci": [
    0.59,
    0.6966666666666667
  ],
  "n_episodes": 30,
  "action_dist_agent1": [
    0.24,
    0.76
  ],
  "per_episode_payoffs": [
    4.0,
    0.8,
    1.6,
    1.2,
    4.6,
    2.6,
    2.6,
    2.2,
    4.2,
    1.2,
    1.8,
    4.6,
    4.6,
    2.2,
    4.6,
    3.6,
    4.6,
    4.6,
    1.0,
    2.6,
    4.6,
    3.6,
    5.0,
    3.0,
    3.6,
    3.6,
    0.8,
    1.2,
    1.6,
    3.2
  ],
  "gate_trust_rate": 0.77,
  "gated_prediction_accuracy": 0.6333333333333333,
  "signal_accuracy": 0.6233333333333333,
  "tom_belief_accuracy_in_gated": 0.6466666666666666,
  "dp_conflict_rate": 0.31666666666666665,
  "dp_intervention_rate": 0.31666666666666665,
  "cell": "het_dp_gated_atom_talk",
  "wall_time_s": 473.8265664577484,
  "config": {
    "game": "chicken",
    "n_agents": 2,
    "horizon": 5,
    "memory": 2,
    "models_homo": "Qwen/Qwen2.5-7B-Instruct",
    "temp_homo": 0.7,
    "tom_order": 1,
    "seed": 45,
    "cell_name": "het_dp_gated_atom_talk",
    "gate_trust_threshold": 0.75,
    "gate_ema_alpha": 0.3,
    "atom_warmup": 3,
    "homogeneous": false,
    "use_tom": true,
    "use_talk": true,
    "adaptive_tom": true,
    "gated_talk_tom": true,
    "diversity_preserving_gate": true
  },
  "team_mean_payoff": 2.18
}