{
  "perspective_diversity": 0.013423020308800009,
  "cooperation_payoff": 2.9035095609997374,
  "cooperation_payoff_ci": [
    2.74422754944389,
    3.011744767433544
  ],
  "equilibrium_convergence": 1.0,
  "tom_prediction_accuracy": 0.9966666666666667,
  "tom_prediction_accuracy_ci": [
    0.99,
    1.0
  ],
  "n_episodes": 30,
  "action_dist_agent1": [
    1.0,
    0.0
  ],
  "per_episode_payoffs": [
    3.210356464231682,
    3.230248582604505,
    3.2435669010556167,
    1.1726020022767891,
    2.5500825174903206,
    3.0594466408276433,
    3.1089592308521548,
    2.904408752238792,
    3.074966413389264,
    3.080597211971057,
    2.842500829530045,
    3.026839215453466,
    2.751683346397882,
    3.1873900508557984,
    3.0278981033543997,
    3.0218003350169593,
    2.877223968083919,
    3.1254091073651966,
    2.8345719334978106,
    3.110137756838311,
    2.687187870487832,
    3.124451811257323,
    2.9975451796296726,
    2.641535148433407,
    3.1684175866870308,
    3.010317070136358,
    2.7218369071450086,
    2.643641441534779,
    2.734071968540865,
    2.9355924828082527
  ],
  "gate_trust_rate": 1.0,
  "gated_prediction_accuracy": 0.96,
  "signal_accuracy": 0.96,
  "tom_belief_accuracy_in_gated": 0.98,
  "dp_conflict_rate": 0.02,
  "dp_intervention_rate": 0.02,
  "cell": "het_gsaca",
  "gsaca_detected_structure": "coord",
  "gsaca_oracle_structure": "coord",
  "gsaca_detection_correct": true,
  "gsaca_split_score": -2.226756684803582,
  "gsaca_warmup_episodes": 5,
  "gsaca_n_observations": 25,
  "wall_time_s": 533.6012263298035,
  "config": {
    "game": "stag_hunt",
    "n_agents": 2,
    "horizon": 5,
    "memory": 2,
    "models_homo": "Qwen/Qwen2.5-7B-Instruct",
    "temp_homo": 0.7,
    "tom_order": 1,
    "seed": 46,
    "cell_name": "het_gsaca",
    "gate_trust_threshold": 0.6,
    "gate_ema_alpha": 0.3,
    "atom_warmup": 3,
    "homogeneous": false,
    "use_tom": true,
    "use_talk": true,
    "adaptive_tom": true,
    "gated_talk_tom": true,
    "diversity_preserving_gate": true
  },
  "team_mean_payoff": 2.9448514514131308
}