{
  "perspective_diversity": 0.11705533240197191,
  "cooperation_payoff": 2.7599999999999993,
  "cooperation_payoff_ci": [
    2.3400000000000003,
    3.1599999999999993
  ],
  "equilibrium_convergence": 0.9333333333333333,
  "tom_prediction_accuracy": 0.6566666666666666,
  "tom_prediction_accuracy_ci": [
    0.6033333333333334,
    0.71
  ],
  "n_episodes": 30,
  "action_dist_agent1": [
    0.36666666666666664,
    0.6333333333333333
  ],
  "per_episode_payoffs": [
    2.6,
    4.6,
    2.6,
    3.2,
    1.2,
    0.6,
    2.8,
    3.6,
    1.4,
    4.6,
    1.6,
    2.0,
    2.6,
    2.0,
    1.6,
    3.2,
    0.6,
    4.6,
    2.0,
    2.6,
    3.6,
    3.4,
    3.6,
    2.2,
    3.6,
    4.6,
    4.6,
    1.2,
    3.6,
    2.4
  ],
  "gate_trust_rate": 0.8566666666666667,
  "gated_prediction_accuracy": 0.6466666666666666,
  "signal_accuracy": 0.65,
  "tom_belief_accuracy_in_gated": 0.6566666666666666,
  "dp_conflict_rate": 0.32666666666666666,
  "dp_intervention_rate": 0.32666666666666666,
  "cell": "het_3arm",
  "gsaca_detected_structure": "anti_coord",
  "gsaca_oracle_structure": "anti_coord",
  "gsaca_detection_correct": true,
  "gsaca_split_score": 2.1818181818181817,
  "gsaca_warmup_episodes": 5,
  "gsaca_n_observations": 25,
  "gsaca_3arm_selected": "CGA",
  "gsaca_3arm_tau": 0.0,
  "wall_time_s": 397.4907257556915,
  "config": {
    "game": "chicken",
    "n_agents": 2,
    "horizon": 5,
    "memory": 2,
    "models_homo": "Qwen/Qwen2.5-7B-Instruct",
    "temp_homo": 0.7,
    "tom_order": 1,
    "seed": 43,
    "cell_name": "het_3arm",
    "gate_trust_threshold": 0.6,
    "gate_ema_alpha": 0.3,
    "atom_warmup": 3,
    "homogeneous": false,
    "use_tom": true,
    "use_talk": true,
    "adaptive_tom": true,
    "gated_talk_tom": true,
    "diversity_preserving_gate": true
  },
  "team_mean_payoff": 2.2800000000000002
}