{
  "perspective_diversity": 0.06321489271285405,
  "cooperation_payoff": 1.4866666666666668,
  "cooperation_payoff_ci": [
    1.2066666666666666,
    1.7733333333333334
  ],
  "equilibrium_convergence": 0.9866666666666667,
  "tom_prediction_accuracy": 0.62,
  "tom_prediction_accuracy_ci": [
    0.5666666666666667,
    0.6733333333333333
  ],
  "n_episodes": 30,
  "action_dist_agent1": [
    0.4866666666666667,
    0.5133333333333333
  ],
  "per_episode_payoffs": [
    0.6,
    1.6,
    -0.2,
    0.2,
    1.2,
    2.0,
    1.0,
    2.4,
    2.0,
    1.2,
    1.2,
    1.6,
    1.6,
    1.6,
    2.8,
    0.8,
    0.6,
    1.8,
    1.6,
    2.8,
    0.6,
    2.4,
    2.8,
    1.8,
    2.0,
    0.2,
    1.4,
    0.6,
    2.4,
    2.0
  ],
  "gate_trust_rate": 0.8433333333333334,
  "gated_prediction_accuracy": 0.61,
  "signal_accuracy": 0.6066666666666667,
  "tom_belief_accuracy_in_gated": 0.62,
  "dp_conflict_rate": 0.4066666666666667,
  "dp_intervention_rate": 0.4066666666666667,
  "cell": "het_dp_gated_atom_talk",
  "wall_time_s": 467.591970205307,
  "config": {
    "game": "hawk_dove",
    "n_agents": 2,
    "horizon": 5,
    "memory": 2,
    "models_homo": "Qwen/Qwen2.5-7B-Instruct",
    "temp_homo": 0.7,
    "tom_order": 1,
    "seed": 44,
    "cell_name": "het_dp_gated_atom_talk",
    "homogeneous": false,
    "use_tom": true,
    "use_talk": true,
    "adaptive_tom": true,
    "gated_talk_tom": true,
    "diversity_preserving_gate": true
  },
  "team_mean_payoff": 1.2266666666666668
}