{
  "perspective_diversity": 0.17273490871314418,
  "cooperation_payoff": 2.250176227666405,
  "cooperation_payoff_ci": [
    2.0132327650127486,
    2.4915188657645397
  ],
  "equilibrium_convergence": 0.96,
  "tom_prediction_accuracy": 0.6733333333333333,
  "tom_prediction_accuracy_ci": [
    0.62,
    0.7266666666666667
  ],
  "n_episodes": 30,
  "action_dist_agent1": [
    0.3933333333333333,
    0.6066666666666667
  ],
  "per_episode_payoffs": [
    2.010356464231682,
    3.830248582604505,
    3.043566901055617,
    1.9726020022767892,
    2.150082517490321,
    2.0594466408276433,
    0.9089592308521549,
    1.7044087522387918,
    1.874966413389264,
    2.480597211971057,
    2.042500829530045,
    3.626839215453466,
    2.151683346397882,
    2.7873900508557985,
    1.2278981033543994,
    2.6218003350169594,
    1.477223968083919,
    1.9254091073651967,
    1.8345719334978106,
    2.110137756838311,
    2.287187870487832,
    1.9244518112573228,
    2.9975451796296726,
    2.241535148433407,
    3.1684175866870308,
    3.010317070136358,
    1.7218369071450084,
    1.4436414415347791,
    2.7340719685408654,
    2.135592482808253
  ],
  "gate_trust_rate": 0.9666666666666667,
  "gated_prediction_accuracy": 0.75,
  "signal_accuracy": 0.7366666666666667,
  "tom_belief_accuracy_in_gated": 0.6733333333333333,
  "dp_conflict_rate": 0.25666666666666665,
  "dp_intervention_rate": 0.25666666666666665,
  "cell": "het_gsaca",
  "gsaca_detected_structure": "anti_coord",
  "gsaca_oracle_structure": "anti_coord",
  "gsaca_detection_correct": true,
  "gsaca_split_score": 0.2898394279782439,
  "gsaca_warmup_episodes": 5,
  "gsaca_n_observations": 25,
  "wall_time_s": 475.1149458885193,
  "config": {
    "game": "deadlock",
    "n_agents": 2,
    "horizon": 5,
    "memory": 2,
    "models_homo": "Qwen/Qwen2.5-7B-Instruct",
    "temp_homo": 0.7,
    "tom_order": 1,
    "seed": 44,
    "cell_name": "het_gsaca",
    "gate_trust_threshold": 0.6,
    "gate_ema_alpha": 0.3,
    "atom_warmup": 3,
    "homogeneous": false,
    "use_tom": true,
    "use_talk": true,
    "adaptive_tom": true,
    "gated_talk_tom": true,
    "diversity_preserving_gate": true
  },
  "team_mean_payoff": 1.704851451413131
}