{
  "perspective_diversity": 0.02004835219577404,
  "cooperation_payoff": 0.8933333333333334,
  "cooperation_payoff_ci": [
    0.7066666666666669,
    1.0799999999999998
  ],
  "equilibrium_convergence": 0.92,
  "tom_prediction_accuracy": 0.42333333333333334,
  "tom_prediction_accuracy_ci": [
    0.37,
    0.4766666666666667
  ],
  "n_episodes": 30,
  "action_dist_agent1": [
    0.5733333333333334,
    0.4266666666666667
  ],
  "per_episode_payoffs": [
    0.6,
    0.6,
    0.8,
    1.4,
    0.8,
    0.6,
    1.2,
    0.0,
    0.8,
    2.2,
    1.2,
    1.0,
    0.6,
    2.2,
    0.6,
    0.6,
    -0.2,
    1.6,
    0.8,
    0.8,
    0.6,
    0.8,
    1.6,
    1.4,
    0.2,
    0.8,
    0.8,
    0.8,
    1.0,
    0.6
  ],
  "gate_trust_rate": 0.59,
  "gated_prediction_accuracy": 0.5133333333333333,
  "signal_accuracy": 0.5033333333333333,
  "tom_belief_accuracy_in_gated": 0.42333333333333334,
  "dp_conflict_rate": 0.6533333333333333,
  "dp_intervention_rate": 0.6533333333333333,
  "cell": "hom_gated_atom_talk",
  "wall_time_s": 552.3524959087372,
  "config": {
    "game": "hawk_dove",
    "n_agents": 2,
    "horizon": 5,
    "memory": 2,
    "models_homo": "Qwen/Qwen2.5-7B-Instruct",
    "temp_homo": 0.7,
    "tom_order": 1,
    "seed": 43,
    "cell_name": "hom_gated_atom_talk",
    "gate_trust_threshold": 0.6,
    "gate_ema_alpha": 0.3,
    "atom_warmup": 3,
    "homogeneous": true,
    "use_tom": true,
    "use_talk": true,
    "adaptive_tom": true,
    "gated_talk_tom": true,
    "diversity_preserving_gate": false
  },
  "team_mean_payoff": 1.0433333333333332
}