{
  "perspective_diversity": 0.11940360422708313,
  "cooperation_payoff": 1.4533333333333334,
  "cooperation_payoff_ci": [
    1.1733333333333331,
    1.76
  ],
  "equilibrium_convergence": 0.9199999999999999,
  "tom_prediction_accuracy": 0.5833333333333334,
  "tom_prediction_accuracy_ci": [
    0.5266666666666666,
    0.64
  ],
  "n_episodes": 30,
  "action_dist_agent1": [
    0.41333333333333333,
    0.5866666666666667
  ],
  "per_episode_payoffs": [
    1.2,
    0.8,
    1.8,
    1.6,
    0.8,
    2.0,
    2.8,
    0.0,
    0.4,
    2.0,
    1.2,
    -0.2,
    1.2,
    0.6,
    1.2,
    2.8,
    2.8,
    1.6,
    1.8,
    2.4,
    0.8,
    2.8,
    0.4,
    1.6,
    2.0,
    1.0,
    2.6,
    1.2,
    2.0,
    0.4
  ],
  "gate_trust_rate": 0.8433333333333334,
  "gated_prediction_accuracy": 0.5833333333333334,
  "signal_accuracy": 0.6133333333333333,
  "tom_belief_accuracy_in_gated": 0.5833333333333334,
  "dp_conflict_rate": 0.3233333333333333,
  "dp_intervention_rate": 0.3233333333333333,
  "cell": "het_gsaca",
  "gsaca_detected_structure": "anti_coord",
  "gsaca_oracle_structure": "anti_coord",
  "gsaca_detection_correct": true,
  "gsaca_split_score": 0.3181818181818181,
  "gsaca_warmup_episodes": 5,
  "gsaca_n_observations": 25,
  "wall_time_s": 477.02232837677,
  "config": {
    "game": "hawk_dove",
    "n_agents": 2,
    "horizon": 5,
    "memory": 2,
    "models_homo": "Qwen/Qwen2.5-7B-Instruct",
    "temp_homo": 0.7,
    "tom_order": 1,
    "seed": 46,
    "cell_name": "het_gsaca",
    "gate_trust_threshold": 0.6,
    "gate_ema_alpha": 0.3,
    "atom_warmup": 3,
    "homogeneous": false,
    "use_tom": true,
    "use_talk": true,
    "adaptive_tom": true,
    "gated_talk_tom": true,
    "diversity_preserving_gate": true
  },
  "team_mean_payoff": 1.0933333333333333
}