{
  "perspective_diversity": 0.1001938631120553,
  "cooperation_payoff": -5.551115123125783e-18,
  "cooperation_payoff_ci": [
    -0.1733333333333333,
    0.1733333333333333
  ],
  "equilibrium_convergence": 0.9466666666666667,
  "tom_prediction_accuracy": 0.5466666666666666,
  "tom_prediction_accuracy_ci": [
    0.49,
    0.6033333333333334
  ],
  "n_episodes": 30,
  "action_dist_agent1": [
    0.28,
    0.72
  ],
  "per_episode_payoffs": [
    0.6,
    0.6,
    -0.6,
    0.2,
    -0.6,
    0.2,
    -0.6,
    0.2,
    -1.0,
    -0.2,
    -0.2,
    -0.2,
    0.6,
    -0.6,
    0.2,
    0.2,
    0.2,
    0.2,
    0.2,
    0.2,
    0.2,
    0.6,
    0.6,
    -1.0,
    0.6,
    0.2,
    0.2,
    -0.2,
    -0.6,
    -0.2
  ],
  "gate_trust_rate": 0.6133333333333333,
  "gated_prediction_accuracy": 0.5433333333333333,
  "signal_accuracy": 0.4633333333333333,
  "tom_belief_accuracy_in_gated": 0.5466666666666666,
  "dp_conflict_rate": 0.55,
  "dp_intervention_rate": 0.55,
  "cell": "het_gated_atom_talk",
  "wall_time_s": 505.322998046875,
  "config": {
    "game": "matching_pennies",
    "n_agents": 2,
    "horizon": 5,
    "memory": 2,
    "models_homo": "Qwen/Qwen2.5-7B-Instruct",
    "temp_homo": 0.7,
    "tom_order": 1,
    "seed": 46,
    "cell_name": "het_gated_atom_talk",
    "gate_trust_threshold": 0.6,
    "gate_ema_alpha": 0.3,
    "atom_warmup": 3,
    "homogeneous": false,
    "use_tom": true,
    "use_talk": true,
    "adaptive_tom": true,
    "gated_talk_tom": true,
    "diversity_preserving_gate": false
  },
  "team_mean_payoff": 0.0
}