{
  "perspective_diversity": 0.19855366718967835,
  "cooperation_payoff": 1.7000000000000004,
  "cooperation_payoff_ci": [
    1.4733333333333334,
    1.9266666666666665
  ],
  "equilibrium_convergence": 1.0,
  "tom_prediction_accuracy": 0.5833333333333334,
  "tom_prediction_accuracy_ci": [
    0.5266666666666666,
    0.6366666666666667
  ],
  "n_episodes": 30,
  "action_dist_agent1": [
    0.7866666666666666,
    0.21333333333333335
  ],
  "per_episode_payoffs": [
    2.2,
    2.2,
    1.4,
    1.6,
    1.6,
    0.6,
    2.2,
    2.2,
    1.0,
    2.8,
    1.8,
    0.6,
    2.8,
    1.6,
    1.6,
    2.2,
    1.6,
    1.6,
    0.6,
    1.0,
    2.6,
    0.6,
    1.0,
    1.6,
    2.2,
    2.2,
    1.6,
    1.6,
    2.2,
    2.2
  ],
  "gate_trust_rate": 0.97,
  "gated_prediction_accuracy": 0.7633333333333333,
  "signal_accuracy": 0.78,
  "tom_belief_accuracy_in_gated": 0.5833333333333334,
  "dp_conflict_rate": 0.3433333333333333,
  "dp_intervention_rate": 0.3433333333333333,
  "cell": "het_dp_gated_atom_talk",
  "wall_time_s": 470.79265570640564,
  "config": {
    "game": "battle_of_the_sexes",
    "n_agents": 2,
    "horizon": 5,
    "memory": 2,
    "models_homo": "Qwen/Qwen2.5-7B-Instruct",
    "temp_homo": 0.7,
    "tom_order": 1,
    "seed": 42,
    "cell_name": "het_dp_gated_atom_talk",
    "gate_trust_threshold": 0.45,
    "gate_ema_alpha": 0.3,
    "atom_warmup": 3,
    "homogeneous": false,
    "use_tom": true,
    "use_talk": true,
    "adaptive_tom": true,
    "gated_talk_tom": true,
    "diversity_preserving_gate": true
  },
  "team_mean_payoff": 1.5666666666666667
}