{
  "perspective_diversity": 0.04839959003700736,
  "cooperation_payoff": 1.3368428943330715,
  "cooperation_payoff_ci": [
    0.9934174036904256,
    1.696008365812268
  ],
  "equilibrium_convergence": 0.9866666666666667,
  "tom_prediction_accuracy": 0.6066666666666667,
  "tom_prediction_accuracy_ci": [
    0.5533333333333333,
    0.66
  ],
  "n_episodes": 30,
  "action_dist_agent1": [
    0.47333333333333333,
    0.5266666666666666
  ],
  "per_episode_payoffs": [
    2.010356464231682,
    1.630248582604505,
    2.843566901055617,
    -0.027397997723210964,
    2.1500825174903206,
    2.859446640827643,
    0.5089592308521548,
    0.10440875223879167,
    0.4749664133892638,
    2.080597211971057,
    1.2425008295300448,
    0.42683921545346604,
    1.551683346397882,
    2.7873900508557985,
    1.0278981033543997,
    0.221800335016959,
    2.6772239680839194,
    1.3254091073651968,
    1.8345719334978106,
    0.5101377568383112,
    0.28718787048783184,
    1.3244518112573231,
    0.5975451796296722,
    -0.158464851566593,
    2.768417586687031,
    2.410317070136358,
    1.1218369071450083,
    2.043641441534779,
    -0.06592803145913471,
    1.5355924828082528
  ],
  "gate_trust_rate": 0.83,
  "gated_prediction_accuracy": 0.63,
  "signal_accuracy": 0.64,
  "tom_belief_accuracy_in_gated": 0.6066666666666667,
  "dp_conflict_rate": 0.4266666666666667,
  "dp_intervention_rate": 0.4266666666666667,
  "cell": "het_gsaca",
  "gsaca_detected_structure": "anti_coord",
  "gsaca_oracle_structure": "anti_coord",
  "gsaca_detection_correct": true,
  "gsaca_split_score": 0.3693076524173571,
  "gsaca_warmup_episodes": 5,
  "gsaca_n_observations": 25,
  "wall_time_s": 492.80924129486084,
  "config": {
    "game": "hawk_dove",
    "n_agents": 2,
    "horizon": 5,
    "memory": 2,
    "models_homo": "Qwen/Qwen2.5-7B-Instruct",
    "temp_homo": 0.7,
    "tom_order": 1,
    "seed": 43,
    "cell_name": "het_gsaca",
    "gate_trust_threshold": 0.6,
    "gate_ema_alpha": 0.3,
    "atom_warmup": 3,
    "homogeneous": false,
    "use_tom": true,
    "use_talk": true,
    "adaptive_tom": true,
    "gated_talk_tom": true,
    "diversity_preserving_gate": true
  },
  "team_mean_payoff": 1.1348514514131307
}