{
  "perspective_diversity": 0.34685718909346264,
  "cooperation_payoff": 3.1133333333333324,
  "cooperation_payoff_ci": [
    2.7199999999999998,
    3.486666666666666
  ],
  "equilibrium_convergence": 0.9866666666666667,
  "tom_prediction_accuracy": 0.6566666666666666,
  "tom_prediction_accuracy_ci": [
    0.6033333333333334,
    0.71
  ],
  "n_episodes": 30,
  "action_dist_agent1": [
    0.2733333333333333,
    0.7266666666666667
  ],
  "per_episode_payoffs": [
    3.2,
    2.6,
    4.6,
    2.6,
    2.6,
    1.4,
    3.6,
    4.6,
    1.8,
    1.4,
    3.6,
    2.6,
    3.6,
    2.8,
    2.4,
    3.2,
    4.6,
    3.6,
    2.6,
    3.4,
    4.2,
    1.0,
    3.6,
    4.6,
    5.0,
    2.6,
    2.2,
    4.6,
    2.6,
    2.2
  ],
  "gate_trust_rate": 0.9233333333333333,
  "gated_prediction_accuracy": 0.6966666666666667,
  "signal_accuracy": 0.68,
  "tom_belief_accuracy_in_gated": 0.6566666666666666,
  "dp_conflict_rate": 0.2633333333333333,
  "dp_intervention_rate": 0.2633333333333333,
  "cell": "het_role_asym",
  "wall_time_s": 549.8072662353516,
  "config": {
    "game": "chicken",
    "n_agents": 2,
    "horizon": 5,
    "memory": 2,
    "models_homo": "Qwen/Qwen2.5-7B-Instruct",
    "temp_homo": 0.7,
    "tom_order": 1,
    "seed": 42,
    "cell_name": "het_role_asym",
    "gate_trust_threshold": 0.6,
    "gate_ema_alpha": 0.3,
    "atom_warmup": 3,
    "homogeneous": false,
    "use_tom": true,
    "use_talk": true,
    "adaptive_tom": true,
    "gated_talk_tom": true,
    "diversity_preserving_gate": true,
    "role_asymmetric_hint": true
  },
  "team_mean_payoff": 2.2999999999999994
}