{
  "perspective_diversity": 1.1409191890690542,
  "cooperation_payoff": 0.7066666666666668,
  "cooperation_payoff_ci": [
    0.42650000000000027,
    1.0066666666666668
  ],
  "equilibrium_convergence": 0.9466666666666667,
  "tom_prediction_accuracy": 0.49333333333333335,
  "tom_prediction_accuracy_ci": [
    0.43666666666666665,
    0.5500833333333329
  ],
  "n_episodes": 30,
  "action_dist_agent1": [
    0.9066666666666666,
    0.09333333333333334
  ],
  "per_episode_payoffs": [
    0.0,
    1.0,
    0.0,
    1.6,
    0.6,
    2.2,
    1.6,
    2.0,
    2.2,
    1.2,
    0.0,
    0.0,
    0.0,
    0.0,
    0.0,
    0.0,
    0.0,
    0.0,
    0.0,
    0.0,
    1.0,
    2.2,
    0.0,
    1.2,
    1.2,
    0.0,
    0.0,
    1.6,
    1.6,
    0.0
  ],
  "gate_trust_rate": 0.76,
  "gated_prediction_accuracy": 0.69,
  "signal_accuracy": 0.6766666666666666,
  "tom_belief_accuracy_in_gated": 0.49333333333333335,
  "dp_conflict_rate": 0.63,
  "dp_intervention_rate": 0.63,
  "cell": "hom_gated_atom_talk",
  "wall_time_s": 258.8989017009735,
  "config": {
    "game": "battle_of_the_sexes",
    "n_agents": 2,
    "horizon": 5,
    "memory": 2,
    "models_homo": "Qwen/Qwen2.5-7B-Instruct",
    "temp_homo": 0.7,
    "tom_order": 1,
    "seed": 42,
    "cell_name": "hom_gated_atom_talk",
    "gate_trust_threshold": 0.6,
    "gate_ema_alpha": 0.3,
    "atom_warmup": 3,
    "homogeneous": true,
    "use_tom": true,
    "use_talk": true,
    "adaptive_tom": true,
    "gated_talk_tom": true,
    "diversity_preserving_gate": false
  },
  "team_mean_payoff": 0.65
}