{
  "perspective_diversity": 0.1498445374992058,
  "cooperation_payoff": 2.306666666666667,
  "cooperation_payoff_ci": [
    2.1133333333333333,
    2.506666666666667
  ],
  "equilibrium_convergence": 0.9199999999999999,
  "tom_prediction_accuracy": 0.6833333333333333,
  "tom_prediction_accuracy_ci": [
    0.63,
    0.7366666666666667
  ],
  "n_episodes": 30,
  "action_dist_agent1": [
    0.4666666666666667,
    0.5333333333333333
  ],
  "per_episode_payoffs": [
    2.2,
    2.0,
    1.6,
    1.8,
    2.0,
    3.2,
    3.2,
    1.6,
    1.6,
    3.2,
    2.0,
    1.8,
    2.2,
    3.0,
    2.8,
    2.2,
    2.6,
    2.0,
    1.8,
    3.2,
    1.8,
    2.6,
    1.8,
    2.4,
    2.4,
    3.0,
    2.2,
    1.6,
    2.2,
    3.2
  ],
  "gate_trust_rate": 0.9566666666666667,
  "gated_prediction_accuracy": 0.7166666666666667,
  "signal_accuracy": 0.7066666666666667,
  "tom_belief_accuracy_in_gated": 0.6833333333333333,
  "dp_conflict_rate": 0.2633333333333333,
  "dp_intervention_rate": 0.2633333333333333,
  "cell": "het_dp_gated_atom_talk",
  "wall_time_s": 537.7780530452728,
  "config": {
    "game": "deadlock",
    "n_agents": 2,
    "horizon": 5,
    "memory": 2,
    "models_homo": "Qwen/Qwen2.5-7B-Instruct",
    "temp_homo": 0.7,
    "tom_order": 1,
    "seed": 53,
    "cell_name": "het_dp_gated_atom_talk",
    "gate_trust_threshold": 0.6,
    "gate_ema_alpha": 0.3,
    "atom_warmup": 3,
    "homogeneous": false,
    "use_tom": true,
    "use_talk": true,
    "adaptive_tom": true,
    "gated_talk_tom": true,
    "diversity_preserving_gate": true
  },
  "team_mean_payoff": 1.7866666666666664
}