{
  "perspective_diversity": 0.028782160474289383,
  "cooperation_payoff": 2.5640000000000005,
  "cooperation_payoff_ci": [
    2.532000000000001,
    2.592
  ],
  "equilibrium_convergence": 0.92,
  "tom_prediction_accuracy": 0.8175,
  "tom_prediction_accuracy_ci": [
    0.7966666666666666,
    0.8391666666666666
  ],
  "n_episodes": 20,
  "action_dist_agent1": [
    0.96,
    0.04
  ],
  "per_episode_payoffs": [
    2.6799999999999997,
    2.48,
    2.56,
    2.6,
    2.5200000000000005,
    2.52,
    2.52,
    2.6,
    2.6,
    2.6,
    2.52,
    2.3600000000000003,
    2.6,
    2.6,
    2.6,
    2.5200000000000005,
    2.6,
    2.6,
    2.6,
    2.6
  ],
  "gate_trust_rate": 0.8611111111111112,
  "gated_prediction_accuracy": 0.6888888888888889,
  "signal_accuracy": 0.8166666666666667,
  "tom_belief_accuracy_in_gated": 0.5444444444444444,
  "dp_conflict_rate": 0.40555555555555556,
  "dp_intervention_rate": 0.40555555555555556,
  "cell": "het_gsaca",
  "gsaca_detected_structure": "coord",
  "gsaca_oracle_structure": "coord",
  "gsaca_detection_correct": true,
  "gsaca_split_score": -0.20625000000000027,
  "gsaca_warmup_episodes": 3,
  "gsaca_n_observations": 15,
  "wall_time_s": 2708.9381642341614,
  "config": {
    "game": "public_goods",
    "n_agents": 4,
    "horizon": 5,
    "memory": 2,
    "models_homo": "Qwen/Qwen2.5-7B-Instruct",
    "temp_homo": 0.7,
    "tom_order": 1,
    "seed": 52,
    "cell_name": "het_gsaca",
    "gate_trust_threshold": 0.6,
    "gate_ema_alpha": 0.3,
    "atom_warmup": 3,
    "homogeneous": false,
    "use_tom": true,
    "use_talk": true,
    "adaptive_tom": true,
    "gated_talk_tom": true,
    "diversity_preserving_gate": true
  },
  "team_mean_payoff": 2.5715000000000003
}