{
  "perspective_diversity": 0.1411338412204409,
  "cooperation_payoff": 2.628,
  "cooperation_payoff_ci": [
    2.602,
    2.654
  ],
  "equilibrium_convergence": 0.96,
  "tom_prediction_accuracy": 0.6508333333333334,
  "tom_prediction_accuracy_ci": [
    0.625,
    0.6775208333333332
  ],
  "n_episodes": 20,
  "action_dist_agent1": [
    0.72,
    0.28
  ],
  "per_episode_payoffs": [
    2.6,
    2.56,
    2.72,
    2.6,
    2.6800000000000006,
    2.6399999999999997,
    2.7199999999999998,
    2.6,
    2.6399999999999997,
    2.6799999999999997,
    2.68,
    2.5199999999999996,
    2.5200000000000005,
    2.5200000000000005,
    2.6399999999999997,
    2.6,
    2.64,
    2.6399999999999997,
    2.72,
    2.64
  ],
  "gate_trust_rate": 0.9433333333333334,
  "gated_prediction_accuracy": 0.8066666666666666,
  "signal_accuracy": 0.84,
  "tom_belief_accuracy_in_gated": 0.6508333333333334,
  "dp_conflict_rate": 0.30583333333333335,
  "dp_intervention_rate": 0.30583333333333335,
  "cell": "het_dp_gated_atom_talk",
  "wall_time_s": 2835.534813642502,
  "config": {
    "game": "public_goods",
    "n_agents": 4,
    "horizon": 5,
    "memory": 2,
    "models_homo": "Qwen/Qwen2.5-7B-Instruct",
    "temp_homo": 0.7,
    "tom_order": 1,
    "seed": 44,
    "cell_name": "het_dp_gated_atom_talk",
    "gate_trust_threshold": 0.6,
    "gate_ema_alpha": 0.3,
    "atom_warmup": 3,
    "homogeneous": false,
    "use_tom": true,
    "use_talk": true,
    "adaptive_tom": true,
    "gated_talk_tom": true,
    "diversity_preserving_gate": true
  },
  "team_mean_payoff": 2.5055
}