{
  "perspective_diversity": 0.1985614240964348,
  "cooperation_payoff": 1.7266666666666668,
  "cooperation_payoff_ci": [
    1.4466666666666668,
    1.9933333333333336
  ],
  "equilibrium_convergence": 0.9733333333333334,
  "tom_prediction_accuracy": 0.63,
  "tom_prediction_accuracy_ci": [
    0.5733333333333334,
    0.6833333333333333
  ],
  "n_episodes": 30,
  "action_dist_agent1": [
    0.8266666666666667,
    0.17333333333333334
  ],
  "per_episode_payoffs": [
    2.8,
    2.8,
    1.0,
    1.6,
    1.2,
    1.8,
    2.4,
    2.8,
    2.2,
    2.4,
    0.6,
    1.6,
    1.6,
    1.6,
    2.2,
    2.2,
    3.0,
    2.2,
    0.0,
    1.6,
    1.6,
    1.2,
    1.6,
    1.0,
    1.0,
    1.8,
    2.2,
    0.6,
    2.6,
    0.6
  ],
  "gate_trust_rate": 0.9433333333333334,
  "gated_prediction_accuracy": 0.7533333333333333,
  "signal_accuracy": 0.7766666666666666,
  "tom_belief_accuracy_in_gated": 0.63,
  "dp_conflict_rate": 0.2866666666666667,
  "dp_intervention_rate": 0.2866666666666667,
  "cell": "het_gsaca",
  "gsaca_detected_structure": "anti_coord",
  "gsaca_oracle_structure": "coord",
  "gsaca_detection_correct": false,
  "gsaca_split_score": 0.0,
  "gsaca_warmup_episodes": 2,
  "gsaca_n_observations": 10,
  "wall_time_s": 473.58747267723083,
  "config": {
    "game": "battle_of_the_sexes",
    "n_agents": 2,
    "horizon": 5,
    "memory": 2,
    "models_homo": "Qwen/Qwen2.5-7B-Instruct",
    "temp_homo": 0.7,
    "tom_order": 1,
    "seed": 46,
    "cell_name": "het_gsaca",
    "gate_trust_threshold": 0.6,
    "gate_ema_alpha": 0.3,
    "atom_warmup": 3,
    "homogeneous": false,
    "use_tom": true,
    "use_talk": true,
    "adaptive_tom": true,
    "gated_talk_tom": true,
    "diversity_preserving_gate": true
  },
  "team_mean_payoff": 1.55
}