{
  "perspective_diversity": 0.35574562943071625,
  "cooperation_payoff": 2.3807049106656186,
  "cooperation_payoff_ci": [
    2.0248095889594473,
    2.709279353655171
  ],
  "equilibrium_convergence": 0.9866666666666667,
  "tom_prediction_accuracy": 0.6166666666666667,
  "tom_prediction_accuracy_ci": [
    0.5566666666666666,
    0.67
  ],
  "n_episodes": 30,
  "action_dist_agent1": [
    0.35333333333333333,
    0.6466666666666666
  ],
  "per_episode_payoffs": [
    3.8414258569267274,
    2.7209943304180206,
    3.3742676042224673,
    0.6904080091071562,
    1.2003300699612824,
    3.2377865633105727,
    2.8358369234086194,
    2.6176350089551663,
    2.6998656535570555,
    2.322388847884228,
    2.9700033181201793,
    2.307356861813864,
    2.206733385591528,
    3.5495602034231943,
    3.3115924134175985,
    2.4872013400678363,
    1.5088958723356767,
    3.1016364294607865,
    2.5382877339912424,
    3.040551027353245,
    0.9487514819513274,
    3.297807245029292,
    2.790180718518689,
    0.366140593733628,
    3.0736703467481226,
    3.0412682805454323,
    -0.11265237141996709,
    2.1745657661391156,
    1.5362878741634611,
    1.7423699312330119
  ],
  "gate_trust_rate": 0.89,
  "gated_prediction_accuracy": 0.6333333333333333,
  "signal_accuracy": 0.6833333333333333,
  "tom_belief_accuracy_in_gated": 0.6166666666666667,
  "dp_conflict_rate": 0.2866666666666667,
  "dp_intervention_rate": 0.2866666666666667,
  "cell": "het_gsaca",
  "gsaca_detected_structure": "anti_coord",
  "gsaca_oracle_structure": "anti_coord",
  "gsaca_detection_correct": true,
  "gsaca_split_score": 0.4819891743902185,
  "gsaca_warmup_episodes": 5,
  "gsaca_n_observations": 25,
  "wall_time_s": 520.7948040962219,
  "config": {
    "game": "deadlock",
    "n_agents": 2,
    "horizon": 5,
    "memory": 2,
    "models_homo": "Qwen/Qwen2.5-7B-Instruct",
    "temp_homo": 0.7,
    "tom_order": 1,
    "seed": 43,
    "cell_name": "het_gsaca",
    "gate_trust_threshold": 0.6,
    "gate_ema_alpha": 0.3,
    "atom_warmup": 3,
    "homogeneous": false,
    "use_tom": true,
    "use_talk": true,
    "adaptive_tom": true,
    "gated_talk_tom": true,
    "diversity_preserving_gate": true
  },
  "team_mean_payoff": 1.6927391389858566
}