{
  "perspective_diversity": 0.04042638262816267,
  "cooperation_payoff": 2.0200000000000005,
  "cooperation_payoff_ci": [
    1.82,
    2.22
  ],
  "equilibrium_convergence": 0.9333333333333333,
  "tom_prediction_accuracy": 0.6866666666666666,
  "tom_prediction_accuracy_ci": [
    0.63,
    0.74
  ],
  "n_episodes": 30,
  "action_dist_agent1": [
    0.4866666666666667,
    0.5133333333333333
  ],
  "per_episode_payoffs": [
    1.4,
    0.8,
    1.2,
    2.2,
    2.2,
    1.8,
    2.2,
    2.0,
    2.6,
    2.2,
    2.0,
    2.4,
    2.4,
    2.0,
    2.0,
    2.4,
    2.0,
    2.8,
    1.8,
    0.4,
    1.8,
    1.8,
    2.0,
    2.0,
    2.2,
    2.0,
    3.2,
    3.0,
    2.0,
    1.8
  ],
  "gate_trust_rate": 0.9566666666666667,
  "gated_prediction_accuracy": 0.74,
  "signal_accuracy": 0.7233333333333334,
  "tom_belief_accuracy_in_gated": 0.6866666666666666,
  "dp_conflict_rate": 0.27,
  "dp_intervention_rate": 0.27,
  "cell": "het_gated_atom_talk",
  "wall_time_s": 489.9784426689148,
  "config": {
    "game": "deadlock",
    "n_agents": 2,
    "horizon": 5,
    "memory": 2,
    "models_homo": "Qwen/Qwen2.5-7B-Instruct",
    "temp_homo": 0.7,
    "tom_order": 1,
    "seed": 44,
    "cell_name": "het_gated_atom_talk",
    "homogeneous": false,
    "use_tom": true,
    "use_talk": true,
    "adaptive_tom": true,
    "gated_talk_tom": true,
    "diversity_preserving_gate": false
  },
  "team_mean_payoff": 1.7399999999999998
}