{
  "perspective_diversity": 0.2571226614242227,
  "cooperation_payoff": 2.8066666666666666,
  "cooperation_payoff_ci": [
    2.3733333333333335,
    3.2733333333333325
  ],
  "equilibrium_convergence": 1.0,
  "tom_prediction_accuracy": 0.6133333333333333,
  "tom_prediction_accuracy_ci": [
    0.5566666666666666,
    0.67
  ],
  "n_episodes": 30,
  "action_dist_agent1": [
    0.26666666666666666,
    0.7333333333333333
  ],
  "per_episode_payoffs": [
    4.6,
    3.6,
    3.6,
    4.6,
    2.6,
    1.8,
    2.6,
    1.2,
    4.6,
    2.8,
    3.6,
    2.6,
    2.6,
    4.6,
    2.8,
    0.6,
    4.6,
    2.6,
    3.6,
    1.8,
    4.6,
    2.2,
    2.2,
    1.6,
    1.8,
    1.2,
    4.6,
    2.2,
    0.4,
    2.0
  ],
  "gate_trust_rate": 0.8466666666666667,
  "gated_prediction_accuracy": 0.6366666666666667,
  "signal_accuracy": 0.6833333333333333,
  "tom_belief_accuracy_in_gated": 0.6133333333333333,
  "dp_conflict_rate": 0.23666666666666666,
  "dp_intervention_rate": 0.23666666666666666,
  "cell": "het_dp_gated_atom_talk",
  "wall_time_s": 451.6370179653168,
  "config": {
    "game": "chicken",
    "n_agents": 2,
    "horizon": 5,
    "memory": 2,
    "models_homo": "Qwen/Qwen2.5-7B-Instruct",
    "temp_homo": 0.7,
    "tom_order": 1,
    "seed": 44,
    "cell_name": "het_dp_gated_atom_talk",
    "gate_trust_threshold": 0.75,
    "gate_ema_alpha": 0.3,
    "atom_warmup": 3,
    "homogeneous": false,
    "use_tom": true,
    "use_talk": true,
    "adaptive_tom": true,
    "gated_talk_tom": true,
    "diversity_preserving_gate": true
  },
  "team_mean_payoff": 2.1
}