{
  "perspective_diversity": 0.16096199302431763,
  "cooperation_payoff": 1.7733333333333337,
  "cooperation_payoff_ci": [
    1.5131666666666668,
    2.0200000000000005
  ],
  "equilibrium_convergence": 0.9866666666666666,
  "tom_prediction_accuracy": 0.5866666666666667,
  "tom_prediction_accuracy_ci": [
    0.5266666666666666,
    0.64
  ],
  "n_episodes": 30,
  "action_dist_agent1": [
    0.7933333333333333,
    0.20666666666666667
  ],
  "per_episode_payoffs": [
    2.8,
    1.6,
    2.4,
    1.6,
    2.2,
    2.8,
    1.8,
    1.0,
    2.4,
    1.6,
    0.6,
    2.2,
    0.6,
    0.6,
    1.6,
    0.0,
    2.6,
    1.0,
    2.6,
    2.8,
    2.2,
    2.8,
    1.6,
    1.6,
    1.6,
    2.2,
    2.2,
    1.6,
    1.6,
    1.0
  ],
  "gate_trust_rate": 0.99,
  "gated_prediction_accuracy": 0.7833333333333333,
  "signal_accuracy": 0.7866666666666666,
  "tom_belief_accuracy_in_gated": 0.5866666666666667,
  "dp_conflict_rate": 0.34,
  "dp_intervention_rate": 0.34,
  "cell": "het_dp_gated_atom_talk",
  "wall_time_s": 498.13540506362915,
  "config": {
    "game": "battle_of_the_sexes",
    "n_agents": 2,
    "horizon": 5,
    "memory": 2,
    "models_homo": "Qwen/Qwen2.5-7B-Instruct",
    "temp_homo": 0.7,
    "tom_order": 1,
    "seed": 45,
    "cell_name": "het_dp_gated_atom_talk",
    "gate_trust_threshold": 0.3,
    "gate_ema_alpha": 0.3,
    "atom_warmup": 3,
    "homogeneous": false,
    "use_tom": true,
    "use_talk": true,
    "adaptive_tom": true,
    "gated_talk_tom": true,
    "diversity_preserving_gate": true
  },
  "team_mean_payoff": 1.6166666666666667
}