{
  "perspective_diversity": 0.04070888197664086,
  "cooperation_payoff": 2.57,
  "cooperation_payoff_ci": [
    2.496,
    2.646
  ],
  "equilibrium_convergence": 0.98,
  "tom_prediction_accuracy": 0.6358333333333334,
  "tom_prediction_accuracy_ci": [
    0.6083125,
    0.6625
  ],
  "n_episodes": 20,
  "action_dist_agent1": [
    0.77,
    0.23
  ],
  "per_episode_payoffs": [
    2.6,
    2.56,
    2.88,
    2.52,
    2.7199999999999998,
    2.5200000000000005,
    2.48,
    2.4800000000000004,
    2.3600000000000003,
    2.7199999999999998,
    2.5199999999999996,
    2.36,
    2.7600000000000002,
    2.2800000000000002,
    2.3600000000000003,
    2.84,
    2.68,
    2.48,
    2.56,
    2.72
  ],
  "gate_trust_rate": 0.9333333333333333,
  "gated_prediction_accuracy": 0.7616666666666667,
  "signal_accuracy": 0.81,
  "tom_belief_accuracy_in_gated": 0.6358333333333334,
  "dp_conflict_rate": 0.2975,
  "dp_intervention_rate": 0.2975,
  "cell": "het_dp_gated_atom_talk",
  "wall_time_s": 2993.8693227767944,
  "config": {
    "game": "public_goods",
    "n_agents": 4,
    "horizon": 5,
    "memory": 2,
    "models_homo": "Qwen/Qwen2.5-7B-Instruct",
    "temp_homo": 0.7,
    "tom_order": 1,
    "seed": 42,
    "cell_name": "het_dp_gated_atom_talk",
    "homogeneous": false,
    "use_tom": true,
    "use_talk": true,
    "adaptive_tom": true,
    "gated_talk_tom": true,
    "diversity_preserving_gate": true
  },
  "team_mean_payoff": 2.5025
}