{
  "perspective_diversity": 0.0062678241056458375,
  "cooperation_payoff": 2.020352455332809,
  "cooperation_payoff_ci": [
    1.6722916953432607,
    2.322987894044832
  ],
  "equilibrium_convergence": 0.9866666666666667,
  "tom_prediction_accuracy": 0.8233333333333334,
  "tom_prediction_accuracy_ci": [
    0.78,
    0.8666666666666667
  ],
  "n_episodes": 30,
  "action_dist_agent1": [
    0.8066666666666666,
    0.19333333333333333
  ],
  "per_episode_payoffs": [
    1.8207129284633639,
    1.6604971652090104,
    1.687133802111234,
    -0.05479599544642193,
    -0.2998349650193587,
    3.1188932816552866,
    1.6179184617043099,
    2.0088175044775833,
    2.549932826778528,
    2.5611944239421143,
    2.68500165906009,
    2.253678430906932,
    0.903366692795764,
    2.774780101711597,
    3.0557962067087994,
    1.2436006700339182,
    1.7544479361678385,
    3.2508182147303932,
    1.8691438669956213,
    3.220275513676622,
    1.5743757409756636,
    3.2489036225146464,
    2.9950903592593447,
    2.2830702968668137,
    2.1368351733740614,
    1.8206341402727166,
    0.44367381429001645,
    1.6872828830695579,
    1.8681439370817305,
    2.8711849656165063
  ],
  "gate_trust_rate": 0.84,
  "gated_prediction_accuracy": 0.7,
  "signal_accuracy": 0.62,
  "tom_belief_accuracy_in_gated": 0.76,
  "dp_conflict_rate": 0.34,
  "dp_intervention_rate": 0.34,
  "cell": "het_gsaca",
  "gsaca_detected_structure": "coord",
  "gsaca_oracle_structure": "coord",
  "gsaca_detection_correct": true,
  "gsaca_split_score": -3.1631491797988174,
  "gsaca_warmup_episodes": 5,
  "gsaca_n_observations": 25,
  "wall_time_s": 551.1002621650696,
  "config": {
    "game": "battle_of_the_sexes",
    "n_agents": 2,
    "horizon": 5,
    "memory": 2,
    "models_homo": "Qwen/Qwen2.5-7B-Instruct",
    "temp_homo": 0.7,
    "tom_order": 1,
    "seed": 42,
    "cell_name": "het_gsaca",
    "gate_trust_threshold": 0.6,
    "gate_ema_alpha": 0.3,
    "atom_warmup": 3,
    "homogeneous": false,
    "use_tom": true,
    "use_talk": true,
    "adaptive_tom": true,
    "gated_talk_tom": true,
    "diversity_preserving_gate": true
  },
  "team_mean_payoff": 1.793036236159595
}