{
  "perspective_diversity": 0.19378779011544126,
  "cooperation_payoff": 2.5933333333333333,
  "cooperation_payoff_ci": [
    2.54,
    2.6439999999999997
  ],
  "equilibrium_convergence": 0.9866666666666667,
  "tom_prediction_accuracy": 0.63,
  "tom_prediction_accuracy_ci": [
    0.5733333333333334,
    0.68
  ],
  "n_episodes": 30,
  "action_dist_agent1": [
    0.58,
    0.42
  ],
  "per_episode_payoffs": [
    2.56,
    2.6399999999999997,
    2.6,
    2.5200000000000005,
    2.64,
    2.6399999999999997,
    2.6399999999999997,
    2.4400000000000004,
    2.44,
    2.72,
    2.6000000000000005,
    2.76,
    2.4400000000000004,
    2.64,
    2.6,
    2.52,
    2.6799999999999997,
    2.84,
    2.4400000000000004,
    2.24,
    2.5200000000000005,
    2.3600000000000003,
    2.52,
    2.8,
    2.72,
    2.4400000000000004,
    2.8,
    2.6800000000000006,
    2.84,
    2.5200000000000005
  ],
  "gate_trust_rate": 0.9466666666666667,
  "gated_prediction_accuracy": 0.7466666666666667,
  "signal_accuracy": 0.8,
  "tom_belief_accuracy_in_gated": 0.63,
  "dp_conflict_rate": 0.3233333333333333,
  "dp_intervention_rate": 0.3233333333333333,
  "cell": "het_3arm",
  "gsaca_detected_structure": "coord",
  "gsaca_oracle_structure": "coord",
  "gsaca_detection_correct": true,
  "gsaca_split_score": -0.19285714285714306,
  "gsaca_warmup_episodes": 5,
  "gsaca_n_observations": 25,
  "gsaca_3arm_selected": "NoToM",
  "gsaca_3arm_tau": 0.2,
  "wall_time_s": 873.8868041038513,
  "config": {
    "game": "public_goods",
    "n_agents": 4,
    "horizon": 5,
    "memory": 2,
    "models_homo": "Qwen/Qwen2.5-7B-Instruct",
    "temp_homo": 0.7,
    "tom_order": 1,
    "seed": 46,
    "cell_name": "het_3arm",
    "gate_trust_threshold": 0.6,
    "gate_ema_alpha": 0.3,
    "atom_warmup": 3,
    "homogeneous": false,
    "use_tom": true,
    "use_talk": true,
    "adaptive_tom": true,
    "gated_talk_tom": true,
    "diversity_preserving_gate": true
  },
  "team_mean_payoff": 2.4400000000000004
}