{
  "perspective_diversity": 0.2573436946671061,
  "cooperation_payoff": 1.5800000000000003,
  "cooperation_payoff_ci": [
    1.326666666666667,
    1.8266666666666669
  ],
  "equilibrium_convergence": 0.9600000000000001,
  "tom_prediction_accuracy": 0.5666666666666667,
  "tom_prediction_accuracy_ci": [
    0.51,
    0.6233333333333333
  ],
  "n_episodes": 30,
  "action_dist_agent1": [
    0.82,
    0.18
  ],
  "per_episode_payoffs": [
    2.2,
    1.8,
    2.2,
    1.8,
    2.2,
    2.2,
    1.2,
    1.6,
    1.2,
    1.6,
    1.6,
    1.0,
    0.6,
    0.6,
    1.0,
    1.0,
    2.6,
    2.4,
    0.6,
    2.2,
    0.6,
    2.2,
    1.0,
    1.6,
    1.0,
    1.2,
    2.8,
    0.6,
    2.6,
    2.2
  ],
  "gate_trust_rate": 0.92,
  "gated_prediction_accuracy": 0.7,
  "signal_accuracy": 0.7533333333333333,
  "tom_belief_accuracy_in_gated": 0.5666666666666667,
  "dp_conflict_rate": 0.3466666666666667,
  "dp_intervention_rate": 0.3466666666666667,
  "cell": "het_dp_gated_atom_talk",
  "wall_time_s": 443.70292472839355,
  "config": {
    "game": "battle_of_the_sexes",
    "n_agents": 2,
    "horizon": 5,
    "memory": 2,
    "models_homo": "Qwen/Qwen2.5-7B-Instruct",
    "temp_homo": 0.7,
    "tom_order": 1,
    "seed": 44,
    "cell_name": "het_dp_gated_atom_talk",
    "gate_trust_threshold": 0.6,
    "gate_ema_alpha": 0.3,
    "atom_warmup": 3,
    "homogeneous": false,
    "use_tom": true,
    "use_talk": true,
    "adaptive_tom": true,
    "gated_talk_tom": true,
    "diversity_preserving_gate": true
  },
  "team_mean_payoff": 1.4333333333333333
}