{
  "perspective_diversity": 0.08672694841553069,
  "cooperation_payoff": 2.433333333333333,
  "cooperation_payoff_ci": [
    2.2,
    2.6599999999999997
  ],
  "equilibrium_convergence": 0.9066666666666667,
  "tom_prediction_accuracy": 0.47,
  "tom_prediction_accuracy_ci": [
    0.41333333333333333,
    0.5266666666666666
  ],
  "n_episodes": 30,
  "action_dist_agent1": [
    0.32666666666666666,
    0.6733333333333333
  ],
  "per_episode_payoffs": [
    1.6,
    2.6,
    2.6,
    3.6,
    3.2,
    1.6,
    2.6,
    2.6,
    2.6,
    3.2,
    2.6,
    2.2,
    2.0,
    1.6,
    3.2,
    1.4,
    2.6,
    2.2,
    2.0,
    2.8,
    3.6,
    1.6,
    1.2,
    3.2,
    3.2,
    2.6,
    2.2,
    2.6,
    2.4,
    1.6
  ],
  "gate_trust_rate": 0.7866666666666666,
  "gated_prediction_accuracy": 0.5733333333333334,
  "signal_accuracy": 0.5866666666666667,
  "tom_belief_accuracy_in_gated": 0.47,
  "dp_conflict_rate": 0.42333333333333334,
  "dp_intervention_rate": 0.42333333333333334,
  "cell": "hom_gsaca",
  "gsaca_detected_structure": "anti_coord",
  "gsaca_oracle_structure": "anti_coord",
  "gsaca_detection_correct": true,
  "gsaca_split_score": 1.75,
  "gsaca_warmup_episodes": 5,
  "gsaca_n_observations": 25,
  "wall_time_s": 503.00818514823914,
  "config": {
    "game": "chicken",
    "n_agents": 2,
    "horizon": 5,
    "memory": 2,
    "models_homo": "Qwen/Qwen2.5-7B-Instruct",
    "temp_homo": 0.7,
    "tom_order": 1,
    "seed": 46,
    "cell_name": "hom_gsaca",
    "gate_trust_threshold": 0.6,
    "gate_ema_alpha": 0.3,
    "atom_warmup": 3,
    "homogeneous": true,
    "use_tom": true,
    "use_talk": true,
    "adaptive_tom": true,
    "gated_talk_tom": true,
    "diversity_preserving_gate": true
  },
  "team_mean_payoff": 2.0199999999999996
}