{
  "perspective_diversity": 0.0898208271517571,
  "cooperation_payoff": 1.5266666666666668,
  "cooperation_payoff_ci": [
    1.2333333333333334,
    1.8266666666666667
  ],
  "equilibrium_convergence": 0.9866666666666667,
  "tom_prediction_accuracy": 0.6133333333333333,
  "tom_prediction_accuracy_ci": [
    0.5566666666666666,
    0.6667499999999995
  ],
  "n_episodes": 30,
  "action_dist_agent1": [
    0.46,
    0.54
  ],
  "per_episode_payoffs": [
    0.6,
    1.4,
    0.2,
    0.6,
    1.2,
    1.0,
    2.4,
    2.0,
    1.4,
    0.6,
    2.8,
    2.8,
    2.0,
    1.2,
    2.8,
    0.8,
    1.6,
    0.0,
    1.2,
    2.0,
    0.6,
    2.6,
    1.6,
    2.8,
    0.8,
    2.2,
    1.6,
    2.8,
    1.2,
    1.0
  ],
  "gate_trust_rate": 0.8733333333333333,
  "gated_prediction_accuracy": 0.62,
  "signal_accuracy": 0.6133333333333333,
  "tom_belief_accuracy_in_gated": 0.6133333333333333,
  "dp_conflict_rate": 0.34,
  "dp_intervention_rate": 0.34,
  "cell": "het_dp_gated_atom_talk",
  "wall_time_s": 442.35027503967285,
  "config": {
    "game": "hawk_dove",
    "n_agents": 2,
    "horizon": 5,
    "memory": 2,
    "models_homo": "Qwen/Qwen2.5-7B-Instruct",
    "temp_homo": 0.7,
    "tom_order": 1,
    "seed": 61,
    "cell_name": "het_dp_gated_atom_talk",
    "gate_trust_threshold": 0.6,
    "gate_ema_alpha": 0.3,
    "atom_warmup": 3,
    "homogeneous": false,
    "use_tom": true,
    "use_talk": true,
    "adaptive_tom": true,
    "gated_talk_tom": true,
    "diversity_preserving_gate": true
  },
  "team_mean_payoff": 1.216666666666667
}