{
  "perspective_diversity": 0.15989625975349755,
  "cooperation_payoff": 1.4266666666666667,
  "cooperation_payoff_ci": [
    1.1400000000000001,
    1.6866666666666668
  ],
  "equilibrium_convergence": 0.8133333333333334,
  "tom_prediction_accuracy": 0.59,
  "tom_prediction_accuracy_ci": [
    0.5366666666666666,
    0.6466666666666666
  ],
  "n_episodes": 30,
  "action_dist_agent1": [
    0.3333333333333333,
    0.6666666666666666
  ],
  "per_episode_payoffs": [
    2.2,
    -0.6,
    0.4,
    2.2,
    0.2,
    2.2,
    0.6,
    2.2,
    1.6,
    1.0,
    2.0,
    2.0,
    0.6,
    0.8,
    1.2,
    1.4,
    0.6,
    1.4,
    1.4,
    0.8,
    1.4,
    1.6,
    2.2,
    2.2,
    1.4,
    2.2,
    2.2,
    3.0,
    1.0,
    1.4
  ],
  "gate_trust_rate": 0.6766666666666666,
  "gated_prediction_accuracy": 0.5866666666666667,
  "signal_accuracy": 0.5233333333333333,
  "tom_belief_accuracy_in_gated": 0.59,
  "dp_conflict_rate": 0.5066666666666667,
  "dp_intervention_rate": 0.5066666666666667,
  "cell": "het_gated_atom_talk",
  "wall_time_s": 419.4406769275665,
  "config": {
    "game": "hawk_dove",
    "n_agents": 2,
    "horizon": 5,
    "memory": 2,
    "models_homo": "Qwen/Qwen2.5-7B-Instruct",
    "temp_homo": 0.7,
    "tom_order": 1,
    "seed": 44,
    "cell_name": "het_gated_atom_talk",
    "gate_trust_threshold": 0.6,
    "gate_ema_alpha": 0.3,
    "atom_warmup": 3,
    "homogeneous": false,
    "use_tom": true,
    "use_talk": true,
    "adaptive_tom": true,
    "gated_talk_tom": true,
    "diversity_preserving_gate": false
  },
  "team_mean_payoff": 1.0066666666666666
}