{
  "perspective_diversity": 0.00435775263822593,
  "cooperation_payoff": 1.0933333333333335,
  "cooperation_payoff_ci": [
    0.7665000000000003,
    1.4068333333333327
  ],
  "equilibrium_convergence": 0.8666666666666667,
  "tom_prediction_accuracy": 0.5633333333333334,
  "tom_prediction_accuracy_ci": [
    0.5066666666666667,
    0.62
  ],
  "n_episodes": 30,
  "action_dist_agent1": [
    0.4666666666666667,
    0.5333333333333333
  ],
  "per_episode_payoffs": [
    0.6,
    0.4,
    1.2,
    0.6,
    1.6,
    3.0,
    0.8,
    0.2,
    1.8,
    0.6,
    0.8,
    0.8,
    1.8,
    1.4,
    2.2,
    0.6,
    0.2,
    -0.2,
    -0.6,
    1.6,
    0.0,
    0.8,
    0.2,
    2.0,
    2.0,
    3.0,
    2.2,
    0.2,
    1.8,
    1.2
  ],
  "gate_trust_rate": 0.68,
  "gated_prediction_accuracy": 0.5466666666666666,
  "signal_accuracy": 0.54,
  "tom_belief_accuracy_in_gated": 0.5633333333333334,
  "dp_conflict_rate": 0.5433333333333333,
  "dp_intervention_rate": 0.5433333333333333,
  "cell": "het_gated_atom_talk",
  "wall_time_s": 452.0335102081299,
  "config": {
    "game": "hawk_dove",
    "n_agents": 2,
    "horizon": 5,
    "memory": 2,
    "models_homo": "Qwen/Qwen2.5-7B-Instruct",
    "temp_homo": 0.7,
    "tom_order": 1,
    "seed": 46,
    "cell_name": "het_gated_atom_talk",
    "gate_trust_threshold": 0.6,
    "gate_ema_alpha": 0.3,
    "atom_warmup": 3,
    "homogeneous": false,
    "use_tom": true,
    "use_talk": true,
    "adaptive_tom": true,
    "gated_talk_tom": true,
    "diversity_preserving_gate": false
  },
  "team_mean_payoff": 1.0233333333333334
}