{
  "perspective_diversity": 0.267568355864633,
  "cooperation_payoff": 2.8199999999999994,
  "cooperation_payoff_ci": [
    2.446666666666666,
    3.1933333333333325
  ],
  "equilibrium_convergence": 0.96,
  "tom_prediction_accuracy": 0.64,
  "tom_prediction_accuracy_ci": [
    0.5866666666666667,
    0.6933333333333334
  ],
  "n_episodes": 30,
  "action_dist_agent1": [
    0.24666666666666667,
    0.7533333333333333
  ],
  "per_episode_payoffs": [
    2.6,
    1.2,
    2.6,
    3.6,
    1.6,
    2.6,
    3.6,
    2.6,
    1.8,
    2.0,
    1.2,
    1.4,
    1.2,
    4.6,
    2.2,
    2.0,
    3.2,
    1.8,
    3.2,
    2.6,
    3.6,
    5.0,
    3.6,
    4.2,
    3.0,
    2.6,
    2.6,
    4.6,
    4.6,
    3.2
  ],
  "gate_trust_rate": 0.8466666666666667,
  "gated_prediction_accuracy": 0.6433333333333333,
  "signal_accuracy": 0.6166666666666667,
  "tom_belief_accuracy_in_gated": 0.64,
  "dp_conflict_rate": 0.2966666666666667,
  "dp_intervention_rate": 0.2966666666666667,
  "cell": "het_gsaca",
  "gsaca_detected_structure": "anti_coord",
  "gsaca_oracle_structure": "anti_coord",
  "gsaca_detection_correct": true,
  "gsaca_split_score": 2.2,
  "gsaca_warmup_episodes": 5,
  "gsaca_n_observations": 25,
  "wall_time_s": 491.42903900146484,
  "config": {
    "game": "chicken",
    "n_agents": 2,
    "horizon": 5,
    "memory": 2,
    "models_homo": "Qwen/Qwen2.5-7B-Instruct",
    "temp_homo": 0.7,
    "tom_order": 1,
    "seed": 42,
    "cell_name": "het_gsaca",
    "homogeneous": false,
    "use_tom": true,
    "use_talk": true,
    "adaptive_tom": true,
    "gated_talk_tom": true,
    "diversity_preserving_gate": true
  },
  "team_mean_payoff": 2.0999999999999996
}