{
  "perspective_diversity": 0.183782664476313,
  "cooperation_payoff": 2.1007049106656184,
  "cooperation_payoff_ci": [
    1.7341451812200253,
    2.4234113410336886
  ],
  "equilibrium_convergence": 0.9333333333333333,
  "tom_prediction_accuracy": 0.6533333333333333,
  "tom_prediction_accuracy_ci": [
    0.6,
    0.7066666666666667
  ],
  "n_episodes": 30,
  "action_dist_agent1": [
    0.4066666666666667,
    0.5933333333333334
  ],
  "per_episode_payoffs": [
    2.241425856926728,
    3.1209943304180205,
    3.174267604222467,
    0.09040800910715614,
    -0.19966993003871752,
    3.2377865633105727,
    3.43583692340862,
    2.6176350089551663,
    2.6998656535570555,
    2.322388847884228,
    1.7700033181201789,
    2.1073568618138636,
    0.6067333855915279,
    3.949560203423194,
    2.711592413417598,
    2.4872013400678363,
    1.508895872335677,
    2.3016364294607867,
    2.3382877339912427,
    2.4405510273532447,
    1.5487514819513275,
    3.297807245029292,
    1.7901807185186889,
    1.166140593733628,
    2.473670346748123,
    1.441268280545432,
    1.087347628580033,
    1.1745657661391156,
    1.936287874163461,
    2.142369931233012
  ],
  "gate_trust_rate": 0.9766666666666667,
  "gated_prediction_accuracy": 0.7366666666666667,
  "signal_accuracy": 0.76,
  "tom_belief_accuracy_in_gated": 0.6533333333333333,
  "dp_conflict_rate": 0.26666666666666666,
  "dp_intervention_rate": 0.26666666666666666,
  "cell": "het_gsaca",
  "gsaca_detected_structure": "anti_coord",
  "gsaca_oracle_structure": "anti_coord",
  "gsaca_detection_correct": true,
  "gsaca_split_score": 0.7824613067801494,
  "gsaca_warmup_episodes": 5,
  "gsaca_n_observations": 25,
  "wall_time_s": 564.4805269241333,
  "config": {
    "game": "deadlock",
    "n_agents": 2,
    "horizon": 5,
    "memory": 2,
    "models_homo": "Qwen/Qwen2.5-7B-Instruct",
    "temp_homo": 0.7,
    "tom_order": 1,
    "seed": 45,
    "cell_name": "het_gsaca",
    "gate_trust_threshold": 0.6,
    "gate_ema_alpha": 0.3,
    "atom_warmup": 3,
    "homogeneous": false,
    "use_tom": true,
    "use_talk": true,
    "adaptive_tom": true,
    "gated_talk_tom": true,
    "diversity_preserving_gate": true
  },
  "team_mean_payoff": 1.6260724723191897
}