{
  "perspective_diversity": 0.10480900099940867,
  "cooperation_payoff": 2.666,
  "cooperation_payoff_ci": [
    2.62395,
    2.7080500000000005
  ],
  "equilibrium_convergence": 0.98,
  "tom_prediction_accuracy": 0.6708333333333333,
  "tom_prediction_accuracy_ci": [
    0.6441666666666667,
    0.6966874999999999
  ],
  "n_episodes": 20,
  "action_dist_agent1": [
    0.73,
    0.27
  ],
  "per_episode_payoffs": [
    2.6399999999999997,
    2.6,
    2.6,
    2.8,
    2.44,
    2.7199999999999998,
    2.6,
    2.8,
    2.6800000000000006,
    2.56,
    2.6399999999999997,
    2.6399999999999997,
    2.72,
    2.88,
    2.7199999999999998,
    2.6,
    2.76,
    2.5599999999999996,
    2.7199999999999998,
    2.6399999999999997
  ],
  "gate_trust_rate": 0.9358333333333333,
  "gated_prediction_accuracy": 0.8275,
  "signal_accuracy": 0.855,
  "tom_belief_accuracy_in_gated": 0.6708333333333333,
  "dp_conflict_rate": 0.3225,
  "dp_intervention_rate": 0.3225,
  "cell": "het_gated_atom_talk",
  "wall_time_s": 3023.3700296878815,
  "config": {
    "game": "public_goods",
    "n_agents": 4,
    "horizon": 5,
    "memory": 2,
    "models_homo": "Qwen/Qwen2.5-7B-Instruct",
    "temp_homo": 0.7,
    "tom_order": 1,
    "seed": 52,
    "cell_name": "het_gated_atom_talk",
    "gate_trust_threshold": 0.6,
    "gate_ema_alpha": 0.3,
    "atom_warmup": 3,
    "homogeneous": false,
    "use_tom": true,
    "use_talk": true,
    "adaptive_tom": true,
    "gated_talk_tom": true,
    "diversity_preserving_gate": false
  },
  "team_mean_payoff": 2.5235
}