{
  "perspective_diversity": 0.15950634968621433,
  "cooperation_payoff": 2.313333333333333,
  "cooperation_payoff_ci": [
    2.166666666666667,
    2.4666666666666663
  ],
  "equilibrium_convergence": 0.92,
  "tom_prediction_accuracy": 0.6333333333333333,
  "tom_prediction_accuracy_ci": [
    0.5766666666666667,
    0.69
  ],
  "n_episodes": 30,
  "action_dist_agent1": [
    0.5066666666666667,
    0.49333333333333335
  ],
  "per_episode_payoffs": [
    2.2,
    1.6,
    2.4,
    3.2,
    2.2,
    2.6,
    2.0,
    2.6,
    2.2,
    2.6,
    2.2,
    1.6,
    2.2,
    2.2,
    2.4,
    2.0,
    2.6,
    2.0,
    2.6,
    2.0,
    2.2,
    2.0,
    3.0,
    2.6,
    2.6,
    1.4,
    3.2,
    1.8,
    2.6,
    2.6
  ],
  "gate_trust_rate": 0.9266666666666666,
  "gated_prediction_accuracy": 0.69,
  "signal_accuracy": 0.6966666666666667,
  "tom_belief_accuracy_in_gated": 0.6333333333333333,
  "dp_conflict_rate": 0.29,
  "dp_intervention_rate": 0.29,
  "cell": "het_role_asym",
  "wall_time_s": 582.9193425178528,
  "config": {
    "game": "deadlock",
    "n_agents": 2,
    "horizon": 5,
    "memory": 2,
    "models_homo": "Qwen/Qwen2.5-7B-Instruct",
    "temp_homo": 0.7,
    "tom_order": 1,
    "seed": 44,
    "cell_name": "het_role_asym",
    "gate_trust_threshold": 0.6,
    "gate_ema_alpha": 0.3,
    "atom_warmup": 3,
    "homogeneous": false,
    "use_tom": true,
    "use_talk": true,
    "adaptive_tom": true,
    "gated_talk_tom": true,
    "diversity_preserving_gate": true,
    "role_asymmetric_hint": true
  },
  "team_mean_payoff": 1.793333333333333
}