{
  "perspective_diversity": 0.04552704691532042,
  "cooperation_payoff": 2.733333333333333,
  "cooperation_payoff_ci": [
    2.3733333333333335,
    3.0933333333333333
  ],
  "equilibrium_convergence": 0.9866666666666667,
  "tom_prediction_accuracy": 0.5866666666666667,
  "tom_prediction_accuracy_ci": [
    0.53,
    0.6434166666666662
  ],
  "n_episodes": 30,
  "action_dist_agent1": [
    0.5133333333333333,
    0.4866666666666667
  ],
  "per_episode_payoffs": [
    1.4,
    3.2,
    3.4,
    2.6,
    3.2,
    2.6,
    2.2,
    3.6,
    1.6,
    1.2,
    2.8,
    3.2,
    2.4,
    1.4,
    2.0,
    1.6,
    3.0,
    2.6,
    3.4,
    2.6,
    3.4,
    0.4,
    3.4,
    3.0,
    3.0,
    2.6,
    3.8,
    5.0,
    4.6,
    2.8
  ],
  "gate_trust_rate": 0.7533333333333333,
  "gated_prediction_accuracy": 0.6,
  "signal_accuracy": 0.56,
  "tom_belief_accuracy_in_gated": 0.5866666666666667,
  "dp_conflict_rate": 0.38666666666666666,
  "dp_intervention_rate": 0.38666666666666666,
  "cell": "hom_gsaca",
  "gsaca_detected_structure": "anti_coord",
  "gsaca_oracle_structure": "anti_coord",
  "gsaca_detection_correct": true,
  "gsaca_split_score": 0.8571428571428572,
  "gsaca_warmup_episodes": 5,
  "gsaca_n_observations": 25,
  "wall_time_s": 1045.9175863265991,
  "config": {
    "game": "chicken",
    "n_agents": 2,
    "horizon": 5,
    "memory": 2,
    "models_homo": "THUDM/GLM-4-9B-0414",
    "temp_homo": 0.7,
    "tom_order": 1,
    "seed": 42,
    "cell_name": "hom_gsaca",
    "gate_trust_threshold": 0.6,
    "gate_ema_alpha": 0.3,
    "atom_warmup": 3,
    "homogeneous": true,
    "use_tom": true,
    "use_talk": true,
    "adaptive_tom": true,
    "gated_talk_tom": true,
    "diversity_preserving_gate": true
  },
  "team_mean_payoff": 2.44
}