{
  "perspective_diversity": 0.08168177143536201,
  "cooperation_payoff": 1.4333333333333336,
  "cooperation_payoff_ci": [
    1.1733333333333336,
    1.7000000000000002
  ],
  "equilibrium_convergence": 0.9066666666666666,
  "tom_prediction_accuracy": 0.6066666666666667,
  "tom_prediction_accuracy_ci": [
    0.55,
    0.66
  ],
  "n_episodes": 30,
  "action_dist_agent1": [
    0.42,
    0.58
  ],
  "per_episode_payoffs": [
    2.2,
    3.0,
    1.4,
    1.0,
    1.0,
    1.4,
    0.0,
    2.2,
    0.6,
    0.8,
    0.8,
    0.6,
    2.2,
    0.8,
    1.8,
    1.0,
    3.0,
    1.2,
    1.6,
    1.8,
    0.8,
    1.2,
    1.4,
    1.4,
    2.2,
    0.4,
    2.2,
    2.0,
    0.8,
    2.2
  ],
  "gate_trust_rate": 0.8233333333333334,
  "gated_prediction_accuracy": 0.61,
  "signal_accuracy": 0.5666666666666667,
  "tom_belief_accuracy_in_gated": 0.6066666666666667,
  "dp_conflict_rate": 0.3333333333333333,
  "dp_intervention_rate": 0.3333333333333333,
  "cell": "het_gated_atom_talk",
  "wall_time_s": 478.43193531036377,
  "config": {
    "game": "hawk_dove",
    "n_agents": 2,
    "horizon": 5,
    "memory": 2,
    "models_homo": "Qwen/Qwen2.5-7B-Instruct",
    "temp_homo": 0.7,
    "tom_order": 1,
    "seed": 46,
    "cell_name": "het_gated_atom_talk",
    "homogeneous": false,
    "use_tom": true,
    "use_talk": true,
    "adaptive_tom": true,
    "gated_talk_tom": true,
    "diversity_preserving_gate": false
  },
  "team_mean_payoff": 1.1333333333333333
}