{
  "perspective_diversity": 0.5020649064854885,
  "cooperation_payoff": 3.3199999999999994,
  "cooperation_payoff_ci": [
    2.9266666666666667,
    3.706833333333331
  ],
  "equilibrium_convergence": 0.96,
  "tom_prediction_accuracy": 0.6933333333333334,
  "tom_prediction_accuracy_ci": [
    0.6432500000000001,
    0.7466666666666667
  ],
  "n_episodes": 30,
  "action_dist_agent1": [
    0.26,
    0.74
  ],
  "per_episode_payoffs": [
    4.6,
    4.6,
    4.6,
    4.6,
    3.6,
    3.6,
    3.2,
    2.2,
    1.6,
    4.2,
    2.6,
    2.4,
    4.6,
    1.8,
    3.6,
    2.2,
    2.6,
    4.6,
    1.4,
    2.6,
    2.2,
    3.6,
    2.8,
    4.6,
    2.6,
    4.6,
    3.6,
    4.6,
    3.6,
    2.2
  ],
  "gate_trust_rate": 0.8666666666666667,
  "gated_prediction_accuracy": 0.68,
  "signal_accuracy": 0.7066666666666667,
  "tom_belief_accuracy_in_gated": 0.6933333333333334,
  "dp_conflict_rate": 0.26666666666666666,
  "dp_intervention_rate": 0.26666666666666666,
  "cell": "het_dp_gated_atom_talk",
  "wall_time_s": 466.70146131515503,
  "config": {
    "game": "chicken",
    "n_agents": 2,
    "horizon": 5,
    "memory": 2,
    "models_homo": "Qwen/Qwen2.5-7B-Instruct",
    "temp_homo": 0.7,
    "tom_order": 1,
    "seed": 46,
    "cell_name": "het_dp_gated_atom_talk",
    "gate_trust_threshold": 0.75,
    "gate_ema_alpha": 0.3,
    "atom_warmup": 3,
    "homogeneous": false,
    "use_tom": true,
    "use_talk": true,
    "adaptive_tom": true,
    "gated_talk_tom": true,
    "diversity_preserving_gate": true
  },
  "team_mean_payoff": 2.36
}