{
  "perspective_diversity": 0.15003378156686567,
  "cooperation_payoff": 2.353333333333333,
  "cooperation_payoff_ci": [
    2.1333333333333333,
    2.5866666666666664
  ],
  "equilibrium_convergence": 0.92,
  "tom_prediction_accuracy": 0.6433333333333333,
  "tom_prediction_accuracy_ci": [
    0.59,
    0.7
  ],
  "n_episodes": 30,
  "action_dist_agent1": [
    0.5066666666666667,
    0.49333333333333335
  ],
  "per_episode_payoffs": [
    3.2,
    3.2,
    3.2,
    2.4,
    2.0,
    2.0,
    2.0,
    2.0,
    2.4,
    2.4,
    3.0,
    2.2,
    2.8,
    2.2,
    3.6,
    2.6,
    1.4,
    1.8,
    1.2,
    1.4,
    1.2,
    2.6,
    3.2,
    2.4,
    3.2,
    1.8,
    2.8,
    1.6,
    2.2,
    2.6
  ],
  "gate_trust_rate": 0.9266666666666666,
  "gated_prediction_accuracy": 0.7066666666666667,
  "signal_accuracy": 0.7066666666666667,
  "tom_belief_accuracy_in_gated": 0.6433333333333333,
  "dp_conflict_rate": 0.27,
  "dp_intervention_rate": 0.27,
  "cell": "het_dp_gated_atom_talk",
  "wall_time_s": 607.130364894867,
  "config": {
    "game": "deadlock",
    "n_agents": 2,
    "horizon": 5,
    "memory": 2,
    "models_homo": "Qwen/Qwen2.5-7B-Instruct",
    "temp_homo": 0.7,
    "tom_order": 1,
    "seed": 42,
    "cell_name": "het_dp_gated_atom_talk",
    "gate_trust_threshold": 0.6,
    "gate_ema_alpha": 0.3,
    "atom_warmup": 3,
    "homogeneous": false,
    "use_tom": true,
    "use_talk": true,
    "adaptive_tom": true,
    "gated_talk_tom": true,
    "diversity_preserving_gate": true
  },
  "team_mean_payoff": 1.8466666666666665
}