{
  "perspective_diversity": 0.0862925685935711,
  "cooperation_payoff": 1.133333333333333,
  "cooperation_payoff_ci": [
    1.0533333333333335,
    1.2133333333333334
  ],
  "equilibrium_convergence": 0.9733333333333333,
  "tom_prediction_accuracy": 0.49,
  "tom_prediction_accuracy_ci": [
    0.43666666666666665,
    0.55
  ],
  "n_episodes": 30,
  "action_dist_agent1": [
    0.37333333333333335,
    0.6266666666666667
  ],
  "per_episode_payoffs": [
    1.0,
    1.2,
    1.0,
    1.0,
    0.8,
    0.8,
    1.2,
    1.0,
    1.4,
    1.4,
    1.2,
    1.0,
    1.4,
    0.6,
    1.4,
    1.2,
    1.4,
    1.2,
    1.2,
    1.6,
    1.0,
    1.0,
    1.0,
    1.4,
    1.2,
    1.0,
    1.2,
    1.4,
    0.8,
    1.0
  ],
  "gate_trust_rate": 0.5466666666666666,
  "gated_prediction_accuracy": 0.49333333333333335,
  "signal_accuracy": 0.4666666666666667,
  "tom_belief_accuracy_in_gated": 0.49,
  "dp_conflict_rate": 0.6166666666666667,
  "dp_intervention_rate": 0.6166666666666667,
  "cell": "hom_gsaca",
  "gsaca_detected_structure": "anti_coord",
  "gsaca_oracle_structure": "anti_coord",
  "gsaca_detection_correct": true,
  "gsaca_split_score": 0.5714285714285714,
  "gsaca_warmup_episodes": 5,
  "gsaca_n_observations": 25,
  "wall_time_s": 581.5657601356506,
  "config": {
    "game": "hawk_dove",
    "n_agents": 2,
    "horizon": 5,
    "memory": 2,
    "models_homo": "Qwen/Qwen2.5-7B-Instruct",
    "temp_homo": 0.7,
    "tom_order": 1,
    "seed": 44,
    "cell_name": "hom_gsaca",
    "gate_trust_threshold": 0.6,
    "gate_ema_alpha": 0.3,
    "atom_warmup": 3,
    "homogeneous": true,
    "use_tom": true,
    "use_talk": true,
    "adaptive_tom": true,
    "gated_talk_tom": true,
    "diversity_preserving_gate": true
  },
  "team_mean_payoff": 0.8233333333333335
}