{
  "perspective_diversity": 0.1906216342040681,
  "cooperation_payoff": 1.6800000000000004,
  "cooperation_payoff_ci": [
    1.4400000000000004,
    1.9066666666666665
  ],
  "equilibrium_convergence": 0.9733333333333334,
  "tom_prediction_accuracy": 0.6066666666666667,
  "tom_prediction_accuracy_ci": [
    0.5533333333333333,
    0.66
  ],
  "n_episodes": 30,
  "action_dist_agent1": [
    0.8266666666666667,
    0.17333333333333334
  ],
  "per_episode_payoffs": [
    1.0,
    1.2,
    1.2,
    2.2,
    1.0,
    2.2,
    1.2,
    1.6,
    1.0,
    2.2,
    0.6,
    2.2,
    1.6,
    1.2,
    1.0,
    2.4,
    1.6,
    1.6,
    1.6,
    2.4,
    0.6,
    2.8,
    1.2,
    2.8,
    2.4,
    1.2,
    2.2,
    1.2,
    2.2,
    2.8
  ],
  "gate_trust_rate": 0.8966666666666666,
  "gated_prediction_accuracy": 0.7033333333333334,
  "signal_accuracy": 0.76,
  "tom_belief_accuracy_in_gated": 0.6066666666666667,
  "dp_conflict_rate": 0.32,
  "dp_intervention_rate": 0.32,
  "cell": "het_dp_gated_atom_talk",
  "wall_time_s": 468.622065782547,
  "config": {
    "game": "battle_of_the_sexes",
    "n_agents": 2,
    "horizon": 5,
    "memory": 2,
    "models_homo": "Qwen/Qwen2.5-7B-Instruct",
    "temp_homo": 0.7,
    "tom_order": 1,
    "seed": 45,
    "cell_name": "het_dp_gated_atom_talk",
    "homogeneous": false,
    "use_tom": true,
    "use_talk": true,
    "adaptive_tom": true,
    "gated_talk_tom": true,
    "diversity_preserving_gate": true
  },
  "team_mean_payoff": 1.5
}