{
  "perspective_diversity": 0.2163834014985287,
  "cooperation_payoff": 1.7000000000000002,
  "cooperation_payoff_ci": [
    1.4200000000000002,
    1.9866666666666668
  ],
  "equilibrium_convergence": 0.9866666666666666,
  "tom_prediction_accuracy": 0.6033333333333334,
  "tom_prediction_accuracy_ci": [
    0.5466666666666666,
    0.66
  ],
  "n_episodes": 30,
  "action_dist_agent1": [
    0.7933333333333333,
    0.20666666666666667
  ],
  "per_episode_payoffs": [
    2.2,
    1.0,
    2.2,
    0.0,
    1.0,
    2.6,
    1.6,
    2.2,
    1.0,
    2.6,
    0.6,
    1.0,
    1.2,
    2.2,
    1.6,
    1.0,
    2.8,
    2.8,
    2.2,
    1.6,
    1.0,
    2.8,
    0.6,
    2.8,
    0.6,
    2.2,
    1.0,
    2.8,
    2.2,
    1.6
  ],
  "gate_trust_rate": 0.9833333333333333,
  "gated_prediction_accuracy": 0.77,
  "signal_accuracy": 0.7733333333333333,
  "tom_belief_accuracy_in_gated": 0.6033333333333334,
  "dp_conflict_rate": 0.3433333333333333,
  "dp_intervention_rate": 0.3433333333333333,
  "cell": "het_dp_gated_atom_talk",
  "wall_time_s": 526.9968845844269,
  "config": {
    "game": "battle_of_the_sexes",
    "n_agents": 2,
    "horizon": 5,
    "memory": 2,
    "models_homo": "Qwen/Qwen2.5-7B-Instruct",
    "temp_homo": 0.7,
    "tom_order": 1,
    "seed": 46,
    "cell_name": "het_dp_gated_atom_talk",
    "gate_trust_threshold": 0.3,
    "gate_ema_alpha": 0.3,
    "atom_warmup": 3,
    "homogeneous": false,
    "use_tom": true,
    "use_talk": true,
    "adaptive_tom": true,
    "gated_talk_tom": true,
    "diversity_preserving_gate": true
  },
  "team_mean_payoff": 1.5666666666666667
}