{
  "perspective_diversity": 0.1924269055299692,
  "cooperation_payoff": 2.3733333333333335,
  "cooperation_payoff_ci": [
    2.159833333333333,
    2.586666666666667
  ],
  "equilibrium_convergence": 0.9866666666666666,
  "tom_prediction_accuracy": 0.6266666666666667,
  "tom_prediction_accuracy_ci": [
    0.5733333333333334,
    0.6833333333333333
  ],
  "n_episodes": 30,
  "action_dist_agent1": [
    0.44666666666666666,
    0.5533333333333333
  ],
  "per_episode_payoffs": [
    2.6,
    3.0,
    0.6,
    3.0,
    3.2,
    3.2,
    2.0,
    2.0,
    2.4,
    1.6,
    2.8,
    2.0,
    1.6,
    2.2,
    2.2,
    2.4,
    2.8,
    2.0,
    3.2,
    2.8,
    2.2,
    3.0,
    3.0,
    2.2,
    1.8,
    2.2,
    1.6,
    2.6,
    3.2,
    1.8
  ],
  "gate_trust_rate": 0.9266666666666666,
  "gated_prediction_accuracy": 0.68,
  "signal_accuracy": 0.6866666666666666,
  "tom_belief_accuracy_in_gated": 0.6266666666666667,
  "dp_conflict_rate": 0.32666666666666666,
  "dp_intervention_rate": 0.32666666666666666,
  "cell": "het_dp_gated_atom_talk",
  "wall_time_s": 531.7897124290466,
  "config": {
    "game": "deadlock",
    "n_agents": 2,
    "horizon": 5,
    "memory": 2,
    "models_homo": "Qwen/Qwen2.5-7B-Instruct",
    "temp_homo": 0.7,
    "tom_order": 1,
    "seed": 61,
    "cell_name": "het_dp_gated_atom_talk",
    "gate_trust_threshold": 0.6,
    "gate_ema_alpha": 0.3,
    "atom_warmup": 3,
    "homogeneous": false,
    "use_tom": true,
    "use_talk": true,
    "adaptive_tom": true,
    "gated_talk_tom": true,
    "diversity_preserving_gate": true
  },
  "team_mean_payoff": 1.7866666666666664
}