{
  "perspective_diversity": 0.322016031976416,
  "cooperation_payoff": 3.026666666666666,
  "cooperation_payoff_ci": [
    2.566499999999999,
    3.4734999999999987
  ],
  "equilibrium_convergence": 0.84,
  "tom_prediction_accuracy": 0.6633333333333333,
  "tom_prediction_accuracy_ci": [
    0.61,
    0.7133333333333334
  ],
  "n_episodes": 30,
  "action_dist_agent1": [
    0.26666666666666666,
    0.7333333333333333
  ],
  "per_episode_payoffs": [
    0.6,
    0.6,
    4.6,
    1.2,
    3.6,
    3.6,
    4.6,
    1.4,
    3.0,
    3.6,
    3.6,
    2.6,
    4.2,
    3.0,
    2.6,
    3.6,
    4.6,
    1.8,
    0.8,
    1.8,
    3.6,
    4.6,
    3.6,
    2.8,
    2.4,
    4.6,
    2.6,
    4.6,
    4.6,
    2.0
  ],
  "gate_trust_rate": 0.8966666666666666,
  "gated_prediction_accuracy": 0.6566666666666666,
  "signal_accuracy": 0.6466666666666666,
  "tom_belief_accuracy_in_gated": 0.6633333333333333,
  "dp_conflict_rate": 0.25,
  "dp_intervention_rate": 0.25,
  "cell": "het_dp_gated_atom_talk",
  "wall_time_s": 431.04077219963074,
  "config": {
    "game": "chicken",
    "n_agents": 2,
    "horizon": 5,
    "memory": 2,
    "models_homo": "Qwen/Qwen2.5-7B-Instruct",
    "temp_homo": 0.7,
    "tom_order": 1,
    "seed": 45,
    "cell_name": "het_dp_gated_atom_talk",
    "gate_trust_threshold": 0.6,
    "gate_ema_alpha": 0.1,
    "atom_warmup": 3,
    "homogeneous": false,
    "use_tom": true,
    "use_talk": true,
    "adaptive_tom": true,
    "gated_talk_tom": true,
    "diversity_preserving_gate": true
  },
  "team_mean_payoff": 2.2399999999999998
}