{
  "perspective_diversity": 0.31969013443666383,
  "cooperation_payoff": 1.5733333333333335,
  "cooperation_payoff_ci": [
    1.3200000000000005,
    1.8266666666666669
  ],
  "equilibrium_convergence": 0.9066666666666666,
  "tom_prediction_accuracy": 0.6166666666666667,
  "tom_prediction_accuracy_ci": [
    0.5566666666666666,
    0.6733333333333333
  ],
  "n_episodes": 30,
  "action_dist_agent1": [
    0.8333333333333334,
    0.16666666666666666
  ],
  "per_episode_payoffs": [
    1.2,
    1.6,
    2.2,
    1.0,
    2.8,
    1.0,
    1.0,
    2.8,
    2.2,
    1.8,
    0.6,
    0.6,
    0.6,
    0.6,
    1.2,
    2.2,
    1.0,
    1.2,
    1.0,
    2.2,
    1.2,
    1.6,
    2.2,
    2.2,
    2.8,
    1.0,
    1.6,
    1.0,
    2.2,
    2.6
  ],
  "gate_trust_rate": 0.89,
  "gated_prediction_accuracy": 0.7133333333333334,
  "signal_accuracy": 0.75,
  "tom_belief_accuracy_in_gated": 0.6166666666666667,
  "dp_conflict_rate": 0.36,
  "dp_intervention_rate": 0.36,
  "cell": "het_dp_gated_atom_talk",
  "wall_time_s": 506.80180287361145,
  "config": {
    "game": "battle_of_the_sexes",
    "n_agents": 2,
    "horizon": 5,
    "memory": 2,
    "models_homo": "Qwen/Qwen2.5-7B-Instruct",
    "temp_homo": 0.7,
    "tom_order": 1,
    "seed": 49,
    "cell_name": "het_dp_gated_atom_talk",
    "gate_trust_threshold": 0.6,
    "gate_ema_alpha": 0.3,
    "atom_warmup": 3,
    "homogeneous": false,
    "use_tom": true,
    "use_talk": true,
    "adaptive_tom": true,
    "gated_talk_tom": true,
    "diversity_preserving_gate": true
  },
  "team_mean_payoff": 1.4333333333333333
}