{
  "perspective_diversity": 0.22005982218639578,
  "cooperation_payoff": 2.114038243998952,
  "cooperation_payoff_ci": [
    1.7751714987292824,
    2.420794950195976
  ],
  "equilibrium_convergence": 0.8933333333333333,
  "tom_prediction_accuracy": 0.66,
  "tom_prediction_accuracy_ci": [
    0.6033333333333334,
    0.7133333333333334
  ],
  "n_episodes": 30,
  "action_dist_agent1": [
    0.32,
    0.68
  ],
  "per_episode_payoffs": [
    3.041425856926728,
    3.520994330418021,
    2.3742676042224673,
    -0.5095919908928439,
    0.8003300699612824,
    2.637786563310573,
    2.835836923408619,
    2.0176350089551667,
    2.6998656535570555,
    2.7223888478842277,
    2.1700033181201794,
    1.5073568618138637,
    1.406733385591528,
    2.3495602034231937,
    2.111592413417598,
    1.8872013400678362,
    1.3088958723356767,
    2.901636429460787,
    1.1382877339912425,
    2.6405510273532444,
    1.7487514819513272,
    3.497807245029292,
    2.390180718518689,
    0.766140593733628,
    3.6736703467481227,
    2.441268280545432,
    1.087347628580033,
    1.5745657661391157,
    1.936287874163461,
    2.7423699312330116
  ],
  "gate_trust_rate": 0.98,
  "gated_prediction_accuracy": 0.66,
  "signal_accuracy": 0.68,
  "tom_belief_accuracy_in_gated": 0.62,
  "dp_conflict_rate": 0.26,
  "dp_intervention_rate": 0.26,
  "cell": "het_gsaca",
  "gsaca_detected_structure": "coord",
  "gsaca_oracle_structure": "anti_coord",
  "gsaca_detection_correct": false,
  "gsaca_split_score": -0.17699238495292846,
  "gsaca_warmup_episodes": 5,
  "gsaca_n_observations": 25,
  "wall_time_s": 562.4416346549988,
  "config": {
    "game": "deadlock",
    "n_agents": 2,
    "horizon": 5,
    "memory": 2,
    "models_homo": "Qwen/Qwen2.5-7B-Instruct",
    "temp_homo": 0.7,
    "tom_order": 1,
    "seed": 42,
    "cell_name": "het_gsaca",
    "gate_trust_threshold": 0.6,
    "gate_ema_alpha": 0.3,
    "atom_warmup": 3,
    "homogeneous": false,
    "use_tom": true,
    "use_talk": true,
    "adaptive_tom": true,
    "gated_talk_tom": true,
    "diversity_preserving_gate": true
  },
  "team_mean_payoff": 1.5727391389858563
}