{
  "perspective_diversity": 0.041928476170659035,
  "cooperation_payoff": 2.5660000000000003,
  "cooperation_payoff_ci": [
    2.5460000000000003,
    2.5860000000000003
  ],
  "equilibrium_convergence": 0.98,
  "tom_prediction_accuracy": 0.8091666666666667,
  "tom_prediction_accuracy_ci": [
    0.7858333333333334,
    0.8308541666666666
  ],
  "n_episodes": 20,
  "action_dist_agent1": [
    0.97,
    0.03
  ],
  "per_episode_payoffs": [
    2.52,
    2.4799999999999995,
    2.52,
    2.6,
    2.6,
    2.52,
    2.56,
    2.52,
    2.6,
    2.52,
    2.6,
    2.6,
    2.6,
    2.6,
    2.64,
    2.6,
    2.6,
    2.52,
    2.6,
    2.52
  ],
  "gate_trust_rate": 0.8833333333333333,
  "gated_prediction_accuracy": 0.7388888888888889,
  "signal_accuracy": 0.8,
  "tom_belief_accuracy_in_gated": 0.6888888888888889,
  "dp_conflict_rate": 0.32222222222222224,
  "dp_intervention_rate": 0.32222222222222224,
  "cell": "het_gsaca",
  "gsaca_detected_structure": "coord",
  "gsaca_oracle_structure": "coord",
  "gsaca_detection_correct": true,
  "gsaca_split_score": -0.15000000000000036,
  "gsaca_warmup_episodes": 3,
  "gsaca_n_observations": 15,
  "wall_time_s": 2776.3669576644897,
  "config": {
    "game": "public_goods",
    "n_agents": 4,
    "horizon": 5,
    "memory": 2,
    "models_homo": "Qwen/Qwen2.5-7B-Instruct",
    "temp_homo": 0.7,
    "tom_order": 1,
    "seed": 56,
    "cell_name": "het_gsaca",
    "gate_trust_threshold": 0.6,
    "gate_ema_alpha": 0.3,
    "atom_warmup": 3,
    "homogeneous": false,
    "use_tom": true,
    "use_talk": true,
    "adaptive_tom": true,
    "gated_talk_tom": true,
    "diversity_preserving_gate": true
  },
  "team_mean_payoff": 2.5760000000000005
}