{
  "perspective_diversity": 0.06097505282251318,
  "cooperation_payoff": 2.58,
  "cooperation_payoff_ci": [
    2.54995,
    2.6080500000000004
  ],
  "equilibrium_convergence": 0.88,
  "tom_prediction_accuracy": 0.66,
  "tom_prediction_accuracy_ci": [
    0.6333333333333333,
    0.6883333333333334
  ],
  "n_episodes": 20,
  "action_dist_agent1": [
    0.76,
    0.24
  ],
  "per_episode_payoffs": [
    2.64,
    2.56,
    2.6399999999999997,
    2.48,
    2.4800000000000004,
    2.5200000000000005,
    2.64,
    2.6,
    2.64,
    2.5200000000000005,
    2.6,
    2.56,
    2.56,
    2.6399999999999997,
    2.5200000000000005,
    2.6399999999999997,
    2.6,
    2.4400000000000004,
    2.72,
    2.6
  ],
  "gate_trust_rate": 0.945,
  "gated_prediction_accuracy": 0.785,
  "signal_accuracy": 0.825,
  "tom_belief_accuracy_in_gated": 0.66,
  "dp_conflict_rate": 0.2833333333333333,
  "dp_intervention_rate": 0.2833333333333333,
  "cell": "het_dp_gated_atom_talk",
  "wall_time_s": 2608.0921959877014,
  "config": {
    "game": "public_goods",
    "n_agents": 4,
    "horizon": 5,
    "memory": 2,
    "models_homo": "Qwen/Qwen2.5-7B-Instruct",
    "temp_homo": 0.7,
    "tom_order": 1,
    "seed": 48,
    "cell_name": "het_dp_gated_atom_talk",
    "gate_trust_threshold": 0.6,
    "gate_ema_alpha": 0.3,
    "atom_warmup": 3,
    "homogeneous": false,
    "use_tom": true,
    "use_talk": true,
    "adaptive_tom": true,
    "gated_talk_tom": true,
    "diversity_preserving_gate": true
  },
  "team_mean_payoff": 2.5025000000000004
}