{
  "perspective_diversity": 0.1111942004114419,
  "cooperation_payoff": 1.5399999999999998,
  "cooperation_payoff_ci": [
    1.2666666666666666,
    1.8066666666666669
  ],
  "equilibrium_convergence": 0.9866666666666667,
  "tom_prediction_accuracy": 0.5466666666666666,
  "tom_prediction_accuracy_ci": [
    0.49333333333333335,
    0.6033333333333334
  ],
  "n_episodes": 30,
  "action_dist_agent1": [
    0.47333333333333333,
    0.5266666666666666
  ],
  "per_episode_payoffs": [
    0.2,
    1.6,
    1.8,
    2.2,
    1.0,
    0.8,
    1.6,
    2.6,
    2.6,
    2.6,
    0.4,
    0.4,
    2.8,
    1.2,
    1.8,
    1.6,
    0.8,
    1.4,
    1.8,
    1.6,
    1.8,
    2.4,
    2.8,
    1.8,
    0.6,
    1.2,
    0.8,
    1.0,
    2.0,
    1.0
  ],
  "gate_trust_rate": 0.8233333333333334,
  "gated_prediction_accuracy": 0.5666666666666667,
  "signal_accuracy": 0.5833333333333334,
  "tom_belief_accuracy_in_gated": 0.5466666666666666,
  "dp_conflict_rate": 0.38333333333333336,
  "dp_intervention_rate": 0.38333333333333336,
  "cell": "het_combo_anti",
  "wall_time_s": 544.811372756958,
  "config": {
    "game": "hawk_dove",
    "n_agents": 2,
    "horizon": 5,
    "memory": 2,
    "models_homo": "Qwen/Qwen2.5-7B-Instruct",
    "temp_homo": 0.7,
    "tom_order": 1,
    "seed": 46,
    "cell_name": "het_combo_anti",
    "gate_trust_threshold": 0.6,
    "gate_ema_alpha": 0.3,
    "atom_warmup": 3,
    "homogeneous": false,
    "use_tom": true,
    "use_talk": true,
    "adaptive_tom": true,
    "gated_talk_tom": true,
    "diversity_preserving_gate": true,
    "role_asymmetric_hint": true,
    "history_split_hint": true,
    "adaptive_intervention": true,
    "adaptive_interv_threshold": 0.3
  },
  "team_mean_payoff": 1.2000000000000002
}