{
  "perspective_diversity": 0.4564078384985794,
  "cooperation_payoff": 3.38,
  "cooperation_payoff_ci": [
    2.9265,
    3.806666666666666
  ],
  "equilibrium_convergence": 0.9733333333333333,
  "tom_prediction_accuracy": 0.6166666666666667,
  "tom_prediction_accuracy_ci": [
    0.5633333333333334,
    0.6733333333333333
  ],
  "n_episodes": 30,
  "action_dist_agent1": [
    0.26666666666666666,
    0.7333333333333333
  ],
  "per_episode_payoffs": [
    3.6,
    0.4,
    0.8,
    4.0,
    2.2,
    4.6,
    1.0,
    3.6,
    3.6,
    4.6,
    2.4,
    4.2,
    4.2,
    4.6,
    4.2,
    4.6,
    4.6,
    4.6,
    3.2,
    2.6,
    2.8,
    3.2,
    4.6,
    4.6,
    3.6,
    3.6,
    2.4,
    1.2,
    3.2,
    4.6
  ],
  "gate_trust_rate": 0.7266666666666667,
  "gated_prediction_accuracy": 0.6166666666666667,
  "signal_accuracy": 0.6366666666666667,
  "tom_belief_accuracy_in_gated": 0.6166666666666667,
  "dp_conflict_rate": 0.3,
  "dp_intervention_rate": 0.3,
  "cell": "het_dp_gated_atom_talk",
  "wall_time_s": 482.3506853580475,
  "config": {
    "game": "chicken",
    "n_agents": 2,
    "horizon": 5,
    "memory": 2,
    "models_homo": "Qwen/Qwen2.5-7B-Instruct",
    "temp_homo": 0.7,
    "tom_order": 1,
    "seed": 42,
    "cell_name": "het_dp_gated_atom_talk",
    "gate_trust_threshold": 0.9,
    "gate_ema_alpha": 0.3,
    "atom_warmup": 3,
    "homogeneous": false,
    "use_tom": true,
    "use_talk": true,
    "adaptive_tom": true,
    "gated_talk_tom": true,
    "diversity_preserving_gate": true
  },
  "team_mean_payoff": 2.4600000000000004
}