{
  "perspective_diversity": 0.056677142724261,
  "cooperation_payoff": 2.4533333333333327,
  "cooperation_payoff_ci": [
    2.066666666666667,
    2.8066666666666666
  ],
  "equilibrium_convergence": 0.7466666666666666,
  "tom_prediction_accuracy": 0.6733333333333333,
  "tom_prediction_accuracy_ci": [
    0.62,
    0.73
  ],
  "n_episodes": 30,
  "action_dist_agent1": [
    0.44666666666666666,
    0.5533333333333333
  ],
  "per_episode_payoffs": [
    1.6,
    1.0,
    3.0,
    3.0,
    1.0,
    1.2,
    3.0,
    2.4,
    3.0,
    4.0,
    3.0,
    2.6,
    3.2,
    2.4,
    0.2,
    0.4,
    3.0,
    3.0,
    3.2,
    3.0,
    2.4,
    3.0,
    2.0,
    3.0,
    3.0,
    2.8,
    5.0,
    2.6,
    1.0,
    1.6
  ],
  "gate_trust_rate": 0.8466666666666667,
  "gated_prediction_accuracy": 0.6466666666666666,
  "signal_accuracy": 0.6133333333333333,
  "tom_belief_accuracy_in_gated": 0.6733333333333333,
  "dp_conflict_rate": 0.25333333333333335,
  "dp_intervention_rate": 0.25333333333333335,
  "cell": "het_gated_atom_talk",
  "wall_time_s": 467.9036166667938,
  "config": {
    "game": "chicken",
    "n_agents": 2,
    "horizon": 5,
    "memory": 2,
    "models_homo": "Qwen/Qwen2.5-7B-Instruct",
    "temp_homo": 0.7,
    "tom_order": 1,
    "seed": 46,
    "cell_name": "het_gated_atom_talk",
    "gate_trust_threshold": 0.6,
    "gate_ema_alpha": 0.3,
    "atom_warmup": 3,
    "homogeneous": false,
    "use_tom": true,
    "use_talk": true,
    "adaptive_tom": true,
    "gated_talk_tom": true,
    "diversity_preserving_gate": false
  },
  "team_mean_payoff": 2.12
}