{
  "perspective_diversity": 0.13991109767273494,
  "cooperation_payoff": 1.2936857886661426,
  "cooperation_payoff_ci": [
    0.9620100589170849,
    1.627467756906832
  ],
  "equilibrium_convergence": 0.9866666666666667,
  "tom_prediction_accuracy": 0.5833333333333334,
  "tom_prediction_accuracy_ci": [
    0.53,
    0.6366666666666667
  ],
  "n_episodes": 30,
  "action_dist_agent1": [
    0.3933333333333333,
    0.6066666666666667
  ],
  "per_episode_payoffs": [
    1.8207129284633639,
    3.0604971652090107,
    1.487133802111234,
    0.5452040045535781,
    0.10016503498064129,
    1.5188932816552865,
    0.017918461704309573,
    1.6088175044775834,
    1.949932826778528,
    1.161194423942114,
    1.4850016590600899,
    1.8536784309069323,
    2.3033666927957643,
    1.5747801017115968,
    1.8557962067087992,
    0.2436006700339181,
    -0.045552063832161635,
    1.6508182147303934,
    0.8691438669956213,
    1.4202755136766223,
    0.7743757409756638,
    3.048903622514646,
    0.9950903592593445,
    2.083070296866814,
    2.3368351733740615,
    0.6206341402727162,
    -1.1563261857099836,
    1.2872828830695577,
    0.06814393708173058,
    2.2711849656165057
  ],
  "gate_trust_rate": 0.8366666666666667,
  "gated_prediction_accuracy": 0.6333333333333333,
  "signal_accuracy": 0.6566666666666666,
  "tom_belief_accuracy_in_gated": 0.5833333333333334,
  "dp_conflict_rate": 0.43333333333333335,
  "dp_intervention_rate": 0.43333333333333335,
  "cell": "het_gsaca",
  "gsaca_detected_structure": "anti_coord",
  "gsaca_oracle_structure": "anti_coord",
  "gsaca_detection_correct": true,
  "gsaca_split_score": 0.8057289147163603,
  "gsaca_warmup_episodes": 5,
  "gsaca_n_observations": 25,
  "wall_time_s": 498.29289841651917,
  "config": {
    "game": "hawk_dove",
    "n_agents": 2,
    "horizon": 5,
    "memory": 2,
    "models_homo": "Qwen/Qwen2.5-7B-Instruct",
    "temp_homo": 0.7,
    "tom_order": 1,
    "seed": 44,
    "cell_name": "het_gsaca",
    "gate_trust_threshold": 0.6,
    "gate_ema_alpha": 0.3,
    "atom_warmup": 3,
    "homogeneous": false,
    "use_tom": true,
    "use_talk": true,
    "adaptive_tom": true,
    "gated_talk_tom": true,
    "diversity_preserving_gate": true
  },
  "team_mean_payoff": 0.9597029028262615
}