{
  "perspective_diversity": 0.1752335808541202,
  "cooperation_payoff": 1.7533333333333332,
  "cooperation_payoff_ci": [
    1.4933333333333336,
    2.02
  ],
  "equilibrium_convergence": 0.9466666666666667,
  "tom_prediction_accuracy": 0.64,
  "tom_prediction_accuracy_ci": [
    0.5866666666666667,
    0.6933333333333334
  ],
  "n_episodes": 30,
  "action_dist_agent1": [
    0.8266666666666667,
    0.17333333333333334
  ],
  "per_episode_payoffs": [
    2.2,
    2.6,
    1.2,
    2.2,
    1.8,
    2.4,
    1.2,
    2.6,
    1.0,
    2.8,
    1.2,
    1.8,
    2.2,
    2.8,
    1.0,
    1.2,
    1.4,
    1.2,
    0.6,
    1.0,
    0.6,
    3.0,
    1.0,
    1.6,
    1.2,
    2.8,
    1.6,
    2.4,
    1.2,
    2.8
  ],
  "gate_trust_rate": 0.9433333333333334,
  "gated_prediction_accuracy": 0.74,
  "signal_accuracy": 0.7566666666666667,
  "tom_belief_accuracy_in_gated": 0.64,
  "dp_conflict_rate": 0.31666666666666665,
  "dp_intervention_rate": 0.31666666666666665,
  "cell": "het_dp_gated_atom_talk",
  "wall_time_s": 501.64762353897095,
  "config": {
    "game": "battle_of_the_sexes",
    "n_agents": 2,
    "horizon": 5,
    "memory": 2,
    "models_homo": "Qwen/Qwen2.5-7B-Instruct",
    "temp_homo": 0.7,
    "tom_order": 1,
    "seed": 43,
    "cell_name": "het_dp_gated_atom_talk",
    "gate_trust_threshold": 0.6,
    "gate_ema_alpha": 0.1,
    "atom_warmup": 3,
    "homogeneous": false,
    "use_tom": true,
    "use_talk": true,
    "adaptive_tom": true,
    "gated_talk_tom": true,
    "diversity_preserving_gate": true
  },
  "team_mean_payoff": 1.5666666666666667
}