{
  "perspective_diversity": 0.10715040203006773,
  "cooperation_payoff": 1.4866666666666666,
  "cooperation_payoff_ci": [
    1.2199999999999998,
    1.7533333333333332
  ],
  "equilibrium_convergence": 0.9866666666666667,
  "tom_prediction_accuracy": 0.6133333333333333,
  "tom_prediction_accuracy_ci": [
    0.56,
    0.6666666666666666
  ],
  "n_episodes": 30,
  "action_dist_agent1": [
    0.43333333333333335,
    0.5666666666666667
  ],
  "per_episode_payoffs": [
    2.8,
    1.2,
    2.4,
    1.2,
    0.0,
    0.4,
    0.8,
    1.6,
    0.6,
    1.8,
    2.0,
    2.0,
    2.0,
    0.2,
    2.0,
    1.4,
    1.6,
    2.0,
    2.6,
    2.4,
    1.4,
    2.0,
    0.8,
    0.6,
    0.4,
    1.4,
    2.8,
    1.6,
    1.6,
    1.0
  ],
  "gate_trust_rate": 0.84,
  "gated_prediction_accuracy": 0.6166666666666667,
  "signal_accuracy": 0.61,
  "tom_belief_accuracy_in_gated": 0.6133333333333333,
  "dp_conflict_rate": 0.31666666666666665,
  "dp_intervention_rate": 0.31666666666666665,
  "cell": "het_adapt_interv",
  "wall_time_s": 504.62107157707214,
  "config": {
    "game": "hawk_dove",
    "n_agents": 2,
    "horizon": 5,
    "memory": 2,
    "models_homo": "Qwen/Qwen2.5-7B-Instruct",
    "temp_homo": 0.7,
    "tom_order": 1,
    "seed": 43,
    "cell_name": "het_adapt_interv",
    "gate_trust_threshold": 0.6,
    "gate_ema_alpha": 0.3,
    "atom_warmup": 3,
    "homogeneous": false,
    "use_tom": true,
    "use_talk": true,
    "adaptive_tom": true,
    "gated_talk_tom": true,
    "diversity_preserving_gate": true,
    "adaptive_intervention": true,
    "adaptive_interv_threshold": 0.3
  },
  "team_mean_payoff": 1.146666666666667
}