{
  "perspective_diversity": 0.38487764652806356,
  "cooperation_payoff": 1.4266666666666667,
  "cooperation_payoff_ci": [1.2200000000000002, 1.6333333333333335],
  "equilibrium_convergence": 0.8933333333333333,
  "tom_prediction_accuracy": 0.5733333333333334,
  "tom_prediction_accuracy_ci": [0.5199166666666668, 0.6266666666666667],
  "n_episodes": 30,
  "action_dist_agent1": [0.8266666666666667, 0.17333333333333334],
  "per_episode_payoffs": [1.0,1.2,1.4,1.2,1.4,2.0,1.4,1.6,1.0,1.6,1.0,1.6,1.0,1.6,1.6,2.4,0.6,0.0,3.0,2.2,0.6,1.0,1.6,1.0,2.4,1.0,1.0,2.2,1.6,1.6],
  "cell": "het_tom",
  "wall_time_s": 102.80256295204163,
  "config": {"game":"stag_hunt","n_agents":null,"horizon":5,"memory":2,"models_homo":"Qwen/Qwen2.5-3B-Instruct","temp_homo":0.7,"tom_order":1,"seed":2,"homogeneous":false,"use_tom":true,"cell_name":"het_tom"}
}