{
  "perspective_diversity": 0.004537701840423548,
  "cooperation_payoff": 2.614038243998952,
  "cooperation_payoff_ci": [
    2.2430868083338913,
    2.945081031069886
  ],
  "equilibrium_convergence": 0.9066666666666666,
  "tom_prediction_accuracy": 0.9233333333333333,
  "tom_prediction_accuracy_ci": [
    0.8933333333333333,
    0.9533333333333334
  ],
  "n_episodes": 30,
  "action_dist_agent1": [
    0.94,
    0.06
  ],
  "per_episode_payoffs": [
    3.8414258569267274,
    2.920994330418021,
    3.5742676042224675,
    -0.5095919908928439,
    0.8003300699612824,
    3.2377865633105727,
    3.43583692340862,
    2.6176350089551663,
    3.299865653557056,
    3.322388847884228,
    2.370003318120179,
    3.1073568618138636,
    2.006733385591528,
    3.7495602034231936,
    3.111592413417598,
    1.8872013400678362,
    2.508895872335677,
    3.501636429460787,
    2.3382877339912427,
    3.4405510273532443,
    1.7487514819513277,
    3.497807245029292,
    2.190180718518689,
    1.566140593733628,
    3.6736703467481227,
    3.0412682805454323,
    1.887347628580033,
    1.5745657661391157,
    1.936287874163461,
    2.7423699312330116
  ],
  "gate_trust_rate": 0.96,
  "gated_prediction_accuracy": 0.76,
  "signal_accuracy": 0.8,
  "tom_belief_accuracy_in_gated": 0.74,
  "dp_conflict_rate": 0.22,
  "dp_intervention_rate": 0.22,
  "cell": "het_gsaca",
  "gsaca_detected_structure": "coord",
  "gsaca_oracle_structure": "coord",
  "gsaca_detection_correct": true,
  "gsaca_split_score": -2.3814312010690717,
  "gsaca_warmup_episodes": 5,
  "gsaca_n_observations": 25,
  "wall_time_s": 509.6926817893982,
  "config": {
    "game": "stag_hunt",
    "n_agents": 2,
    "horizon": 5,
    "memory": 2,
    "models_homo": "Qwen/Qwen2.5-7B-Instruct",
    "temp_homo": 0.7,
    "tom_order": 1,
    "seed": 45,
    "cell_name": "het_gsaca",
    "gate_trust_threshold": 0.6,
    "gate_ema_alpha": 0.3,
    "atom_warmup": 3,
    "homogeneous": false,
    "use_tom": true,
    "use_talk": true,
    "adaptive_tom": true,
    "gated_talk_tom": true,
    "diversity_preserving_gate": true
  },
  "team_mean_payoff": 2.7060724723191902
}