{
  "perspective_diversity": 0.33084453082297666,
  "cooperation_payoff": 3.206666666666666,
  "cooperation_payoff_ci": [
    2.746666666666668,
    3.6066666666666665
  ],
  "equilibrium_convergence": 0.9733333333333333,
  "tom_prediction_accuracy": 0.6633333333333333,
  "tom_prediction_accuracy_ci": [
    0.6066666666666667,
    0.7166666666666667
  ],
  "n_episodes": 30,
  "action_dist_agent1": [
    0.32,
    0.68
  ],
  "per_episode_payoffs": [
    3.6,
    3.2,
    3.6,
    2.6,
    3.2,
    3.6,
    1.2,
    4.6,
    3.4,
    4.6,
    0.4,
    3.2,
    0.8,
    4.0,
    0.8,
    2.8,
    3.4,
    3.6,
    2.0,
    4.6,
    4.6,
    3.2,
    4.6,
    3.6,
    4.6,
    3.6,
    3.2,
    3.6,
    1.4,
    4.6
  ],
  "gate_trust_rate": 0.8733333333333333,
  "gated_prediction_accuracy": 0.64,
  "signal_accuracy": 0.64,
  "tom_belief_accuracy_in_gated": 0.6633333333333333,
  "dp_conflict_rate": 0.2633333333333333,
  "dp_intervention_rate": 0.2633333333333333,
  "cell": "het_dp_gated_atom_talk",
  "wall_time_s": 460.9627048969269,
  "config": {
    "game": "chicken",
    "n_agents": 2,
    "horizon": 5,
    "memory": 2,
    "models_homo": "Qwen/Qwen2.5-7B-Instruct",
    "temp_homo": 0.7,
    "tom_order": 1,
    "seed": 49,
    "cell_name": "het_dp_gated_atom_talk",
    "gate_trust_threshold": 0.6,
    "gate_ema_alpha": 0.3,
    "atom_warmup": 3,
    "homogeneous": false,
    "use_tom": true,
    "use_talk": true,
    "adaptive_tom": true,
    "gated_talk_tom": true,
    "diversity_preserving_gate": true
  },
  "team_mean_payoff": 2.4200000000000004
}