{
  "perspective_diversity": 0.15586727208724568,
  "cooperation_payoff": 2.3466666666666662,
  "cooperation_payoff_ci": [
    2.1133333333333337,
    2.586833333333333
  ],
  "equilibrium_convergence": 0.9733333333333333,
  "tom_prediction_accuracy": 0.5733333333333334,
  "tom_prediction_accuracy_ci": [
    0.5166666666666667,
    0.63
  ],
  "n_episodes": 30,
  "action_dist_agent1": [
    0.49333333333333335,
    0.5066666666666667
  ],
  "per_episode_payoffs": [
    2.0,
    2.0,
    3.2,
    3.0,
    1.8,
    2.0,
    1.2,
    1.8,
    3.2,
    2.8,
    3.2,
    2.0,
    2.6,
    1.8,
    3.2,
    1.8,
    3.2,
    2.2,
    3.2,
    2.4,
    2.2,
    1.8,
    2.2,
    1.8,
    2.6,
    2.2,
    0.6,
    2.2,
    3.6,
    2.6
  ],
  "gate_trust_rate": 0.9,
  "gated_prediction_accuracy": 0.6466666666666666,
  "signal_accuracy": 0.6466666666666666,
  "tom_belief_accuracy_in_gated": 0.5733333333333334,
  "dp_conflict_rate": 0.32666666666666666,
  "dp_intervention_rate": 0.32666666666666666,
  "cell": "het_dp_gated_atom_talk",
  "wall_time_s": 545.5434210300446,
  "config": {
    "game": "deadlock",
    "n_agents": 2,
    "horizon": 5,
    "memory": 2,
    "models_homo": "Qwen/Qwen2.5-7B-Instruct",
    "temp_homo": 0.7,
    "tom_order": 1,
    "seed": 44,
    "cell_name": "het_dp_gated_atom_talk",
    "gate_trust_threshold": 0.6,
    "gate_ema_alpha": 0.3,
    "atom_warmup": 3,
    "homogeneous": false,
    "use_tom": true,
    "use_talk": true,
    "adaptive_tom": true,
    "gated_talk_tom": true,
    "diversity_preserving_gate": true
  },
  "team_mean_payoff": 1.826666666666666
}