{
  "perspective_diversity": 0.07333412180944832,
  "cooperation_payoff": 2.59,
  "cooperation_payoff_ci": [
    2.524,
    2.6460500000000002
  ],
  "equilibrium_convergence": 0.98,
  "tom_prediction_accuracy": 0.6833333333333333,
  "tom_prediction_accuracy_ci": [
    0.6566666666666666,
    0.7091666666666666
  ],
  "n_episodes": 20,
  "action_dist_agent1": [
    0.85,
    0.15
  ],
  "per_episode_payoffs": [
    2.4800000000000004,
    2.6,
    2.6,
    2.56,
    2.8400000000000003,
    2.6,
    2.6,
    2.64,
    2.64,
    2.6799999999999997,
    2.2399999999999998,
    2.6,
    2.6,
    2.6399999999999997,
    2.64,
    2.6399999999999997,
    2.64,
    2.6,
    2.7600000000000002,
    2.2
  ],
  "gate_trust_rate": 0.9616666666666667,
  "gated_prediction_accuracy": 0.8483333333333334,
  "signal_accuracy": 0.875,
  "tom_belief_accuracy_in_gated": 0.6833333333333333,
  "dp_conflict_rate": 0.27,
  "dp_intervention_rate": 0.27,
  "cell": "het_gated_atom_talk",
  "wall_time_s": 2915.166195869446,
  "config": {
    "game": "public_goods",
    "n_agents": 4,
    "horizon": 5,
    "memory": 2,
    "models_homo": "Qwen/Qwen2.5-7B-Instruct",
    "temp_homo": 0.7,
    "tom_order": 1,
    "seed": 57,
    "cell_name": "het_gated_atom_talk",
    "gate_trust_threshold": 0.6,
    "gate_ema_alpha": 0.3,
    "atom_warmup": 3,
    "homogeneous": false,
    "use_tom": true,
    "use_talk": true,
    "adaptive_tom": true,
    "gated_talk_tom": true,
    "diversity_preserving_gate": false
  },
  "team_mean_payoff": 2.54
}