{
  "perspective_diversity": 0.054993505760843775,
  "cooperation_payoff": 2.2064672549015807,
  "cooperation_payoff_ci": [
    1.7586648497415602,
    2.5892627492832223
  ],
  "equilibrium_convergence": 0.96,
  "tom_prediction_accuracy": 0.6433333333333333,
  "tom_prediction_accuracy_ci": [
    0.6166666666666667,
    0.67
  ],
  "n_episodes": 20,
  "action_dist_agent1": [
    0.88,
    0.12
  ],
  "per_episode_payoffs": [
    2.6813799217606267,
    0.49917815342498634,
    0.3615474209937638,
    2.90577742141899,
    2.9334627979280716,
    1.9650951986234202,
    2.558810027976196,
    2.1886194502111045,
    2.8542846964016495,
    2.505810728861672,
    1.746517727549195,
    1.5660183008002977,
    2.425256025225048,
    -0.003954460406533933,
    2.6911488461266972,
    3.1027691781478772,
    1.4325351035841354,
    3.0713768518949034,
    3.623807306141258,
    3.019904401368251
  ],
  "gate_trust_rate": 0.8277777777777777,
  "gated_prediction_accuracy": 0.6277777777777778,
  "signal_accuracy": 0.7,
  "tom_belief_accuracy_in_gated": 0.6,
  "dp_conflict_rate": 0.34444444444444444,
  "dp_intervention_rate": 0.34444444444444444,
  "cell": "het_gsaca",
  "gsaca_detected_structure": "coord",
  "gsaca_oracle_structure": "coord",
  "gsaca_detection_correct": true,
  "gsaca_split_score": -0.2736866313325188,
  "gsaca_warmup_episodes": 3,
  "gsaca_n_observations": 15,
  "wall_time_s": 2632.865560770035,
  "config": {
    "game": "public_goods",
    "n_agents": 4,
    "horizon": 5,
    "memory": 2,
    "models_homo": "Qwen/Qwen2.5-7B-Instruct",
    "temp_homo": 0.7,
    "tom_order": 1,
    "seed": 44,
    "cell_name": "het_gsaca",
    "gate_trust_threshold": 0.6,
    "gate_ema_alpha": 0.3,
    "atom_warmup": 3,
    "homogeneous": false,
    "use_tom": true,
    "use_talk": true,
    "adaptive_tom": true,
    "gated_talk_tom": true,
    "diversity_preserving_gate": true
  },
  "team_mean_payoff": 2.4861821211505544
}