{
  "perspective_diversity": 0.4099926487006265,
  "cooperation_payoff": 2.4473715773322855,
  "cooperation_payoff_ci": [
    2.0710447085907706,
    2.800977978968382
  ],
  "equilibrium_convergence": 1.0,
  "tom_prediction_accuracy": 0.5966666666666667,
  "tom_prediction_accuracy_ci": [
    0.54,
    0.65
  ],
  "n_episodes": 30,
  "action_dist_agent1": [
    0.41333333333333333,
    0.5866666666666667
  ],
  "per_episode_payoffs": [
    4.4414258569267275,
    2.1209943304180205,
    3.174267604222467,
    0.09040800910715614,
    1.2003300699612824,
    3.437786563310573,
    3.6358369234086196,
    2.8176350089551665,
    2.499865653557056,
    2.9223888478842284,
    1.9700033181201793,
    2.307356861813864,
    2.206733385591528,
    2.5495602034231934,
    3.3115924134175985,
    2.687201340067836,
    2.108895872335677,
    3.3016364294607867,
    1.3382877339912425,
    2.8405510273532446,
    0.5487514819513274,
    3.697807245029292,
    2.590180718518689,
    1.766140593733628,
    3.6736703467481227,
    3.6412682805454324,
    0.8873476285800329,
    0.5745657661391157,
    2.136287874163461,
    2.9423699312330123
  ],
  "gate_trust_rate": 0.9466666666666667,
  "gated_prediction_accuracy": 0.6966666666666667,
  "signal_accuracy": 0.7233333333333334,
  "tom_belief_accuracy_in_gated": 0.5966666666666667,
  "dp_conflict_rate": 0.32,
  "dp_intervention_rate": 0.32,
  "cell": "het_gsaca",
  "gsaca_detected_structure": "anti_coord",
  "gsaca_oracle_structure": "anti_coord",
  "gsaca_detection_correct": true,
  "gsaca_split_score": 1.5187543061084505,
  "gsaca_warmup_episodes": 5,
  "gsaca_n_observations": 25,
  "wall_time_s": 597.8033180236816,
  "config": {
    "game": "deadlock",
    "n_agents": 2,
    "horizon": 5,
    "memory": 2,
    "models_homo": "Qwen/Qwen2.5-7B-Instruct",
    "temp_homo": 0.7,
    "tom_order": 1,
    "seed": 44,
    "cell_name": "het_gsaca",
    "gate_trust_threshold": 0.6,
    "gate_ema_alpha": 0.3,
    "atom_warmup": 3,
    "homogeneous": false,
    "use_tom": true,
    "use_talk": true,
    "adaptive_tom": true,
    "gated_talk_tom": true,
    "diversity_preserving_gate": true
  },
  "team_mean_payoff": 1.7460724723191896
}