{
  "perspective_diversity": 0.4659233755571166,
  "cooperation_payoff": 3.193333333333332,
  "cooperation_payoff_ci": [
    2.833333333333333,
    3.573333333333332
  ],
  "equilibrium_convergence": 0.96,
  "tom_prediction_accuracy": 0.68,
  "tom_prediction_accuracy_ci": [
    0.6266666666666667,
    0.7333333333333333
  ],
  "n_episodes": 30,
  "action_dist_agent1": [
    0.24666666666666667,
    0.7533333333333333
  ],
  "per_episode_payoffs": [
    2.8,
    3.6,
    2.6,
    4.6,
    2.6,
    2.2,
    2.6,
    4.6,
    3.6,
    3.6,
    4.6,
    1.8,
    2.6,
    4.6,
    1.2,
    2.0,
    2.8,
    3.6,
    3.6,
    2.6,
    2.6,
    2.2,
    4.6,
    2.6,
    1.6,
    2.6,
    4.6,
    4.6,
    4.6,
    3.6
  ],
  "gate_trust_rate": 0.9133333333333333,
  "gated_prediction_accuracy": 0.67,
  "signal_accuracy": 0.71,
  "tom_belief_accuracy_in_gated": 0.68,
  "dp_conflict_rate": 0.25666666666666665,
  "dp_intervention_rate": 0.25666666666666665,
  "cell": "het_dp_gated_atom_talk",
  "wall_time_s": 532.768602848053,
  "config": {
    "game": "chicken",
    "n_agents": 2,
    "horizon": 5,
    "memory": 2,
    "models_homo": "Qwen/Qwen2.5-7B-Instruct",
    "temp_homo": 0.7,
    "tom_order": 1,
    "seed": 52,
    "cell_name": "het_dp_gated_atom_talk",
    "gate_trust_threshold": 0.6,
    "gate_ema_alpha": 0.3,
    "atom_warmup": 3,
    "homogeneous": false,
    "use_tom": true,
    "use_talk": true,
    "adaptive_tom": true,
    "gated_talk_tom": true,
    "diversity_preserving_gate": true
  },
  "team_mean_payoff": 2.26
}