{
  "perspective_diversity": 0.005147305350937076,
  "cooperation_payoff": 2.3866666666666663,
  "cooperation_payoff_ci": [
    2.1666666666666665,
    2.586666666666666
  ],
  "equilibrium_convergence": 0.9866666666666667,
  "tom_prediction_accuracy": 0.7466666666666667,
  "tom_prediction_accuracy_ci": [
    0.6999166666666667,
    0.7966666666666666
  ],
  "n_episodes": 30,
  "action_dist_agent1": [
    0.7266666666666667,
    0.2733333333333333
  ],
  "per_episode_payoffs": [
    2.8,
    3.0,
    2.2,
    2.8,
    2.4,
    2.8,
    0.8,
    2.8,
    2.8,
    1.8,
    2.8,
    1.6,
    2.6,
    2.8,
    2.8,
    1.0,
    2.6,
    1.4,
    2.6,
    3.0,
    2.8,
    2.8,
    2.6,
    1.8,
    2.2,
    2.8,
    2.2,
    1.8,
    2.8,
    2.4
  ],
  "gate_trust_rate": 0.99,
  "gated_prediction_accuracy": 0.9033333333333333,
  "signal_accuracy": 0.9066666666666666,
  "tom_belief_accuracy_in_gated": 0.7466666666666667,
  "dp_conflict_rate": 0.26666666666666666,
  "dp_intervention_rate": 0.26666666666666666,
  "cell": "het_gated_atom_talk",
  "wall_time_s": 473.78066992759705,
  "config": {
    "game": "battle_of_the_sexes",
    "n_agents": 2,
    "horizon": 5,
    "memory": 2,
    "models_homo": "Qwen/Qwen2.5-7B-Instruct",
    "temp_homo": 0.7,
    "tom_order": 1,
    "seed": 60,
    "cell_name": "het_gated_atom_talk",
    "gate_trust_threshold": 0.6,
    "gate_ema_alpha": 0.3,
    "atom_warmup": 3,
    "homogeneous": false,
    "use_tom": true,
    "use_talk": true,
    "adaptive_tom": true,
    "gated_talk_tom": true,
    "diversity_preserving_gate": false
  },
  "team_mean_payoff": 2.183333333333333
}