{
  "perspective_diversity": 0.14261595768528637,
  "cooperation_payoff": 2.3133333333333335,
  "cooperation_payoff_ci": [
    2.1,
    2.526666666666666
  ],
  "equilibrium_convergence": 0.88,
  "tom_prediction_accuracy": 0.6066666666666667,
  "tom_prediction_accuracy_ci": [
    0.5533333333333333,
    0.6633333333333333
  ],
  "n_episodes": 30,
  "action_dist_agent1": [
    0.5133333333333333,
    0.4866666666666667
  ],
  "per_episode_payoffs": [
    2.2,
    2.0,
    3.2,
    1.8,
    2.8,
    1.0,
    2.6,
    1.6,
    1.8,
    2.2,
    2.6,
    2.8,
    1.6,
    1.8,
    1.8,
    2.2,
    2.2,
    2.6,
    3.6,
    1.6,
    2.6,
    2.8,
    2.0,
    3.0,
    1.6,
    2.8,
    2.8,
    2.6,
    3.0,
    2.2
  ],
  "gate_trust_rate": 0.9466666666666667,
  "gated_prediction_accuracy": 0.71,
  "signal_accuracy": 0.69,
  "tom_belief_accuracy_in_gated": 0.6066666666666667,
  "dp_conflict_rate": 0.2633333333333333,
  "dp_intervention_rate": 0.2633333333333333,
  "cell": "het_dp_gated_atom_talk",
  "wall_time_s": 585.6813817024231,
  "config": {
    "game": "deadlock",
    "n_agents": 2,
    "horizon": 5,
    "memory": 2,
    "models_homo": "Qwen/Qwen2.5-7B-Instruct",
    "temp_homo": 0.7,
    "tom_order": 1,
    "seed": 49,
    "cell_name": "het_dp_gated_atom_talk",
    "gate_trust_threshold": 0.6,
    "gate_ema_alpha": 0.3,
    "atom_warmup": 3,
    "homogeneous": false,
    "use_tom": true,
    "use_talk": true,
    "adaptive_tom": true,
    "gated_talk_tom": true,
    "diversity_preserving_gate": true
  },
  "team_mean_payoff": 1.8199999999999998
}