{
  "perspective_diversity": 0.0016595012013434218,
  "cooperation_payoff": 1.7340382439989521,
  "cooperation_payoff_ci": [
    1.270651402612237,
    2.1465194824595906
  ],
  "equilibrium_convergence": 0.9733333333333334,
  "tom_prediction_accuracy": 0.7333333333333333,
  "tom_prediction_accuracy_ci": [
    0.6833333333333333,
    0.7833333333333333
  ],
  "n_episodes": 30,
  "action_dist_agent1": [
    0.7066666666666667,
    0.29333333333333333
  ],
  "per_episode_payoffs": [
    1.441425856926728,
    2.1209943304180205,
    2.5742676042224675,
    -2.5095919908928437,
    0.00033006996128244205,
    2.037786563310573,
    3.43583692340862,
    1.4176350089551668,
    2.099865653557056,
    1.722388847884228,
    0.7700033181201791,
    1.9073568618138637,
    2.006733385591528,
    3.7495602034231936,
    1.511592413417598,
    2.487201340067836,
    1.9088958723356768,
    2.3016364294607867,
    1.3382877339912425,
    2.6405510273532444,
    0.5487514819513276,
    1.897807245029292,
    2.790180718518689,
    -0.8338594062663722,
    3.0736703467481226,
    2.8412682805454326,
    1.287347628580033,
    1.5745657661391157,
    1.736287874163461,
    2.142369931233012
  ],
  "gate_trust_rate": 0.94,
  "gated_prediction_accuracy": 0.64,
  "signal_accuracy": 0.7,
  "tom_belief_accuracy_in_gated": 0.7,
  "dp_conflict_rate": 0.48,
  "dp_intervention_rate": 0.48,
  "cell": "het_gsaca",
  "gsaca_detected_structure": "coord",
  "gsaca_oracle_structure": "coord",
  "gsaca_detection_correct": true,
  "gsaca_split_score": -1.5025676213570713,
  "gsaca_warmup_episodes": 5,
  "gsaca_n_observations": 25,
  "wall_time_s": 506.6865015029907,
  "config": {
    "game": "battle_of_the_sexes",
    "n_agents": 2,
    "horizon": 5,
    "memory": 2,
    "models_homo": "Qwen/Qwen2.5-7B-Instruct",
    "temp_homo": 0.7,
    "tom_order": 1,
    "seed": 45,
    "cell_name": "het_gsaca",
    "gate_trust_threshold": 0.6,
    "gate_ema_alpha": 0.3,
    "atom_warmup": 3,
    "homogeneous": false,
    "use_tom": true,
    "use_talk": true,
    "adaptive_tom": true,
    "gated_talk_tom": true,
    "diversity_preserving_gate": true
  },
  "team_mean_payoff": 1.6527391389858563
}