{
  "perspective_diversity": 0.06922834847019814,
  "cooperation_payoff": 2.2884672549015805,
  "cooperation_payoff_ci": [
    1.866750588481388,
    2.666584010781464
  ],
  "equilibrium_convergence": 0.94,
  "tom_prediction_accuracy": 0.6858333333333333,
  "tom_prediction_accuracy_ci": [
    0.6608333333333334,
    0.7125
  ],
  "n_episodes": 20,
  "action_dist_agent1": [
    0.87,
    0.13
  ],
  "per_episode_payoffs": [
    3.001379921760626,
    0.6591781534249862,
    0.4815474209937637,
    2.90577742141899,
    2.9734627979280717,
    1.9650951986234204,
    2.638810027976196,
    2.3486194502111046,
    2.814284696401649,
    2.6658107288616724,
    1.746517727549195,
    1.7260183008002976,
    2.545256025225048,
    0.07604553959346605,
    2.571148846126697,
    3.1027691781478772,
    1.7925351035841353,
    3.1513768518949035,
    3.6638073061412584,
    2.939904401368251
  ],
  "gate_trust_rate": 0.8944444444444445,
  "gated_prediction_accuracy": 0.6611111111111111,
  "signal_accuracy": 0.7666666666666667,
  "tom_belief_accuracy_in_gated": 0.4777777777777778,
  "dp_conflict_rate": 0.4222222222222222,
  "dp_intervention_rate": 0.4222222222222222,
  "cell": "het_gsaca",
  "gsaca_detected_structure": "coord",
  "gsaca_oracle_structure": "coord",
  "gsaca_detection_correct": true,
  "gsaca_split_score": -0.6969930323679869,
  "gsaca_warmup_episodes": 3,
  "gsaca_n_observations": 15,
  "wall_time_s": 2664.7660450935364,
  "config": {
    "game": "public_goods",
    "n_agents": 4,
    "horizon": 5,
    "memory": 2,
    "models_homo": "Qwen/Qwen2.5-7B-Instruct",
    "temp_homo": 0.7,
    "tom_order": 1,
    "seed": 43,
    "cell_name": "het_gsaca",
    "gate_trust_threshold": 0.6,
    "gate_ema_alpha": 0.3,
    "atom_warmup": 3,
    "homogeneous": false,
    "use_tom": true,
    "use_talk": true,
    "adaptive_tom": true,
    "gated_talk_tom": true,
    "diversity_preserving_gate": true
  },
  "team_mean_payoff": 2.513182121150554
}