{
  "perspective_diversity": 0.1111942004114419,
  "cooperation_payoff": 2.2199999999999998,
  "cooperation_payoff_ci": [
    2.0266666666666664,
    2.4133333333333336
  ],
  "equilibrium_convergence": 0.9866666666666667,
  "tom_prediction_accuracy": 0.6233333333333333,
  "tom_prediction_accuracy_ci": [
    0.5633333333333334,
    0.6766666666666666
  ],
  "n_episodes": 30,
  "action_dist_agent1": [
    0.47333333333333333,
    0.5266666666666666
  ],
  "per_episode_payoffs": [
    2.2,
    2.4,
    1.6,
    2.8,
    3.0,
    3.2,
    2.6,
    1.6,
    1.8,
    2.0,
    1.8,
    2.4,
    2.0,
    2.2,
    3.2,
    2.0,
    1.8,
    2.8,
    2.0,
    3.0,
    2.0,
    1.8,
    2.0,
    2.0,
    1.4,
    1.8,
    1.4,
    2.6,
    2.0,
    3.2
  ],
  "gate_trust_rate": 0.9166666666666666,
  "gated_prediction_accuracy": 0.69,
  "signal_accuracy": 0.68,
  "tom_belief_accuracy_in_gated": 0.6233333333333333,
  "dp_conflict_rate": 0.29,
  "dp_intervention_rate": 0.29,
  "cell": "het_3arm",
  "gsaca_detected_structure": "anti_coord",
  "gsaca_oracle_structure": "anti_coord",
  "gsaca_detection_correct": true,
  "gsaca_split_score": 0.3529411764705883,
  "gsaca_warmup_episodes": 5,
  "gsaca_n_observations": 25,
  "gsaca_3arm_selected": "CGA",
  "gsaca_3arm_tau": 0.0,
  "wall_time_s": 557.5246706008911,
  "config": {
    "game": "deadlock",
    "n_agents": 2,
    "horizon": 5,
    "memory": 2,
    "models_homo": "Qwen/Qwen2.5-7B-Instruct",
    "temp_homo": 0.7,
    "tom_order": 1,
    "seed": 44,
    "cell_name": "het_3arm",
    "gate_trust_threshold": 0.6,
    "gate_ema_alpha": 0.3,
    "atom_warmup": 3,
    "homogeneous": false,
    "use_tom": true,
    "use_talk": true,
    "adaptive_tom": true,
    "gated_talk_tom": true,
    "diversity_preserving_gate": true
  },
  "team_mean_payoff": 1.7666666666666664
}