{
  "perspective_diversity": 0.12339660516224898,
  "cooperation_payoff": 2.5533333333333337,
  "cooperation_payoff_ci": [
    2.2266666666666666,
    2.8800000000000003
  ],
  "equilibrium_convergence": 0.9066666666666666,
  "tom_prediction_accuracy": 0.6033333333333334,
  "tom_prediction_accuracy_ci": [
    0.5466666666666666,
    0.6566666666666666
  ],
  "n_episodes": 30,
  "action_dist_agent1": [
    0.34,
    0.66
  ],
  "per_episode_payoffs": [
    3.0,
    4.0,
    3.0,
    2.4,
    1.0,
    3.0,
    2.2,
    0.8,
    2.2,
    3.0,
    2.6,
    1.2,
    3.2,
    1.0,
    1.2,
    5.0,
    2.4,
    1.2,
    3.2,
    3.0,
    3.2,
    3.0,
    2.8,
    2.2,
    2.6,
    2.0,
    3.0,
    3.0,
    3.0,
    3.2
  ],
  "gate_trust_rate": 0.83,
  "gated_prediction_accuracy": 0.6033333333333334,
  "signal_accuracy": 0.6333333333333333,
  "tom_belief_accuracy_in_gated": 0.6033333333333334,
  "dp_conflict_rate": 0.2833333333333333,
  "dp_intervention_rate": 0.2833333333333333,
  "cell": "het_gated_atom_talk",
  "wall_time_s": 433.71829867362976,
  "config": {
    "game": "chicken",
    "n_agents": 2,
    "horizon": 5,
    "memory": 2,
    "models_homo": "Qwen/Qwen2.5-7B-Instruct",
    "temp_homo": 0.7,
    "tom_order": 1,
    "seed": 43,
    "cell_name": "het_gated_atom_talk",
    "homogeneous": false,
    "use_tom": true,
    "use_talk": true,
    "adaptive_tom": true,
    "gated_talk_tom": true,
    "diversity_preserving_gate": false
  },
  "team_mean_payoff": 2.0599999999999996
}