{
  "perspective_diversity": 0.01971635193700107,
  "cooperation_payoff": 2.5340000000000003,
  "cooperation_payoff_ci": [
    2.498,
    2.564000000000001
  ],
  "equilibrium_convergence": 0.9,
  "tom_prediction_accuracy": 0.7858333333333334,
  "tom_prediction_accuracy_ci": [
    0.7624791666666667,
    0.8100208333333333
  ],
  "n_episodes": 20,
  "action_dist_agent1": [
    0.95,
    0.05
  ],
  "per_episode_payoffs": [
    2.6,
    2.52,
    2.3200000000000003,
    2.44,
    2.52,
    2.44,
    2.6,
    2.52,
    2.6,
    2.6,
    2.52,
    2.6,
    2.6,
    2.5200000000000005,
    2.6,
    2.6,
    2.6,
    2.5200000000000005,
    2.52,
    2.44
  ],
  "gate_trust_rate": 0.85,
  "gated_prediction_accuracy": 0.6222222222222222,
  "signal_accuracy": 0.65,
  "tom_belief_accuracy_in_gated": 0.5666666666666667,
  "dp_conflict_rate": 0.37222222222222223,
  "dp_intervention_rate": 0.37222222222222223,
  "cell": "het_gsaca",
  "gsaca_detected_structure": "coord",
  "gsaca_oracle_structure": "coord",
  "gsaca_detection_correct": true,
  "gsaca_split_score": -0.23181818181818192,
  "gsaca_warmup_episodes": 3,
  "gsaca_n_observations": 15,
  "wall_time_s": 2711.5868060588837,
  "config": {
    "game": "public_goods",
    "n_agents": 4,
    "horizon": 5,
    "memory": 2,
    "models_homo": "Qwen/Qwen2.5-7B-Instruct",
    "temp_homo": 0.7,
    "tom_order": 1,
    "seed": 54,
    "cell_name": "het_gsaca",
    "gate_trust_threshold": 0.6,
    "gate_ema_alpha": 0.3,
    "atom_warmup": 3,
    "homogeneous": false,
    "use_tom": true,
    "use_talk": true,
    "adaptive_tom": true,
    "gated_talk_tom": true,
    "diversity_preserving_gate": true
  },
  "team_mean_payoff": 2.5565000000000007
}