{
  "perspective_diversity": 0.3109631071679287,
  "cooperation_payoff": 3.0333333333333323,
  "cooperation_payoff_ci": [
    2.633333333333333,
    3.453333333333333
  ],
  "equilibrium_convergence": 0.9333333333333333,
  "tom_prediction_accuracy": 0.65,
  "tom_prediction_accuracy_ci": [
    0.5966666666666667,
    0.7033333333333334
  ],
  "n_episodes": 30,
  "action_dist_agent1": [
    0.2733333333333333,
    0.7266666666666667
  ],
  "per_episode_payoffs": [
    1.6,
    2.2,
    2.2,
    4.6,
    0.8,
    2.2,
    4.6,
    2.2,
    4.2,
    2.0,
    2.2,
    3.2,
    2.6,
    1.6,
    2.2,
    3.2,
    3.6,
    3.2,
    4.0,
    4.6,
    4.6,
    2.6,
    4.6,
    2.6,
    4.6,
    2.8,
    1.6,
    5.0,
    3.6,
    2.0
  ],
  "gate_trust_rate": 0.89,
  "gated_prediction_accuracy": 0.6533333333333333,
  "signal_accuracy": 0.6766666666666666,
  "tom_belief_accuracy_in_gated": 0.65,
  "dp_conflict_rate": 0.29333333333333333,
  "dp_intervention_rate": 0.29333333333333333,
  "cell": "het_gsaca",
  "gsaca_detected_structure": "anti_coord",
  "gsaca_oracle_structure": "anti_coord",
  "gsaca_detection_correct": true,
  "gsaca_split_score": 2.0,
  "gsaca_warmup_episodes": 5,
  "gsaca_n_observations": 25,
  "wall_time_s": 525.5133397579193,
  "config": {
    "game": "chicken",
    "n_agents": 2,
    "horizon": 5,
    "memory": 2,
    "models_homo": "Qwen/Qwen2.5-7B-Instruct",
    "temp_homo": 0.7,
    "tom_order": 1,
    "seed": 44,
    "cell_name": "het_gsaca",
    "gate_trust_threshold": 0.6,
    "gate_ema_alpha": 0.3,
    "atom_warmup": 3,
    "homogeneous": false,
    "use_tom": true,
    "use_talk": true,
    "adaptive_tom": true,
    "gated_talk_tom": true,
    "diversity_preserving_gate": true
  },
  "team_mean_payoff": 2.2600000000000002
}