{
  "perspective_diversity": 0.22950698208873307,
  "cooperation_payoff": 1.5670191219994762,
  "cooperation_payoff_ci": [
    1.278411357301568,
    1.8884760894404802
  ],
  "equilibrium_convergence": 0.8933333333333333,
  "tom_prediction_accuracy": 0.6766666666666666,
  "tom_prediction_accuracy_ci": [
    0.62,
    0.73
  ],
  "n_episodes": 30,
  "action_dist_agent1": [
    0.4266666666666667,
    0.5733333333333334
  ],
  "per_episode_payoffs": [
    0.820712928463364,
    1.6604971652090108,
    1.6871338021112336,
    0.745204004553578,
    0.9001650349806412,
    0.9188932816552866,
    3.0179184617043098,
    1.0088175044775833,
    1.149932826778528,
    1.1611944239421141,
    0.08500165906008963,
    2.053678430906932,
    1.303366692795764,
    3.1747801017115966,
    1.055796206708799,
    2.043600670033918,
    1.3544479361678383,
    3.0508182147303935,
    0.06914386699562121,
    3.020275513676622,
    1.3743757409756636,
    2.848903622514646,
    2.795090359259345,
    1.083070296866814,
    1.336835173374061,
    2.0206341402727164,
    2.2436738142900166,
    0.8872828830695578,
    0.6681439370817306,
    1.4711849656165057
  ],
  "gate_trust_rate": 0.8433333333333334,
  "gated_prediction_accuracy": 0.6933333333333334,
  "signal_accuracy": 0.6433333333333333,
  "tom_belief_accuracy_in_gated": 0.6766666666666666,
  "dp_conflict_rate": 0.42,
  "dp_intervention_rate": 0.42,
  "cell": "het_gsaca",
  "gsaca_detected_structure": "anti_coord",
  "gsaca_oracle_structure": "anti_coord",
  "gsaca_detection_correct": true,
  "gsaca_split_score": 0.5702408082236845,
  "gsaca_warmup_episodes": 5,
  "gsaca_n_observations": 25,
  "wall_time_s": 466.81820917129517,
  "config": {
    "game": "hawk_dove",
    "n_agents": 2,
    "horizon": 5,
    "memory": 2,
    "models_homo": "Qwen/Qwen2.5-7B-Instruct",
    "temp_homo": 0.7,
    "tom_order": 1,
    "seed": 43,
    "cell_name": "het_gsaca",
    "gate_trust_threshold": 0.6,
    "gate_ema_alpha": 0.3,
    "atom_warmup": 3,
    "homogeneous": false,
    "use_tom": true,
    "use_talk": true,
    "adaptive_tom": true,
    "gated_talk_tom": true,
    "diversity_preserving_gate": true
  },
  "team_mean_payoff": 1.143036236159595
}