{
  "perspective_diversity": 0.20125296103660548,
  "cooperation_payoff": 2.826666666666666,
  "cooperation_payoff_ci": [
    2.3800000000000003,
    3.2534999999999985
  ],
  "equilibrium_convergence": 0.9333333333333333,
  "tom_prediction_accuracy": 0.6333333333333333,
  "tom_prediction_accuracy_ci": [
    0.58,
    0.6866666666666666
  ],
  "n_episodes": 30,
  "action_dist_agent1": [
    0.31333333333333335,
    0.6866666666666666
  ],
  "per_episode_payoffs": [
    2.6,
    5.0,
    1.4,
    1.6,
    2.2,
    2.6,
    3.6,
    3.6,
    4.6,
    1.6,
    3.8,
    2.6,
    1.6,
    3.6,
    2.6,
    3.6,
    1.2,
    3.6,
    1.6,
    2.4,
    1.8,
    1.0,
    2.8,
    1.0,
    1.8,
    4.6,
    3.2,
    5.0,
    3.6,
    4.6
  ],
  "gate_trust_rate": 0.9166666666666666,
  "gated_prediction_accuracy": 0.6566666666666666,
  "signal_accuracy": 0.66,
  "tom_belief_accuracy_in_gated": 0.6333333333333333,
  "dp_conflict_rate": 0.24666666666666667,
  "dp_intervention_rate": 0.24666666666666667,
  "cell": "het_gsaca",
  "gsaca_detected_structure": "anti_coord",
  "gsaca_oracle_structure": "anti_coord",
  "gsaca_detection_correct": true,
  "gsaca_split_score": 2.1,
  "gsaca_warmup_episodes": 5,
  "gsaca_n_observations": 25,
  "wall_time_s": 466.95673751831055,
  "config": {
    "game": "chicken",
    "n_agents": 2,
    "horizon": 5,
    "memory": 2,
    "models_homo": "Qwen/Qwen2.5-7B-Instruct",
    "temp_homo": 0.7,
    "tom_order": 1,
    "seed": 57,
    "cell_name": "het_gsaca",
    "gate_trust_threshold": 0.6,
    "gate_ema_alpha": 0.3,
    "atom_warmup": 3,
    "homogeneous": false,
    "use_tom": true,
    "use_talk": true,
    "adaptive_tom": true,
    "gated_talk_tom": true,
    "diversity_preserving_gate": true
  },
  "team_mean_payoff": 2.2
}