{
  "perspective_diversity": 1.7068120571796253,
  "cooperation_payoff": 0.5866666666666666,
  "cooperation_payoff_ci": [0.5066666666666667, 0.6733333333333335],
  "equilibrium_convergence": 0.96,
  "tom_prediction_accuracy": NaN,
  "tom_prediction_accuracy_ci": [NaN, NaN],
  "n_episodes": 30,
  "action_dist_agent1": [0.8066666666666666, 0.19333333333333333],
  "per_episode_payoffs": [1.0,0.6,1.0,0.4,0.4,0.4,0.4,0.4,1.0,0.4,0.4,0.4,0.6,0.4,0.4,0.4,0.4,0.4,1.0,0.8,1.0,0.4,0.8,0.6,0.4,0.6,1.0,0.4,0.4,0.8],
  "cell": "het_notom",
  "wall_time_s": 17.400165796279907,
  "config": {"game":"stag_hunt","n_agents":null,"horizon":5,"memory":2,"models_homo":"Qwen/Qwen2.5-3B-Instruct","temp_homo":0.7,"tom_order":1,"seed":2,"homogeneous":false,"use_tom":false,"cell_name":"het_notom"}
}