{
  "perspective_diversity": 0.04754761262319208,
  "cooperation_payoff": 2.3532336274507903,
  "cooperation_payoff_ci": [
    2.129451977561262,
    2.5508009407294074
  ],
  "equilibrium_convergence": 0.88,
  "tom_prediction_accuracy": 0.5575,
  "tom_prediction_accuracy_ci": [
    0.5291666666666667,
    0.5858333333333333
  ],
  "n_episodes": 20,
  "action_dist_agent1": [
    0.76,
    0.24
  ],
  "per_episode_payoffs": [
    2.560689960880313,
    1.4095890767124934,
    1.660773710496882,
    2.7128887107094948,
    2.5067313989640363,
    2.26254759931171,
    2.679405013988098,
    2.4343097251055523,
    2.4271423482008245,
    2.452905364430836,
    1.8532588637745975,
    2.143009150400149,
    2.5726280126125243,
    1.1980227697967332,
    2.565574423063349,
    3.0913845890739386,
    2.056267551792067,
    2.9556884259474523,
    2.911903653070629,
    2.6099522006841256
  ],
  "gate_trust_rate": 0.9033333333333333,
  "gated_prediction_accuracy": 0.6991666666666667,
  "signal_accuracy": 0.7575,
  "tom_belief_accuracy_in_gated": 0.5575,
  "dp_conflict_rate": 0.3883333333333333,
  "dp_intervention_rate": 0.3883333333333333,
  "cell": "het_gsaca",
  "gsaca_detected_structure": "anti_coord",
  "gsaca_oracle_structure": "coord",
  "gsaca_detection_correct": false,
  "gsaca_split_score": 0.00902313517357678,
  "gsaca_warmup_episodes": 3,
  "gsaca_n_observations": 15,
  "wall_time_s": 2724.3817207813263,
  "config": {
    "game": "public_goods",
    "n_agents": 4,
    "horizon": 5,
    "memory": 2,
    "models_homo": "Qwen/Qwen2.5-7B-Instruct",
    "temp_homo": 0.7,
    "tom_order": 1,
    "seed": 43,
    "cell_name": "het_gsaca",
    "gate_trust_threshold": 0.6,
    "gate_ema_alpha": 0.3,
    "atom_warmup": 3,
    "homogeneous": false,
    "use_tom": true,
    "use_talk": true,
    "adaptive_tom": true,
    "gated_talk_tom": true,
    "diversity_preserving_gate": true
  },
  "team_mean_payoff": 2.4568410605752775
}