{
  "perspective_diversity": 0.07312611513336253,
  "cooperation_payoff": 1.5400000000000003,
  "cooperation_payoff_ci": [
    1.2133333333333336,
    1.8599999999999997
  ],
  "equilibrium_convergence": 0.9866666666666667,
  "tom_prediction_accuracy": 0.6266666666666667,
  "tom_prediction_accuracy_ci": [
    0.57,
    0.6833333333333333
  ],
  "n_episodes": 30,
  "action_dist_agent1": [
    0.47333333333333333,
    0.5266666666666666
  ],
  "per_episode_payoffs": [
    2.8,
    1.0,
    2.0,
    0.0,
    1.8,
    1.6,
    2.4,
    1.6,
    0.8,
    1.8,
    2.8,
    0.4,
    0.8,
    2.8,
    1.8,
    1.4,
    2.2,
    1.8,
    1.6,
    2.8,
    1.6,
    1.8,
    0.0,
    1.6,
    0.2,
    1.6,
    2.2,
    2.8,
    0.2,
    0.0
  ],
  "gate_trust_rate": 0.8,
  "gated_prediction_accuracy": 0.61,
  "signal_accuracy": 0.5966666666666667,
  "tom_belief_accuracy_in_gated": 0.6266666666666667,
  "dp_conflict_rate": 0.36333333333333334,
  "dp_intervention_rate": 0.36333333333333334,
  "cell": "het_hist_split",
  "wall_time_s": 474.8770046234131,
  "config": {
    "game": "hawk_dove",
    "n_agents": 2,
    "horizon": 5,
    "memory": 2,
    "models_homo": "Qwen/Qwen2.5-7B-Instruct",
    "temp_homo": 0.7,
    "tom_order": 1,
    "seed": 43,
    "cell_name": "het_hist_split",
    "gate_trust_threshold": 0.6,
    "gate_ema_alpha": 0.3,
    "atom_warmup": 3,
    "homogeneous": false,
    "use_tom": true,
    "use_talk": true,
    "adaptive_tom": true,
    "gated_talk_tom": true,
    "diversity_preserving_gate": true,
    "history_split_hint": true
  },
  "team_mean_payoff": 1.2600000000000002
}