{
  "perspective_diversity": 0.05466540778247886,
  "cooperation_payoff": 2.5733333333333324,
  "cooperation_payoff_ci": [
    2.5559999999999996,
    2.589333333333333
  ],
  "equilibrium_convergence": 0.8933333333333333,
  "tom_prediction_accuracy": 0.8094444444444444,
  "tom_prediction_accuracy_ci": [
    0.79,
    0.8272222222222222
  ],
  "n_episodes": 30,
  "action_dist_agent1": [
    0.9466666666666667,
    0.05333333333333334
  ],
  "per_episode_payoffs": [
    2.6399999999999997,
    2.6399999999999997,
    2.6,
    2.4799999999999995,
    2.6,
    2.6,
    2.6,
    2.5200000000000005,
    2.52,
    2.5599999999999996,
    2.6,
    2.6,
    2.44,
    2.6,
    2.6,
    2.6,
    2.52,
    2.6,
    2.6,
    2.6,
    2.6,
    2.6,
    2.5200000000000005,
    2.6,
    2.6,
    2.6,
    2.5200000000000005,
    2.52,
    2.52,
    2.6
  ],
  "gate_trust_rate": 0.8933333333333333,
  "gated_prediction_accuracy": 0.7533333333333333,
  "signal_accuracy": 0.82,
  "tom_belief_accuracy_in_gated": 0.5866666666666667,
  "dp_conflict_rate": 0.36,
  "dp_intervention_rate": 0.36,
  "cell": "het_3arm",
  "gsaca_detected_structure": "coord",
  "gsaca_oracle_structure": "coord",
  "gsaca_detection_correct": true,
  "gsaca_split_score": -0.2076923076923083,
  "gsaca_warmup_episodes": 5,
  "gsaca_n_observations": 25,
  "gsaca_3arm_selected": "Gated",
  "gsaca_3arm_tau": 0.0,
  "wall_time_s": 3932.1997866630554,
  "config": {
    "game": "public_goods",
    "n_agents": 4,
    "horizon": 5,
    "memory": 2,
    "models_homo": "Qwen/Qwen2.5-7B-Instruct",
    "temp_homo": 0.7,
    "tom_order": 1,
    "seed": 42,
    "cell_name": "het_3arm",
    "gate_trust_threshold": 0.6,
    "gate_ema_alpha": 0.3,
    "atom_warmup": 3,
    "homogeneous": false,
    "use_tom": true,
    "use_talk": true,
    "adaptive_tom": true,
    "gated_talk_tom": true,
    "diversity_preserving_gate": true
  },
  "team_mean_payoff": 2.569999999999999
}