{
  "perspective_diversity": 0.2962881364691689,
  "cooperation_payoff": 2.533333333333333,
  "cooperation_payoff_ci": [
    2.3266666666666667,
    2.7399999999999993
  ],
  "equilibrium_convergence": 0.96,
  "tom_prediction_accuracy": 0.6066666666666667,
  "tom_prediction_accuracy_ci": [
    0.5533333333333333,
    0.6633333333333333
  ],
  "n_episodes": 30,
  "action_dist_agent1": [
    0.46,
    0.54
  ],
  "per_episode_payoffs": [
    2.6,
    3.2,
    2.6,
    2.8,
    2.8,
    2.6,
    1.8,
    2.0,
    2.4,
    2.6,
    3.2,
    3.6,
    3.2,
    3.0,
    3.2,
    1.8,
    3.6,
    2.6,
    2.0,
    2.6,
    2.0,
    2.6,
    2.2,
    2.2,
    1.8,
    1.0,
    3.0,
    2.0,
    2.6,
    2.4
  ],
  "gate_trust_rate": 0.95,
  "gated_prediction_accuracy": 0.6933333333333334,
  "signal_accuracy": 0.71,
  "tom_belief_accuracy_in_gated": 0.6066666666666667,
  "dp_conflict_rate": 0.2633333333333333,
  "dp_intervention_rate": 0.2633333333333333,
  "cell": "het_dp_gated_atom_talk",
  "wall_time_s": 519.6093423366547,
  "config": {
    "game": "deadlock",
    "n_agents": 2,
    "horizon": 5,
    "memory": 2,
    "models_homo": "Qwen/Qwen2.5-7B-Instruct",
    "temp_homo": 0.7,
    "tom_order": 1,
    "seed": 59,
    "cell_name": "het_dp_gated_atom_talk",
    "gate_trust_threshold": 0.6,
    "gate_ema_alpha": 0.3,
    "atom_warmup": 3,
    "homogeneous": false,
    "use_tom": true,
    "use_talk": true,
    "adaptive_tom": true,
    "gated_talk_tom": true,
    "diversity_preserving_gate": true
  },
  "team_mean_payoff": 1.8399999999999996
}