{
  "perspective_diversity": 0.008379202683943217,
  "cooperation_payoff": 2.3466666666666662,
  "cooperation_payoff_ci": [
    2.1,
    2.5599999999999996
  ],
  "equilibrium_convergence": 0.9866666666666667,
  "tom_prediction_accuracy": 0.7066666666666667,
  "tom_prediction_accuracy_ci": [
    0.6533333333333333,
    0.7566666666666667
  ],
  "n_episodes": 30,
  "action_dist_agent1": [
    0.7266666666666667,
    0.2733333333333333
  ],
  "per_episode_payoffs": [
    1.6,
    2.8,
    1.6,
    2.8,
    2.6,
    2.8,
    2.4,
    2.8,
    2.8,
    3.0,
    2.8,
    2.2,
    2.8,
    1.4,
    0.6,
    1.8,
    2.8,
    2.2,
    2.8,
    2.6,
    3.0,
    2.8,
    3.0,
    1.6,
    2.8,
    1.6,
    1.2,
    1.6,
    2.8,
    2.8
  ],
  "gate_trust_rate": 0.97,
  "gated_prediction_accuracy": 0.8933333333333333,
  "signal_accuracy": 0.89,
  "tom_belief_accuracy_in_gated": 0.7066666666666667,
  "dp_conflict_rate": 0.2633333333333333,
  "dp_intervention_rate": 0.2633333333333333,
  "cell": "het_gated_atom_talk",
  "wall_time_s": 515.5853655338287,
  "config": {
    "game": "battle_of_the_sexes",
    "n_agents": 2,
    "horizon": 5,
    "memory": 2,
    "models_homo": "Qwen/Qwen2.5-7B-Instruct",
    "temp_homo": 0.7,
    "tom_order": 1,
    "seed": 58,
    "cell_name": "het_gated_atom_talk",
    "gate_trust_threshold": 0.6,
    "gate_ema_alpha": 0.3,
    "atom_warmup": 3,
    "homogeneous": false,
    "use_tom": true,
    "use_talk": true,
    "adaptive_tom": true,
    "gated_talk_tom": true,
    "diversity_preserving_gate": false
  },
  "team_mean_payoff": 2.15
}