{
  "perspective_diversity": 0.2009176834329509,
  "cooperation_payoff": 1.7599999999999996,
  "cooperation_payoff_ci": [
    1.5066666666666664,
    2.0134999999999987
  ],
  "equilibrium_convergence": 0.9733333333333334,
  "tom_prediction_accuracy": 0.6133333333333333,
  "tom_prediction_accuracy_ci": [
    0.5566666666666666,
    0.6667499999999995
  ],
  "n_episodes": 30,
  "action_dist_agent1": [
    0.44,
    0.56
  ],
  "per_episode_payoffs": [
    2.8,
    1.8,
    2.2,
    1.6,
    1.6,
    2.8,
    1.4,
    1.8,
    1.4,
    2.8,
    1.2,
    1.8,
    2.8,
    0.4,
    1.8,
    0.4,
    2.0,
    1.6,
    2.4,
    0.8,
    1.8,
    0.6,
    2.6,
    1.4,
    1.4,
    2.6,
    0.8,
    2.8,
    1.6,
    1.8
  ],
  "gate_trust_rate": 0.8366666666666667,
  "gated_prediction_accuracy": 0.6166666666666667,
  "signal_accuracy": 0.6066666666666667,
  "tom_belief_accuracy_in_gated": 0.6133333333333333,
  "dp_conflict_rate": 0.32,
  "dp_intervention_rate": 0.32,
  "cell": "het_dp_gated_atom_talk",
  "wall_time_s": 471.4082326889038,
  "config": {
    "game": "hawk_dove",
    "n_agents": 2,
    "horizon": 5,
    "memory": 2,
    "models_homo": "Qwen/Qwen2.5-7B-Instruct",
    "temp_homo": 0.7,
    "tom_order": 1,
    "seed": 47,
    "cell_name": "het_dp_gated_atom_talk",
    "gate_trust_threshold": 0.6,
    "gate_ema_alpha": 0.3,
    "atom_warmup": 3,
    "homogeneous": false,
    "use_tom": true,
    "use_talk": true,
    "adaptive_tom": true,
    "gated_talk_tom": true,
    "diversity_preserving_gate": true
  },
  "team_mean_payoff": 1.31
}