{
  "perspective_diversity": 0.18148322377891174,
  "cooperation_payoff": 2.3733333333333335,
  "cooperation_payoff_ci": [
    2.1533333333333333,
    2.5799999999999996
  ],
  "equilibrium_convergence": 0.9733333333333334,
  "tom_prediction_accuracy": 0.6266666666666667,
  "tom_prediction_accuracy_ci": [
    0.5666666666666667,
    0.68
  ],
  "n_episodes": 30,
  "action_dist_agent1": [
    0.48,
    0.52
  ],
  "per_episode_payoffs": [
    2.8,
    2.2,
    2.6,
    0.8,
    2.8,
    2.0,
    2.6,
    2.0,
    2.8,
    2.6,
    2.8,
    2.4,
    2.0,
    2.0,
    2.6,
    2.6,
    3.6,
    3.2,
    2.2,
    2.6,
    1.8,
    2.6,
    1.8,
    1.8,
    1.8,
    3.2,
    2.2,
    1.2,
    2.6,
    3.0
  ],
  "gate_trust_rate": 0.9733333333333334,
  "gated_prediction_accuracy": 0.7266666666666667,
  "signal_accuracy": 0.7133333333333334,
  "tom_belief_accuracy_in_gated": 0.6266666666666667,
  "dp_conflict_rate": 0.26666666666666666,
  "dp_intervention_rate": 0.26666666666666666,
  "cell": "het_hist_split",
  "wall_time_s": 497.3594636917114,
  "config": {
    "game": "deadlock",
    "n_agents": 2,
    "horizon": 5,
    "memory": 2,
    "models_homo": "Qwen/Qwen2.5-7B-Instruct",
    "temp_homo": 0.7,
    "tom_order": 1,
    "seed": 42,
    "cell_name": "het_hist_split",
    "gate_trust_threshold": 0.6,
    "gate_ema_alpha": 0.3,
    "atom_warmup": 3,
    "homogeneous": false,
    "use_tom": true,
    "use_talk": true,
    "adaptive_tom": true,
    "gated_talk_tom": true,
    "diversity_preserving_gate": true,
    "history_split_hint": true
  },
  "team_mean_payoff": 1.813333333333333
}