{
  "perspective_diversity": 0.4629971888967126,
  "cooperation_payoff": 3.2933333333333334,
  "cooperation_payoff_ci": [
    2.913333333333333,
    3.6601666666666652
  ],
  "equilibrium_convergence": 0.9866666666666667,
  "tom_prediction_accuracy": 0.6666666666666666,
  "tom_prediction_accuracy_ci": [
    0.6133333333333333,
    0.72
  ],
  "n_episodes": 30,
  "action_dist_agent1": [
    0.23333333333333334,
    0.7666666666666667
  ],
  "per_episode_payoffs": [
    2.4,
    3.2,
    3.6,
    1.6,
    2.6,
    4.2,
    4.6,
    4.6,
    2.6,
    1.8,
    3.6,
    2.2,
    2.8,
    4.6,
    3.6,
    3.2,
    5.0,
    3.0,
    4.2,
    2.0,
    4.6,
    3.2,
    3.6,
    2.6,
    4.2,
    2.6,
    4.6,
    1.2,
    2.2,
    4.6
  ],
  "gate_trust_rate": 0.9033333333333333,
  "gated_prediction_accuracy": 0.69,
  "signal_accuracy": 0.66,
  "tom_belief_accuracy_in_gated": 0.6666666666666666,
  "dp_conflict_rate": 0.2733333333333333,
  "dp_intervention_rate": 0.2733333333333333,
  "cell": "het_3arm",
  "gsaca_detected_structure": "anti_coord",
  "gsaca_oracle_structure": "anti_coord",
  "gsaca_detection_correct": true,
  "gsaca_split_score": 2.1818181818181817,
  "gsaca_warmup_episodes": 5,
  "gsaca_n_observations": 25,
  "gsaca_3arm_selected": "CGA",
  "gsaca_3arm_tau": 0.6,
  "wall_time_s": 490.64972472190857,
  "config": {
    "game": "chicken",
    "n_agents": 2,
    "horizon": 5,
    "memory": 2,
    "models_homo": "Qwen/Qwen2.5-7B-Instruct",
    "temp_homo": 0.7,
    "tom_order": 1,
    "seed": 46,
    "cell_name": "het_3arm",
    "gate_trust_threshold": 0.6,
    "gate_ema_alpha": 0.3,
    "atom_warmup": 3,
    "homogeneous": false,
    "use_tom": true,
    "use_talk": true,
    "adaptive_tom": true,
    "gated_talk_tom": true,
    "diversity_preserving_gate": true
  },
  "team_mean_payoff": 2.36
}