{
  "perspective_diversity": 0.00044311996962144613,
  "cooperation_payoff": 1.794038243998952,
  "cooperation_payoff_ci": [
    1.3866985187605227,
    2.165236815158878
  ],
  "equilibrium_convergence": 0.9333333333333333,
  "tom_prediction_accuracy": 0.7266666666666667,
  "tom_prediction_accuracy_ci": [
    0.6733333333333333,
    0.7766666666666666
  ],
  "n_episodes": 30,
  "action_dist_agent1": [
    0.7133333333333334,
    0.2866666666666667
  ],
  "per_episode_payoffs": [
    2.041425856926728,
    2.7209943304180206,
    2.5742676042224675,
    -0.9095919908928438,
    0.4003300699612824,
    3.2377865633105727,
    2.2358369234086193,
    2.0176350089551667,
    2.499865653557056,
    2.5223888478842276,
    1.9700033181201793,
    1.9073568618138637,
    0.20673338559152787,
    1.949560203423194,
    2.911592413417598,
    3.087201340067836,
    1.508895872335677,
    2.101636429460787,
    0.9382877339912424,
    3.4405510273532443,
    1.1487514819513276,
    2.297807245029292,
    1.190180718518689,
    0.966140593733628,
    3.6736703467481227,
    2.0412682805454323,
    0.08734762858003291,
    0.9745657661391156,
    1.3362878741634612,
    0.7423699312330119
  ],
  "gate_trust_rate": 0.88,
  "gated_prediction_accuracy": 0.68,
  "signal_accuracy": 0.72,
  "tom_belief_accuracy_in_gated": 0.62,
  "dp_conflict_rate": 0.3,
  "dp_intervention_rate": 0.3,
  "cell": "het_gsaca",
  "gsaca_detected_structure": "coord",
  "gsaca_oracle_structure": "coord",
  "gsaca_detection_correct": true,
  "gsaca_split_score": -1.508379768024217,
  "gsaca_warmup_episodes": 5,
  "gsaca_n_observations": 25,
  "wall_time_s": 512.9568791389465,
  "config": {
    "game": "battle_of_the_sexes",
    "n_agents": 2,
    "horizon": 5,
    "memory": 2,
    "models_homo": "Qwen/Qwen2.5-7B-Instruct",
    "temp_homo": 0.7,
    "tom_order": 1,
    "seed": 42,
    "cell_name": "het_gsaca",
    "gate_trust_threshold": 0.6,
    "gate_ema_alpha": 0.3,
    "atom_warmup": 3,
    "homogeneous": false,
    "use_tom": true,
    "use_talk": true,
    "adaptive_tom": true,
    "gated_talk_tom": true,
    "diversity_preserving_gate": true
  },
  "team_mean_payoff": 1.6860724723191896
}