{
  "perspective_diversity": 0.13019819173284128,
  "cooperation_payoff": 2.6120000000000005,
  "cooperation_payoff_ci": [
    2.5820000000000003,
    2.648
  ],
  "equilibrium_convergence": 0.92,
  "tom_prediction_accuracy": 0.6866666666666666,
  "tom_prediction_accuracy_ci": [
    0.6608333333333334,
    0.7133333333333334
  ],
  "n_episodes": 20,
  "action_dist_agent1": [
    0.8,
    0.2
  ],
  "per_episode_payoffs": [
    2.6,
    2.52,
    2.7199999999999998,
    2.56,
    2.4800000000000004,
    2.6800000000000006,
    2.52,
    2.64,
    2.6399999999999997,
    2.6399999999999997,
    2.6,
    2.52,
    2.6399999999999997,
    2.6,
    2.6,
    2.6399999999999997,
    2.56,
    2.6399999999999997,
    2.8400000000000003,
    2.6
  ],
  "gate_trust_rate": 0.9616666666666667,
  "gated_prediction_accuracy": 0.8325,
  "signal_accuracy": 0.8575,
  "tom_belief_accuracy_in_gated": 0.6866666666666666,
  "dp_conflict_rate": 0.2875,
  "dp_intervention_rate": 0.2875,
  "cell": "het_gated_atom_talk",
  "wall_time_s": 2597.166179418564,
  "config": {
    "game": "public_goods",
    "n_agents": 4,
    "horizon": 5,
    "memory": 2,
    "models_homo": "Qwen/Qwen2.5-7B-Instruct",
    "temp_homo": 0.7,
    "tom_order": 1,
    "seed": 46,
    "cell_name": "het_gated_atom_talk",
    "gate_trust_threshold": 0.6,
    "gate_ema_alpha": 0.3,
    "atom_warmup": 3,
    "homogeneous": false,
    "use_tom": true,
    "use_talk": true,
    "adaptive_tom": true,
    "gated_talk_tom": true,
    "diversity_preserving_gate": false
  },
  "team_mean_payoff": 2.5295
}