{
  "perspective_diversity": 0.5075821747520135,
  "cooperation_payoff": 3.2533333333333325,
  "cooperation_payoff_ci": [
    2.886666666666666,
    3.6203333333333303
  ],
  "equilibrium_convergence": 0.9733333333333334,
  "tom_prediction_accuracy": 0.6766666666666666,
  "tom_prediction_accuracy_ci": [
    0.6233333333333333,
    0.7266666666666667
  ],
  "n_episodes": 30,
  "action_dist_agent1": [
    0.22666666666666666,
    0.7733333333333333
  ],
  "per_episode_payoffs": [
    3.6,
    1.6,
    2.6,
    3.6,
    3.2,
    1.6,
    3.6,
    3.6,
    2.6,
    4.6,
    4.6,
    3.6,
    2.2,
    4.6,
    3.6,
    3.6,
    2.6,
    2.6,
    4.6,
    4.6,
    4.6,
    2.6,
    1.4,
    4.0,
    4.6,
    3.6,
    2.6,
    2.6,
    3.2,
    1.2
  ],
  "gate_trust_rate": 0.9266666666666666,
  "gated_prediction_accuracy": 0.7066666666666667,
  "signal_accuracy": 0.7,
  "tom_belief_accuracy_in_gated": 0.6766666666666666,
  "dp_conflict_rate": 0.23666666666666666,
  "dp_intervention_rate": 0.23666666666666666,
  "cell": "het_dp_gated_atom_talk",
  "wall_time_s": 435.9687523841858,
  "config": {
    "game": "chicken",
    "n_agents": 2,
    "horizon": 5,
    "memory": 2,
    "models_homo": "Qwen/Qwen2.5-7B-Instruct",
    "temp_homo": 0.7,
    "tom_order": 1,
    "seed": 45,
    "cell_name": "het_dp_gated_atom_talk",
    "homogeneous": false,
    "use_tom": true,
    "use_talk": true,
    "adaptive_tom": true,
    "gated_talk_tom": true,
    "diversity_preserving_gate": true
  },
  "team_mean_payoff": 2.2800000000000002
}