{
  "perspective_diversity": 1.7992251120851521,
  "cooperation_payoff": 0.5866666666666664,
  "cooperation_payoff_ci": [0.5000000000000001, 0.6799999999999999],
  "equilibrium_convergence": 1.0,
  "tom_prediction_accuracy": NaN,
  "tom_prediction_accuracy_ci": [NaN, NaN],
  "n_episodes": 30,
  "action_dist_agent1": [0.7866666666666666, 0.21333333333333335],
  "per_episode_payoffs": [0.6,0.4,0.8,0.4,0.4,0.4,0.4,0.4,1.0,0.4,1.0,0.4,0.4,0.8,1.0,0.4,0.4,1.0,1.0,0.4,0.8,1.0,0.8,0.6,0.4,0.4,0.4,0.4,0.4,0.4],
  "cell": "het_notom",
  "wall_time_s": 17.743332624435425,
  "config": {"game":"stag_hunt","n_agents":null,"horizon":5,"memory":2,"models_homo":"Qwen/Qwen2.5-3B-Instruct","temp_homo":0.7,"tom_order":1,"seed":1,"homogeneous":false,"use_tom":false,"cell_name":"het_notom"}
}