{
  "perspective_diversity": 0.20778672232112652,
  "cooperation_payoff": 1.6933333333333331,
  "cooperation_payoff_ci": [
    1.3733333333333335,
    1.9933333333333332
  ],
  "equilibrium_convergence": 0.9733333333333334,
  "tom_prediction_accuracy": 0.65,
  "tom_prediction_accuracy_ci": [
    0.5966666666666667,
    0.7033333333333334
  ],
  "n_episodes": 30,
  "action_dist_agent1": [
    0.4266666666666667,
    0.5733333333333334
  ],
  "per_episode_payoffs": [
    2.4,
    1.6,
    0.8,
    2.0,
    0.4,
    2.4,
    0.4,
    0.8,
    2.8,
    0.8,
    1.2,
    2.6,
    2.0,
    0.6,
    2.8,
    1.6,
    1.2,
    0.6,
    0.2,
    2.2,
    2.8,
    2.4,
    2.0,
    2.8,
    1.6,
    2.8,
    0.8,
    2.0,
    1.6,
    2.6
  ],
  "gate_trust_rate": 0.8033333333333333,
  "gated_prediction_accuracy": 0.6366666666666667,
  "signal_accuracy": 0.5666666666666667,
  "tom_belief_accuracy_in_gated": 0.65,
  "dp_conflict_rate": 0.31666666666666665,
  "dp_intervention_rate": 0.31666666666666665,
  "cell": "het_adapt_interv",
  "wall_time_s": 484.155437707901,
  "config": {
    "game": "hawk_dove",
    "n_agents": 2,
    "horizon": 5,
    "memory": 2,
    "models_homo": "Qwen/Qwen2.5-7B-Instruct",
    "temp_homo": 0.7,
    "tom_order": 1,
    "seed": 42,
    "cell_name": "het_adapt_interv",
    "gate_trust_threshold": 0.6,
    "gate_ema_alpha": 0.3,
    "atom_warmup": 3,
    "homogeneous": false,
    "use_tom": true,
    "use_talk": true,
    "adaptive_tom": true,
    "gated_talk_tom": true,
    "diversity_preserving_gate": true,
    "adaptive_intervention": true,
    "adaptive_interv_threshold": 0.3
  },
  "team_mean_payoff": 1.2333333333333334
}