{
  "perspective_diversity": 9.521722502418839e-05,
  "cooperation_payoff": 2.113333333333333,
  "cooperation_payoff_ci": [
    1.8066666666666662,
    2.413333333333333
  ],
  "equilibrium_convergence": 0.9066666666666666,
  "tom_prediction_accuracy": 0.7333333333333333,
  "tom_prediction_accuracy_ci": [
    0.6833333333333333,
    0.7833333333333333
  ],
  "n_episodes": 30,
  "action_dist_agent1": [
    0.6333333333333333,
    0.36666666666666664
  ],
  "per_episode_payoffs": [
    1.8,
    2.8,
    0.4,
    2.8,
    1.8,
    2.8,
    2.8,
    0.6,
    2.6,
    2.4,
    2.8,
    2.6,
    1.2,
    2.2,
    2.8,
    2.6,
    1.4,
    2.6,
    2.2,
    1.6,
    3.0,
    0.8,
    0.8,
    2.8,
    1.0,
    2.8,
    2.8,
    0.8,
    3.0,
    2.8
  ],
  "gate_trust_rate": 0.9566666666666667,
  "gated_prediction_accuracy": 0.8466666666666667,
  "signal_accuracy": 0.8433333333333334,
  "tom_belief_accuracy_in_gated": 0.7333333333333333,
  "dp_conflict_rate": 0.27666666666666667,
  "dp_intervention_rate": 0.27666666666666667,
  "cell": "het_gated_atom_talk",
  "wall_time_s": 542.4176647663116,
  "config": {
    "game": "battle_of_the_sexes",
    "n_agents": 2,
    "horizon": 5,
    "memory": 2,
    "models_homo": "Qwen/Qwen2.5-7B-Instruct",
    "temp_homo": 0.7,
    "tom_order": 1,
    "seed": 59,
    "cell_name": "het_gated_atom_talk",
    "gate_trust_threshold": 0.6,
    "gate_ema_alpha": 0.3,
    "atom_warmup": 3,
    "homogeneous": false,
    "use_tom": true,
    "use_talk": true,
    "adaptive_tom": true,
    "gated_talk_tom": true,
    "diversity_preserving_gate": false
  },
  "team_mean_payoff": 1.9833333333333334
}