{
  "perspective_diversity": 0.25295370272115403,
  "cooperation_payoff": 1.813333333333333,
  "cooperation_payoff_ci": [
    1.5331666666666666,
    2.073333333333333
  ],
  "equilibrium_convergence": 0.92,
  "tom_prediction_accuracy": 0.6266666666666667,
  "tom_prediction_accuracy_ci": [
    0.57,
    0.6833333333333333
  ],
  "n_episodes": 30,
  "action_dist_agent1": [
    0.4266666666666667,
    0.5733333333333334
  ],
  "per_episode_payoffs": [
    2.8,
    0.2,
    1.6,
    2.4,
    1.2,
    1.6,
    2.2,
    1.6,
    1.2,
    0.8,
    2.0,
    2.8,
    2.4,
    2.4,
    2.0,
    1.2,
    2.4,
    2.2,
    1.2,
    2.8,
    2.8,
    1.8,
    1.0,
    2.2,
    1.0,
    0.8,
    1.6,
    0.6,
    2.8,
    2.8
  ],
  "gate_trust_rate": 0.8466666666666667,
  "gated_prediction_accuracy": 0.6233333333333333,
  "signal_accuracy": 0.61,
  "tom_belief_accuracy_in_gated": 0.6266666666666667,
  "dp_conflict_rate": 0.3233333333333333,
  "dp_intervention_rate": 0.3233333333333333,
  "cell": "het_dp_gated_atom_talk",
  "wall_time_s": 482.24824237823486,
  "config": {
    "game": "hawk_dove",
    "n_agents": 2,
    "horizon": 5,
    "memory": 2,
    "models_homo": "Qwen/Qwen2.5-7B-Instruct",
    "temp_homo": 0.7,
    "tom_order": 1,
    "seed": 42,
    "cell_name": "het_dp_gated_atom_talk",
    "gate_trust_threshold": 0.6,
    "gate_ema_alpha": 0.3,
    "atom_warmup": 3,
    "homogeneous": false,
    "use_tom": true,
    "use_talk": true,
    "adaptive_tom": true,
    "gated_talk_tom": true,
    "diversity_preserving_gate": true
  },
  "team_mean_payoff": 1.3133333333333335
}