{
  "perspective_diversity": 0.02646974396698741,
  "cooperation_payoff": 2.560000000000001,
  "cooperation_payoff_ci": [
    2.5000000000000004,
    2.6060000000000008
  ],
  "equilibrium_convergence": 0.88,
  "tom_prediction_accuracy": 0.8016666666666666,
  "tom_prediction_accuracy_ci": [
    0.7791666666666667,
    0.8233333333333334
  ],
  "n_episodes": 20,
  "action_dist_agent1": [
    0.94,
    0.06
  ],
  "per_episode_payoffs": [
    2.6399999999999997,
    2.68,
    2.8,
    2.52,
    2.52,
    2.6,
    2.5200000000000005,
    2.12,
    2.6,
    2.52,
    2.52,
    2.6,
    2.6,
    2.52,
    2.6,
    2.6,
    2.52,
    2.6,
    2.6,
    2.52
  ],
  "gate_trust_rate": 0.9055555555555556,
  "gated_prediction_accuracy": 0.7388888888888889,
  "signal_accuracy": 0.8,
  "tom_belief_accuracy_in_gated": 0.6277777777777778,
  "dp_conflict_rate": 0.3611111111111111,
  "dp_intervention_rate": 0.3611111111111111,
  "cell": "het_gsaca",
  "gsaca_detected_structure": "coord",
  "gsaca_oracle_structure": "coord",
  "gsaca_detection_correct": true,
  "gsaca_split_score": -0.23571428571428577,
  "gsaca_warmup_episodes": 3,
  "gsaca_n_observations": 15,
  "wall_time_s": 2677.1136543750763,
  "config": {
    "game": "public_goods",
    "n_agents": 4,
    "horizon": 5,
    "memory": 2,
    "models_homo": "Qwen/Qwen2.5-7B-Instruct",
    "temp_homo": 0.7,
    "tom_order": 1,
    "seed": 60,
    "cell_name": "het_gsaca",
    "gate_trust_threshold": 0.6,
    "gate_ema_alpha": 0.3,
    "atom_warmup": 3,
    "homogeneous": false,
    "use_tom": true,
    "use_talk": true,
    "adaptive_tom": true,
    "gated_talk_tom": true,
    "diversity_preserving_gate": true
  },
  "team_mean_payoff": 2.5625000000000004
}