{
  "perspective_diversity": 0.22058229851112549,
  "cooperation_payoff": 2.8733333333333326,
  "cooperation_payoff_ci": [
    2.5333333333333328,
    3.2266666666666657
  ],
  "equilibrium_convergence": 0.9066666666666667,
  "tom_prediction_accuracy": 0.63,
  "tom_prediction_accuracy_ci": [
    0.5733333333333334,
    0.6866666666666666
  ],
  "n_episodes": 30,
  "action_dist_agent1": [
    0.32666666666666666,
    0.6733333333333333
  ],
  "per_episode_payoffs": [
    2.2,
    2.6,
    1.6,
    4.6,
    2.4,
    1.2,
    1.8,
    2.0,
    4.6,
    2.0,
    3.6,
    2.0,
    1.8,
    2.6,
    2.8,
    2.6,
    2.8,
    4.6,
    4.6,
    2.6,
    2.4,
    3.6,
    4.6,
    3.2,
    2.4,
    2.6,
    3.6,
    2.6,
    2.6,
    3.6
  ],
  "gate_trust_rate": 0.9033333333333333,
  "gated_prediction_accuracy": 0.62,
  "signal_accuracy": 0.6366666666666667,
  "tom_belief_accuracy_in_gated": 0.63,
  "dp_conflict_rate": 0.22666666666666666,
  "dp_intervention_rate": 0.22666666666666666,
  "cell": "het_gsaca",
  "gsaca_detected_structure": "anti_coord",
  "gsaca_oracle_structure": "anti_coord",
  "gsaca_detection_correct": true,
  "gsaca_split_score": 1.826086956521739,
  "gsaca_warmup_episodes": 8,
  "gsaca_n_observations": 40,
  "wall_time_s": 451.3602433204651,
  "config": {
    "game": "chicken",
    "n_agents": 2,
    "horizon": 5,
    "memory": 2,
    "models_homo": "Qwen/Qwen2.5-7B-Instruct",
    "temp_homo": 0.7,
    "tom_order": 1,
    "seed": 45,
    "cell_name": "het_gsaca",
    "gate_trust_threshold": 0.6,
    "gate_ema_alpha": 0.3,
    "atom_warmup": 3,
    "homogeneous": false,
    "use_tom": true,
    "use_talk": true,
    "adaptive_tom": true,
    "gated_talk_tom": true,
    "diversity_preserving_gate": true
  },
  "team_mean_payoff": 2.2199999999999998
}