{
  "perspective_diversity": 0.14338023879311682,
  "cooperation_payoff": 1.6666666666666663,
  "cooperation_payoff_ci": [
    1.3066666666666664,
    2.0001666666666655
  ],
  "equilibrium_convergence": 0.9466666666666667,
  "tom_prediction_accuracy": 0.65,
  "tom_prediction_accuracy_ci": [
    0.5966666666666667,
    0.7033333333333334
  ],
  "n_episodes": 30,
  "action_dist_agent1": [
    0.4266666666666667,
    0.5733333333333334
  ],
  "per_episode_payoffs": [
    2.8,
    2.8,
    2.6,
    2.8,
    1.4,
    1.8,
    2.6,
    1.0,
    0.2,
    1.4,
    2.8,
    0.4,
    0.8,
    2.8,
    2.8,
    2.8,
    0.6,
    -0.4,
    0.0,
    1.6,
    1.6,
    1.8,
    1.6,
    0.8,
    2.8,
    2.2,
    0.8,
    2.4,
    2.0,
    0.4
  ],
  "gate_trust_rate": 0.85,
  "gated_prediction_accuracy": 0.6633333333333333,
  "signal_accuracy": 0.6266666666666667,
  "tom_belief_accuracy_in_gated": 0.65,
  "dp_conflict_rate": 0.33666666666666667,
  "dp_intervention_rate": 0.33666666666666667,
  "cell": "het_hist_split",
  "wall_time_s": 561.0981755256653,
  "config": {
    "game": "hawk_dove",
    "n_agents": 2,
    "horizon": 5,
    "memory": 2,
    "models_homo": "Qwen/Qwen2.5-7B-Instruct",
    "temp_homo": 0.7,
    "tom_order": 1,
    "seed": 44,
    "cell_name": "het_hist_split",
    "gate_trust_threshold": 0.6,
    "gate_ema_alpha": 0.3,
    "atom_warmup": 3,
    "homogeneous": false,
    "use_tom": true,
    "use_talk": true,
    "adaptive_tom": true,
    "gated_talk_tom": true,
    "diversity_preserving_gate": true,
    "history_split_hint": true
  },
  "team_mean_payoff": 1.2766666666666668
}