{
  "perspective_diversity": 0.0009525572021556981,
  "cooperation_payoff": 2.48,
  "cooperation_payoff_ci": [
    2.266666666666666,
    2.6733333333333325
  ],
  "equilibrium_convergence": 0.8266666666666667,
  "tom_prediction_accuracy": 0.7466666666666667,
  "tom_prediction_accuracy_ci": [
    0.6966666666666667,
    0.7966666666666666
  ],
  "n_episodes": 30,
  "action_dist_agent1": [
    0.6866666666666666,
    0.31333333333333335
  ],
  "per_episode_payoffs": [
    2.8,
    2.8,
    2.8,
    2.8,
    2.6,
    1.8,
    2.8,
    2.8,
    2.8,
    1.2,
    2.8,
    1.4,
    2.2,
    2.8,
    1.2,
    2.8,
    2.2,
    2.8,
    2.8,
    2.6,
    2.8,
    2.8,
    2.8,
    2.8,
    1.0,
    2.6,
    2.8,
    2.2,
    3.0,
    2.8
  ],
  "gate_trust_rate": 0.9866666666666667,
  "gated_prediction_accuracy": 0.9466666666666667,
  "signal_accuracy": 0.9333333333333333,
  "tom_belief_accuracy_in_gated": 0.7466666666666667,
  "dp_conflict_rate": 0.2733333333333333,
  "dp_intervention_rate": 0.2733333333333333,
  "cell": "het_gated_atom_talk",
  "wall_time_s": 550.8319392204285,
  "config": {
    "game": "battle_of_the_sexes",
    "n_agents": 2,
    "horizon": 5,
    "memory": 2,
    "models_homo": "Qwen/Qwen2.5-7B-Instruct",
    "temp_homo": 0.7,
    "tom_order": 1,
    "seed": 54,
    "cell_name": "het_gated_atom_talk",
    "gate_trust_threshold": 0.6,
    "gate_ema_alpha": 0.3,
    "atom_warmup": 3,
    "homogeneous": false,
    "use_tom": true,
    "use_talk": true,
    "adaptive_tom": true,
    "gated_talk_tom": true,
    "diversity_preserving_gate": false
  },
  "team_mean_payoff": 2.283333333333333
}