{
  "perspective_diversity": 0.23727218528033797,
  "cooperation_payoff": 2.5940000000000003,
  "cooperation_payoff_ci": [
    2.566,
    2.624
  ],
  "equilibrium_convergence": 0.9,
  "tom_prediction_accuracy": 0.8241666666666667,
  "tom_prediction_accuracy_ci": [
    0.8024791666666667,
    0.8433541666666666
  ],
  "n_episodes": 20,
  "action_dist_agent1": [
    0.95,
    0.05
  ],
  "per_episode_payoffs": [
    2.6399999999999997,
    2.8,
    2.6399999999999997,
    2.6,
    2.6,
    2.6,
    2.6,
    2.6,
    2.6,
    2.6,
    2.52,
    2.52,
    2.5200000000000005,
    2.6,
    2.6,
    2.6,
    2.6,
    2.6,
    2.6,
    2.4400000000000004
  ],
  "gate_trust_rate": 0.9333333333333333,
  "gated_prediction_accuracy": 0.7722222222222223,
  "signal_accuracy": 0.8166666666666667,
  "tom_belief_accuracy_in_gated": 0.6388888888888888,
  "dp_conflict_rate": 0.3111111111111111,
  "dp_intervention_rate": 0.3111111111111111,
  "cell": "het_gsaca",
  "gsaca_detected_structure": "coord",
  "gsaca_oracle_structure": "coord",
  "gsaca_detection_correct": true,
  "gsaca_split_score": -0.16874999999999973,
  "gsaca_warmup_episodes": 3,
  "gsaca_n_observations": 15,
  "wall_time_s": 2611.28773188591,
  "config": {
    "game": "public_goods",
    "n_agents": 4,
    "horizon": 5,
    "memory": 2,
    "models_homo": "Qwen/Qwen2.5-7B-Instruct",
    "temp_homo": 0.7,
    "tom_order": 1,
    "seed": 43,
    "cell_name": "het_gsaca",
    "gate_trust_threshold": 0.6,
    "gate_ema_alpha": 0.3,
    "atom_warmup": 3,
    "homogeneous": false,
    "use_tom": true,
    "use_talk": true,
    "adaptive_tom": true,
    "gated_talk_tom": true,
    "diversity_preserving_gate": true
  },
  "team_mean_payoff": 2.579
}