{
  "perspective_diversity": 0.23365242571167147,
  "cooperation_payoff": 2.8066666666666658,
  "cooperation_payoff_ci": [
    2.733333333333333,
    2.873333333333333
  ],
  "equilibrium_convergence": 0.9733333333333334,
  "tom_prediction_accuracy": 0.88,
  "tom_prediction_accuracy_ci": [
    0.84,
    0.9133333333333333
  ],
  "n_episodes": 30,
  "action_dist_agent1": [
    0.8266666666666667,
    0.17333333333333334
  ],
  "per_episode_payoffs": [
    2.8,
    2.8,
    3.0,
    2.6,
    2.2,
    2.8,
    2.8,
    3.0,
    2.6,
    3.0,
    3.0,
    3.0,
    2.8,
    3.0,
    2.6,
    3.0,
    2.6,
    3.0,
    2.6,
    2.6,
    3.0,
    3.0,
    2.8,
    3.0,
    3.0,
    2.6,
    2.8,
    2.8,
    2.6,
    2.8
  ],
  "gate_trust_rate": 0.9933333333333333,
  "gated_prediction_accuracy": 0.9066666666666666,
  "signal_accuracy": 0.9066666666666666,
  "tom_belief_accuracy_in_gated": 0.88,
  "dp_conflict_rate": 0.05333333333333334,
  "dp_intervention_rate": 0.05333333333333334,
  "cell": "het_dp_gated_atom_talk",
  "wall_time_s": 514.4949491024017,
  "config": {
    "game": "stag_hunt",
    "n_agents": 2,
    "horizon": 5,
    "memory": 2,
    "models_homo": "Qwen/Qwen2.5-7B-Instruct",
    "temp_homo": 0.7,
    "tom_order": 1,
    "seed": 56,
    "cell_name": "het_dp_gated_atom_talk",
    "gate_trust_threshold": 0.6,
    "gate_ema_alpha": 0.3,
    "atom_warmup": 3,
    "homogeneous": false,
    "use_tom": true,
    "use_talk": true,
    "adaptive_tom": true,
    "gated_talk_tom": true,
    "diversity_preserving_gate": true
  },
  "team_mean_payoff": 2.6533333333333333
}