{
  "perspective_diversity": 0.07312611513336253,
  "cooperation_payoff": 1.4333333333333331,
  "cooperation_payoff_ci": [
    1.1266666666666667,
    1.7666666666666662
  ],
  "equilibrium_convergence": 0.9333333333333333,
  "tom_prediction_accuracy": 0.5766666666666667,
  "tom_prediction_accuracy_ci": [
    0.5233333333333333,
    0.6266666666666667
  ],
  "n_episodes": 30,
  "action_dist_agent1": [
    0.47333333333333333,
    0.5266666666666666
  ],
  "per_episode_payoffs": [
    1.8,
    0.0,
    2.4,
    0.2,
    0.6,
    1.6,
    2.8,
    2.8,
    0.0,
    0.4,
    2.0,
    2.8,
    1.6,
    0.8,
    1.8,
    1.6,
    1.2,
    1.8,
    2.6,
    1.8,
    0.8,
    0.4,
    2.0,
    2.0,
    0.0,
    2.4,
    0.8,
    0.6,
    1.8,
    1.6
  ],
  "gate_trust_rate": 0.82,
  "gated_prediction_accuracy": 0.57,
  "signal_accuracy": 0.5966666666666667,
  "tom_belief_accuracy_in_gated": 0.5766666666666667,
  "dp_conflict_rate": 0.38,
  "dp_intervention_rate": 0.38,
  "cell": "het_gsaca",
  "gsaca_detected_structure": "anti_coord",
  "gsaca_oracle_structure": "anti_coord",
  "gsaca_detection_correct": true,
  "gsaca_split_score": 0.7857142857142857,
  "gsaca_warmup_episodes": 5,
  "gsaca_n_observations": 25,
  "wall_time_s": 414.12341952323914,
  "config": {
    "game": "hawk_dove",
    "n_agents": 2,
    "horizon": 5,
    "memory": 2,
    "models_homo": "Qwen/Qwen2.5-7B-Instruct",
    "temp_homo": 0.7,
    "tom_order": 1,
    "seed": 43,
    "cell_name": "het_gsaca",
    "gate_trust_threshold": 0.6,
    "gate_ema_alpha": 0.3,
    "atom_warmup": 3,
    "homogeneous": false,
    "use_tom": true,
    "use_talk": true,
    "adaptive_tom": true,
    "gated_talk_tom": true,
    "diversity_preserving_gate": true
  },
  "team_mean_payoff": 1.1533333333333333
}