{
  "perspective_diversity": 0.061697455953089675,
  "cooperation_payoff": 2.6666666666666665,
  "cooperation_payoff_ci": [
    2.3600000000000003,
    2.9801666666666655
  ],
  "equilibrium_convergence": 0.8666666666666667,
  "tom_prediction_accuracy": 0.6266666666666667,
  "tom_prediction_accuracy_ci": [
    0.5733333333333334,
    0.68
  ],
  "n_episodes": 30,
  "action_dist_agent1": [
    0.4533333333333333,
    0.5466666666666666
  ],
  "per_episode_payoffs": [
    1.8,
    3.0,
    0.6,
    2.6,
    3.8,
    3.4,
    3.6,
    2.4,
    1.8,
    4.2,
    2.6,
    2.6,
    2.8,
    1.8,
    2.2,
    1.8,
    2.2,
    2.2,
    4.2,
    2.0,
    3.2,
    2.8,
    1.2,
    2.0,
    3.0,
    2.8,
    3.4,
    2.6,
    4.6,
    2.8
  ],
  "gate_trust_rate": 0.7533333333333333,
  "gated_prediction_accuracy": 0.6366666666666667,
  "signal_accuracy": 0.5966666666666667,
  "tom_belief_accuracy_in_gated": 0.6266666666666667,
  "dp_conflict_rate": 0.44333333333333336,
  "dp_intervention_rate": 0.44333333333333336,
  "cell": "hom_dp_gated_atom_talk",
  "wall_time_s": 775.7449250221252,
  "config": {
    "game": "chicken",
    "n_agents": 2,
    "horizon": 5,
    "memory": 2,
    "models_homo": "THUDM/GLM-4-9B-0414",
    "temp_homo": 0.7,
    "tom_order": 1,
    "seed": 45,
    "cell_name": "hom_dp_gated_atom_talk",
    "gate_trust_threshold": 0.6,
    "gate_ema_alpha": 0.3,
    "atom_warmup": 3,
    "homogeneous": true,
    "use_tom": true,
    "use_talk": true,
    "adaptive_tom": true,
    "gated_talk_tom": true,
    "diversity_preserving_gate": true
  },
  "team_mean_payoff": 2.3200000000000003
}