{
  "perspective_diversity": 0.09560028756856984,
  "cooperation_payoff": 1.4933333333333332,
  "cooperation_payoff_ci": [
    1.1400000000000001,
    1.8333333333333333
  ],
  "equilibrium_convergence": 0.9733333333333333,
  "tom_prediction_accuracy": 0.6066666666666667,
  "tom_prediction_accuracy_ci": [
    0.5466666666666666,
    0.66
  ],
  "n_episodes": 30,
  "action_dist_agent1": [
    0.4533333333333333,
    0.5466666666666666
  ],
  "per_episode_payoffs": [
    0.8,
    0.0,
    0.4,
    2.0,
    0.8,
    2.8,
    1.2,
    2.8,
    2.4,
    2.8,
    2.0,
    1.6,
    0.0,
    -0.4,
    0.4,
    0.8,
    1.2,
    2.0,
    2.8,
    0.8,
    0.8,
    2.0,
    0.8,
    1.8,
    1.2,
    2.6,
    1.4,
    2.6,
    1.6,
    2.8
  ],
  "gate_trust_rate": 0.8466666666666667,
  "gated_prediction_accuracy": 0.6033333333333334,
  "signal_accuracy": 0.63,
  "tom_belief_accuracy_in_gated": 0.6066666666666667,
  "dp_conflict_rate": 0.3433333333333333,
  "dp_intervention_rate": 0.3433333333333333,
  "cell": "het_3arm",
  "gsaca_detected_structure": "anti_coord",
  "gsaca_oracle_structure": "anti_coord",
  "gsaca_detection_correct": true,
  "gsaca_split_score": 1.0,
  "gsaca_warmup_episodes": 5,
  "gsaca_n_observations": 25,
  "gsaca_3arm_selected": "CGA",
  "gsaca_3arm_tau": 0.0,
  "wall_time_s": 490.5921742916107,
  "config": {
    "game": "hawk_dove",
    "n_agents": 2,
    "horizon": 5,
    "memory": 2,
    "models_homo": "Qwen/Qwen2.5-7B-Instruct",
    "temp_homo": 0.7,
    "tom_order": 1,
    "seed": 43,
    "cell_name": "het_3arm",
    "gate_trust_threshold": 0.6,
    "gate_ema_alpha": 0.3,
    "atom_warmup": 3,
    "homogeneous": false,
    "use_tom": true,
    "use_talk": true,
    "adaptive_tom": true,
    "gated_talk_tom": true,
    "diversity_preserving_gate": true
  },
  "team_mean_payoff": 1.1733333333333333
}