{
  "perspective_diversity": 0.35704735985952785,
  "cooperation_payoff": 3.1066666666666665,
  "cooperation_payoff_ci": [
    2.6999999999999997,
    3.5066666666666664
  ],
  "equilibrium_convergence": 0.9733333333333333,
  "tom_prediction_accuracy": 0.6533333333333333,
  "tom_prediction_accuracy_ci": [
    0.6033333333333334,
    0.7034166666666662
  ],
  "n_episodes": 30,
  "action_dist_agent1": [
    0.25333333333333335,
    0.7466666666666667
  ],
  "per_episode_payoffs": [
    1.6,
    4.6,
    5.0,
    1.2,
    1.8,
    3.6,
    3.6,
    3.2,
    2.6,
    4.2,
    1.8,
    1.0,
    2.2,
    3.6,
    1.8,
    4.6,
    4.0,
    4.6,
    1.8,
    2.6,
    2.4,
    3.6,
    4.2,
    1.8,
    4.6,
    3.8,
    2.6,
    3.0,
    3.6,
    4.2
  ],
  "gate_trust_rate": 0.7766666666666666,
  "gated_prediction_accuracy": 0.6666666666666666,
  "signal_accuracy": 0.6633333333333333,
  "tom_belief_accuracy_in_gated": 0.6533333333333333,
  "dp_conflict_rate": 0.24333333333333335,
  "dp_intervention_rate": 0.24333333333333335,
  "cell": "het_dp_gated_atom_talk",
  "wall_time_s": 496.2289969921112,
  "config": {
    "game": "chicken",
    "n_agents": 2,
    "horizon": 5,
    "memory": 2,
    "models_homo": "Qwen/Qwen2.5-7B-Instruct",
    "temp_homo": 0.7,
    "tom_order": 1,
    "seed": 46,
    "cell_name": "het_dp_gated_atom_talk",
    "gate_trust_threshold": 0.9,
    "gate_ema_alpha": 0.3,
    "atom_warmup": 3,
    "homogeneous": false,
    "use_tom": true,
    "use_talk": true,
    "adaptive_tom": true,
    "gated_talk_tom": true,
    "diversity_preserving_gate": true
  },
  "team_mean_payoff": 2.28
}