{
  "perspective_diversity": 0.17214134968574332,
  "cooperation_payoff": 2.6599999999999997,
  "cooperation_payoff_ci": [
    2.6059999999999994,
    2.71605
  ],
  "equilibrium_convergence": 1.0,
  "tom_prediction_accuracy": 0.7025,
  "tom_prediction_accuracy_ci": [
    0.6775,
    0.7283333333333334
  ],
  "n_episodes": 20,
  "action_dist_agent1": [
    0.76,
    0.24
  ],
  "per_episode_payoffs": [
    2.56,
    2.7199999999999998,
    2.64,
    2.76,
    2.6399999999999997,
    2.4800000000000004,
    2.7600000000000002,
    2.44,
    2.6800000000000006,
    2.7199999999999998,
    2.6,
    2.6800000000000006,
    2.5200000000000005,
    3.0,
    2.6399999999999997,
    2.76,
    2.4400000000000004,
    2.72,
    2.72,
    2.7199999999999998
  ],
  "gate_trust_rate": 0.965,
  "gated_prediction_accuracy": 0.8375,
  "signal_accuracy": 0.8725,
  "tom_belief_accuracy_in_gated": 0.7025,
  "dp_conflict_rate": 0.24833333333333332,
  "dp_intervention_rate": 0.24833333333333332,
  "cell": "het_dp_gated_atom_talk",
  "wall_time_s": 2734.1463363170624,
  "config": {
    "game": "public_goods",
    "n_agents": 4,
    "horizon": 5,
    "memory": 2,
    "models_homo": "Qwen/Qwen2.5-7B-Instruct",
    "temp_homo": 0.7,
    "tom_order": 1,
    "seed": 61,
    "cell_name": "het_dp_gated_atom_talk",
    "gate_trust_threshold": 0.6,
    "gate_ema_alpha": 0.3,
    "atom_warmup": 3,
    "homogeneous": false,
    "use_tom": true,
    "use_talk": true,
    "adaptive_tom": true,
    "gated_talk_tom": true,
    "diversity_preserving_gate": true
  },
  "team_mean_payoff": 2.5324999999999998
}