{
  "perspective_diversity": 0.4282667012839746,
  "cooperation_payoff": 3.3133333333333326,
  "cooperation_payoff_ci": [
    2.966333333333333,
    3.646666666666666
  ],
  "equilibrium_convergence": 0.9333333333333333,
  "tom_prediction_accuracy": 0.69,
  "tom_prediction_accuracy_ci": [
    0.6366666666666667,
    0.7433333333333333
  ],
  "n_episodes": 30,
  "action_dist_agent1": [
    0.2733333333333333,
    0.7266666666666667
  ],
  "per_episode_payoffs": [
    1.8,
    3.6,
    4.2,
    5.0,
    4.2,
    2.6,
    3.6,
    3.2,
    2.8,
    4.6,
    3.2,
    4.6,
    3.6,
    3.6,
    2.8,
    4.2,
    2.6,
    4.6,
    1.8,
    1.8,
    2.0,
    2.6,
    3.6,
    2.8,
    4.6,
    2.8,
    1.8,
    2.6,
    4.6,
    3.6
  ],
  "gate_trust_rate": 0.9133333333333333,
  "gated_prediction_accuracy": 0.71,
  "signal_accuracy": 0.6966666666666667,
  "tom_belief_accuracy_in_gated": 0.69,
  "dp_conflict_rate": 0.2733333333333333,
  "dp_intervention_rate": 0.2733333333333333,
  "cell": "het_gsaca",
  "gsaca_detected_structure": "anti_coord",
  "gsaca_oracle_structure": "anti_coord",
  "gsaca_detection_correct": true,
  "gsaca_split_score": 1.8,
  "gsaca_warmup_episodes": 5,
  "gsaca_n_observations": 25,
  "wall_time_s": 516.3749866485596,
  "config": {
    "game": "chicken",
    "n_agents": 2,
    "horizon": 5,
    "memory": 2,
    "models_homo": "Qwen/Qwen2.5-7B-Instruct",
    "temp_homo": 0.7,
    "tom_order": 1,
    "seed": 45,
    "cell_name": "het_gsaca",
    "gate_trust_threshold": 0.6,
    "gate_ema_alpha": 0.3,
    "atom_warmup": 3,
    "homogeneous": false,
    "use_tom": true,
    "use_talk": true,
    "adaptive_tom": true,
    "gated_talk_tom": true,
    "diversity_preserving_gate": true
  },
  "team_mean_payoff": 2.4200000000000004
}