{
  "perspective_diversity": 0.1596979215894431,
  "cooperation_payoff": 1.3466666666666667,
  "cooperation_payoff_ci": [
    1.1266666666666665,
    1.5733333333333335
  ],
  "equilibrium_convergence": 0.9466666666666667,
  "tom_prediction_accuracy": 0.5833333333333334,
  "tom_prediction_accuracy_ci": [
    0.5266666666666666,
    0.64
  ],
  "n_episodes": 30,
  "action_dist_agent1": [
    0.30666666666666664,
    0.6933333333333334
  ],
  "per_episode_payoffs": [
    1.4,
    1.4,
    1.4,
    0.8,
    1.4,
    3.0,
    2.2,
    1.6,
    1.2,
    1.4,
    1.4,
    0.8,
    1.4,
    0.4,
    2.2,
    0.2,
    1.4,
    1.4,
    1.4,
    2.0,
    1.2,
    1.0,
    1.4,
    0.8,
    2.2,
    2.2,
    0.8,
    0.0,
    1.0,
    1.4
  ],
  "gate_trust_rate": 0.75,
  "gated_prediction_accuracy": 0.5666666666666667,
  "signal_accuracy": 0.5033333333333333,
  "tom_belief_accuracy_in_gated": 0.5833333333333334,
  "dp_conflict_rate": 0.35333333333333333,
  "dp_intervention_rate": 0.35333333333333333,
  "cell": "het_gated_atom_talk",
  "wall_time_s": 506.7391355037689,
  "config": {
    "game": "hawk_dove",
    "n_agents": 2,
    "horizon": 5,
    "memory": 2,
    "models_homo": "Qwen/Qwen2.5-7B-Instruct",
    "temp_homo": 0.7,
    "tom_order": 1,
    "seed": 55,
    "cell_name": "het_gated_atom_talk",
    "gate_trust_threshold": 0.6,
    "gate_ema_alpha": 0.3,
    "atom_warmup": 3,
    "homogeneous": false,
    "use_tom": true,
    "use_talk": true,
    "adaptive_tom": true,
    "gated_talk_tom": true,
    "diversity_preserving_gate": false
  },
  "team_mean_payoff": 0.9266666666666669
}