{
  "perspective_diversity": 0.013051760883544816,
  "cooperation_payoff": 2.5,
  "cooperation_payoff_ci": [
    2.1533333333333333,
    2.8334999999999995
  ],
  "equilibrium_convergence": 0.8,
  "tom_prediction_accuracy": 0.5566666666666666,
  "tom_prediction_accuracy_ci": [
    0.4999166666666668,
    0.6133333333333333
  ],
  "n_episodes": 30,
  "action_dist_agent1": [
    0.5133333333333333,
    0.4866666666666667
  ],
  "per_episode_payoffs": [
    3.0,
    2.4,
    3.6,
    2.6,
    3.4,
    4.0,
    4.0,
    2.6,
    1.6,
    1.6,
    4.6,
    0.8,
    1.6,
    1.8,
    3.0,
    1.6,
    4.2,
    2.2,
    2.4,
    1.6,
    2.6,
    3.0,
    3.2,
    2.2,
    1.8,
    1.6,
    2.0,
    1.0,
    3.0,
    2.0
  ],
  "gate_trust_rate": 0.7333333333333333,
  "gated_prediction_accuracy": 0.5633333333333334,
  "signal_accuracy": 0.5766666666666667,
  "tom_belief_accuracy_in_gated": 0.5566666666666666,
  "dp_conflict_rate": 0.5066666666666667,
  "dp_intervention_rate": 0.5066666666666667,
  "cell": "het_gated_atom_talk",
  "wall_time_s": 453.0223882198334,
  "config": {
    "game": "chicken",
    "n_agents": 2,
    "horizon": 5,
    "memory": 2,
    "models_homo": "Qwen/Qwen2.5-7B-Instruct",
    "temp_homo": 0.7,
    "tom_order": 1,
    "seed": 43,
    "cell_name": "het_gated_atom_talk",
    "gate_trust_threshold": 0.6,
    "gate_ema_alpha": 0.3,
    "atom_warmup": 3,
    "homogeneous": false,
    "use_tom": true,
    "use_talk": true,
    "adaptive_tom": true,
    "gated_talk_tom": true,
    "diversity_preserving_gate": false
  },
  "team_mean_payoff": 2.3400000000000003
}