{
  "perspective_diversity": 0.00035900250784757365,
  "cooperation_payoff": 2.1133333333333337,
  "cooperation_payoff_ci": [
    1.8066666666666669,
    2.4400000000000004
  ],
  "equilibrium_convergence": 0.5866666666666667,
  "tom_prediction_accuracy": 0.5033333333333333,
  "tom_prediction_accuracy_ci": [
    0.44666666666666666,
    0.56
  ],
  "n_episodes": 30,
  "action_dist_agent1": [
    0.46,
    0.54
  ],
  "per_episode_payoffs": [
    4.0,
    1.0,
    2.6,
    2.2,
    3.0,
    1.8,
    1.2,
    1.6,
    3.6,
    2.0,
    1.2,
    2.4,
    2.6,
    3.0,
    2.6,
    1.2,
    1.4,
    0.4,
    2.2,
    1.4,
    3.0,
    2.2,
    1.2,
    2.6,
    1.6,
    1.2,
    4.0,
    2.4,
    2.2,
    1.6
  ],
  "gate_trust_rate": 0.6366666666666667,
  "gated_prediction_accuracy": 0.5,
  "signal_accuracy": 0.55,
  "tom_belief_accuracy_in_gated": 0.5033333333333333,
  "dp_conflict_rate": 0.5533333333333333,
  "dp_intervention_rate": 0.5533333333333333,
  "cell": "het_gated_atom_talk",
  "wall_time_s": 444.3941743373871,
  "config": {
    "game": "chicken",
    "n_agents": 2,
    "horizon": 5,
    "memory": 2,
    "models_homo": "Qwen/Qwen2.5-7B-Instruct",
    "temp_homo": 0.7,
    "tom_order": 1,
    "seed": 44,
    "cell_name": "het_gated_atom_talk",
    "gate_trust_threshold": 0.6,
    "gate_ema_alpha": 0.3,
    "atom_warmup": 3,
    "homogeneous": false,
    "use_tom": true,
    "use_talk": true,
    "adaptive_tom": true,
    "gated_talk_tom": true,
    "diversity_preserving_gate": false
  },
  "team_mean_payoff": 2.14
}