{
  "perspective_diversity": 0.01683732283122452,
  "cooperation_payoff": 2.0599999999999996,
  "cooperation_payoff_ci": [
    1.7933333333333332,
    2.3266666666666667
  ],
  "equilibrium_convergence": 0.8933333333333333,
  "tom_prediction_accuracy": 0.6766666666666666,
  "tom_prediction_accuracy_ci": [
    0.62,
    0.73
  ],
  "n_episodes": 30,
  "action_dist_agent1": [
    0.72,
    0.28
  ],
  "per_episode_payoffs": [
    1.8,
    1.8,
    0.6,
    2.6,
    1.6,
    2.2,
    2.2,
    2.8,
    1.8,
    1.8,
    0.6,
    2.6,
    3.0,
    1.6,
    2.4,
    2.6,
    1.0,
    1.0,
    2.8,
    2.8,
    1.0,
    2.8,
    2.6,
    2.8,
    2.8,
    0.8,
    1.2,
    2.6,
    2.8,
    2.8
  ],
  "gate_trust_rate": 0.93,
  "gated_prediction_accuracy": 0.8433333333333334,
  "signal_accuracy": 0.8333333333333334,
  "tom_belief_accuracy_in_gated": 0.6766666666666666,
  "dp_conflict_rate": 0.31,
  "dp_intervention_rate": 0.31,
  "cell": "het_gated_atom_talk",
  "wall_time_s": 500.1574628353119,
  "config": {
    "game": "battle_of_the_sexes",
    "n_agents": 2,
    "horizon": 5,
    "memory": 2,
    "models_homo": "Qwen/Qwen2.5-7B-Instruct",
    "temp_homo": 0.7,
    "tom_order": 1,
    "seed": 45,
    "cell_name": "het_gated_atom_talk",
    "homogeneous": false,
    "use_tom": true,
    "use_talk": true,
    "adaptive_tom": true,
    "gated_talk_tom": true,
    "diversity_preserving_gate": false
  },
  "team_mean_payoff": 1.8833333333333333
}