{
  "perspective_diversity": 0.0980241618479871,
  "cooperation_payoff": 2.54,
  "cooperation_payoff_ci": [
    2.2133333333333334,
    2.86
  ],
  "equilibrium_convergence": 0.9466666666666667,
  "tom_prediction_accuracy": 0.6533333333333333,
  "tom_prediction_accuracy_ci": [
    0.5966666666666667,
    0.71
  ],
  "n_episodes": 30,
  "action_dist_agent1": [
    0.37333333333333335,
    0.6266666666666667
  ],
  "per_episode_payoffs": [
    5.0,
    3.0,
    3.2,
    2.4,
    2.2,
    3.0,
    2.0,
    1.6,
    2.4,
    3.6,
    4.0,
    3.0,
    1.0,
    2.4,
    3.2,
    3.0,
    2.0,
    2.0,
    3.0,
    3.2,
    3.0,
    2.0,
    3.2,
    3.0,
    2.0,
    0.8,
    1.8,
    1.0,
    1.0,
    3.2
  ],
  "gate_trust_rate": 0.8433333333333334,
  "gated_prediction_accuracy": 0.67,
  "signal_accuracy": 0.66,
  "tom_belief_accuracy_in_gated": 0.6533333333333333,
  "dp_conflict_rate": 0.2733333333333333,
  "dp_intervention_rate": 0.2733333333333333,
  "cell": "het_gated_atom_talk",
  "wall_time_s": 484.3973174095154,
  "config": {
    "game": "chicken",
    "n_agents": 2,
    "horizon": 5,
    "memory": 2,
    "models_homo": "Qwen/Qwen2.5-7B-Instruct",
    "temp_homo": 0.7,
    "tom_order": 1,
    "seed": 45,
    "cell_name": "het_gated_atom_talk",
    "gate_trust_threshold": 0.6,
    "gate_ema_alpha": 0.3,
    "atom_warmup": 3,
    "homogeneous": false,
    "use_tom": true,
    "use_talk": true,
    "adaptive_tom": true,
    "gated_talk_tom": true,
    "diversity_preserving_gate": false
  },
  "team_mean_payoff": 2.1
}