{
  "perspective_diversity": 0.37691471258799075,
  "cooperation_payoff": 3.0140382439989524,
  "cooperation_payoff_ci": [
    2.439990417302676,
    3.5671749656758625
  ],
  "equilibrium_convergence": 0.9733333333333334,
  "tom_prediction_accuracy": 0.6533333333333333,
  "tom_prediction_accuracy_ci": [
    0.6,
    0.71
  ],
  "n_episodes": 30,
  "action_dist_agent1": [
    0.29333333333333333,
    0.7066666666666667
  ],
  "per_episode_payoffs": [
    5.4414258569267275,
    2.1209943304180205,
    3.574267604222468,
    1.0904080091071562,
    0.8003300699612825,
    2.837786563310573,
    1.4358369234086192,
    2.0176350089551667,
    3.899865653557056,
    4.922388847884228,
    2.9700033181201793,
    4.707356861813864,
    3.606733385591528,
    3.9495602034231942,
    3.7115924134175984,
    4.687201340067835,
    2.108895872335677,
    5.101636429460787,
    0.5382877339912424,
    4.640551027353244,
    0.7487514819513276,
    5.097807245029292,
    4.59018071851869,
    0.16614059373362794,
    3.2736703467481227,
    3.6412682805454324,
    3.487347628580033,
    2.1745657661391156,
    2.536287874163461,
    0.5423699312330118
  ],
  "gate_trust_rate": 0.91,
  "gated_prediction_accuracy": 0.6866666666666666,
  "signal_accuracy": 0.6833333333333333,
  "tom_belief_accuracy_in_gated": 0.6533333333333333,
  "dp_conflict_rate": 0.2966666666666667,
  "dp_intervention_rate": 0.2966666666666667,
  "cell": "het_gsaca",
  "gsaca_detected_structure": "anti_coord",
  "gsaca_oracle_structure": "anti_coord",
  "gsaca_detection_correct": true,
  "gsaca_split_score": 2.339528922555769,
  "gsaca_warmup_episodes": 5,
  "gsaca_n_observations": 25,
  "wall_time_s": 518.1398022174835,
  "config": {
    "game": "chicken",
    "n_agents": 2,
    "horizon": 5,
    "memory": 2,
    "models_homo": "Qwen/Qwen2.5-7B-Instruct",
    "temp_homo": 0.7,
    "tom_order": 1,
    "seed": 45,
    "cell_name": "het_gsaca",
    "gate_trust_threshold": 0.6,
    "gate_ema_alpha": 0.3,
    "atom_warmup": 3,
    "homogeneous": false,
    "use_tom": true,
    "use_talk": true,
    "adaptive_tom": true,
    "gated_talk_tom": true,
    "diversity_preserving_gate": true
  },
  "team_mean_payoff": 2.28607247231919
}