{
  "perspective_diversity": 0.06423059710034437,
  "cooperation_payoff": 2.560000000000001,
  "cooperation_payoff_ci": [
    2.5240000000000005,
    2.5960000000000005
  ],
  "equilibrium_convergence": 0.92,
  "tom_prediction_accuracy": 0.7891666666666667,
  "tom_prediction_accuracy_ci": [
    0.7658333333333334,
    0.8116666666666666
  ],
  "n_episodes": 20,
  "action_dist_agent1": [
    0.96,
    0.04
  ],
  "per_episode_payoffs": [
    2.48,
    2.7600000000000002,
    2.64,
    2.4400000000000004,
    2.6,
    2.6,
    2.52,
    2.3600000000000003,
    2.52,
    2.6,
    2.6,
    2.6,
    2.6,
    2.52,
    2.6,
    2.6,
    2.52,
    2.52,
    2.6,
    2.52
  ],
  "gate_trust_rate": 0.9,
  "gated_prediction_accuracy": 0.7277777777777777,
  "signal_accuracy": 0.8166666666666667,
  "tom_belief_accuracy_in_gated": 0.5611111111111111,
  "dp_conflict_rate": 0.32222222222222224,
  "dp_intervention_rate": 0.32222222222222224,
  "cell": "het_gsaca",
  "gsaca_detected_structure": "coord",
  "gsaca_oracle_structure": "coord",
  "gsaca_detection_correct": true,
  "gsaca_split_score": -0.19285714285714306,
  "gsaca_warmup_episodes": 3,
  "gsaca_n_observations": 15,
  "wall_time_s": 2629.537572622299,
  "config": {
    "game": "public_goods",
    "n_agents": 4,
    "horizon": 5,
    "memory": 2,
    "models_homo": "Qwen/Qwen2.5-7B-Instruct",
    "temp_homo": 0.7,
    "tom_order": 1,
    "seed": 43,
    "cell_name": "het_gsaca",
    "gate_trust_threshold": 0.6,
    "gate_ema_alpha": 0.3,
    "atom_warmup": 3,
    "homogeneous": false,
    "use_tom": true,
    "use_talk": true,
    "adaptive_tom": true,
    "gated_talk_tom": true,
    "diversity_preserving_gate": true
  },
  "team_mean_payoff": 2.5700000000000003
}