{
  "perspective_diversity": 0.3098446090776571,
  "cooperation_payoff": 2.873333333333333,
  "cooperation_payoff_ci": [
    2.453333333333333,
    3.293333333333332
  ],
  "equilibrium_convergence": 0.9866666666666667,
  "tom_prediction_accuracy": 0.6666666666666666,
  "tom_prediction_accuracy_ci": [
    0.61,
    0.72
  ],
  "n_episodes": 30,
  "action_dist_agent1": [
    0.24666666666666667,
    0.7533333333333333
  ],
  "per_episode_payoffs": [
    0.6,
    3.2,
    1.6,
    4.2,
    1.6,
    1.8,
    2.2,
    1.6,
    0.8,
    1.8,
    3.6,
    1.2,
    4.6,
    3.6,
    3.6,
    4.6,
    3.2,
    2.6,
    2.6,
    1.6,
    3.6,
    4.6,
    3.6,
    2.6,
    2.2,
    4.6,
    3.2,
    3.0,
    4.6,
    3.6
  ],
  "gate_trust_rate": 0.7766666666666666,
  "gated_prediction_accuracy": 0.6633333333333333,
  "signal_accuracy": 0.6666666666666666,
  "tom_belief_accuracy_in_gated": 0.6666666666666666,
  "dp_conflict_rate": 0.24,
  "dp_intervention_rate": 0.24,
  "cell": "het_dp_gated_atom_talk",
  "wall_time_s": 468.8073375225067,
  "config": {
    "game": "chicken",
    "n_agents": 2,
    "horizon": 5,
    "memory": 2,
    "models_homo": "Qwen/Qwen2.5-7B-Instruct",
    "temp_homo": 0.7,
    "tom_order": 1,
    "seed": 43,
    "cell_name": "het_dp_gated_atom_talk",
    "gate_trust_threshold": 0.9,
    "gate_ema_alpha": 0.3,
    "atom_warmup": 3,
    "homogeneous": false,
    "use_tom": true,
    "use_talk": true,
    "adaptive_tom": true,
    "gated_talk_tom": true,
    "diversity_preserving_gate": true
  },
  "team_mean_payoff": 2.0999999999999996
}