{
  "perspective_diversity": 0.31157776066254994,
  "cooperation_payoff": 2.9203524553328095,
  "cooperation_payoff_ci": [
    2.597373739417933,
    3.244949902867232
  ],
  "equilibrium_convergence": 0.9733333333333334,
  "tom_prediction_accuracy": 0.6633333333333333,
  "tom_prediction_accuracy_ci": [
    0.61,
    0.72
  ],
  "n_episodes": 30,
  "action_dist_agent1": [
    0.28,
    0.72
  ],
  "per_episode_payoffs": [
    2.0207129284633636,
    3.0604971652090103,
    2.487133802111234,
    3.745204004553578,
    2.7001650349806416,
    2.9188932816552864,
    2.21791846170431,
    3.4088175044775832,
    3.749932826778528,
    2.761194423942114,
    3.2850016590600895,
    4.653678430906932,
    3.103366692795764,
    2.174780101711597,
    4.655796206708799,
    3.6436006700339183,
    2.9544479361678384,
    4.850818214730394,
    2.269143866995621,
    1.4202755136766223,
    0.9743757409756636,
    2.048903622514646,
    3.3950903592593447,
    1.8830702968668138,
    2.5368351733740613,
    2.220634140272716,
    3.0436738142900164,
    2.887282883069558,
    2.0681439370817305,
    4.471184965616506
  ],
  "gate_trust_rate": 0.9033333333333333,
  "gated_prediction_accuracy": 0.6933333333333334,
  "signal_accuracy": 0.6633333333333333,
  "tom_belief_accuracy_in_gated": 0.6633333333333333,
  "dp_conflict_rate": 0.2866666666666667,
  "dp_intervention_rate": 0.2866666666666667,
  "cell": "het_gsaca",
  "gsaca_detected_structure": "anti_coord",
  "gsaca_oracle_structure": "anti_coord",
  "gsaca_detection_correct": true,
  "gsaca_split_score": 1.1430321420639742,
  "gsaca_warmup_episodes": 5,
  "gsaca_n_observations": 25,
  "wall_time_s": 503.33899903297424,
  "config": {
    "game": "chicken",
    "n_agents": 2,
    "horizon": 5,
    "memory": 2,
    "models_homo": "Qwen/Qwen2.5-7B-Instruct",
    "temp_homo": 0.7,
    "tom_order": 1,
    "seed": 46,
    "cell_name": "het_gsaca",
    "gate_trust_threshold": 0.6,
    "gate_ema_alpha": 0.3,
    "atom_warmup": 3,
    "homogeneous": false,
    "use_tom": true,
    "use_talk": true,
    "adaptive_tom": true,
    "gated_talk_tom": true,
    "diversity_preserving_gate": true
  },
  "team_mean_payoff": 2.203036236159595
}