{
  "perspective_diversity": 0.07755479185394443,
  "cooperation_payoff": 1.48,
  "cooperation_payoff_ci": [
    1.1933333333333336,
    1.7733333333333332
  ],
  "equilibrium_convergence": 0.92,
  "tom_prediction_accuracy": 0.6033333333333334,
  "tom_prediction_accuracy_ci": [
    0.5466666666666666,
    0.6566666666666666
  ],
  "n_episodes": 30,
  "action_dist_agent1": [
    0.4533333333333333,
    0.5466666666666666
  ],
  "per_episode_payoffs": [
    0.2,
    1.0,
    1.4,
    1.0,
    1.0,
    1.0,
    0.0,
    2.4,
    1.4,
    2.8,
    1.6,
    1.6,
    1.8,
    0.6,
    1.0,
    0.0,
    2.0,
    2.8,
    2.0,
    2.8,
    2.8,
    2.0,
    1.0,
    1.6,
    1.2,
    2.6,
    0.2,
    1.4,
    0.8,
    2.4
  ],
  "gate_trust_rate": 0.7933333333333333,
  "gated_prediction_accuracy": 0.6166666666666667,
  "signal_accuracy": 0.59,
  "tom_belief_accuracy_in_gated": 0.6033333333333334,
  "dp_conflict_rate": 0.3933333333333333,
  "dp_intervention_rate": 0.3933333333333333,
  "cell": "het_adapt_interv",
  "wall_time_s": 541.6460263729095,
  "config": {
    "game": "hawk_dove",
    "n_agents": 2,
    "horizon": 5,
    "memory": 2,
    "models_homo": "Qwen/Qwen2.5-7B-Instruct",
    "temp_homo": 0.7,
    "tom_order": 1,
    "seed": 44,
    "cell_name": "het_adapt_interv",
    "gate_trust_threshold": 0.6,
    "gate_ema_alpha": 0.3,
    "atom_warmup": 3,
    "homogeneous": false,
    "use_tom": true,
    "use_talk": true,
    "adaptive_tom": true,
    "gated_talk_tom": true,
    "diversity_preserving_gate": true,
    "adaptive_intervention": true,
    "adaptive_interv_threshold": 0.3
  },
  "team_mean_payoff": 1.19
}