{
  "perspective_diversity": 0.04839959003700736,
  "cooperation_payoff": 1.46,
  "cooperation_payoff_ci": [
    1.1533333333333333,
    1.7533333333333334
  ],
  "equilibrium_convergence": 0.9333333333333333,
  "tom_prediction_accuracy": 0.5966666666666667,
  "tom_prediction_accuracy_ci": [
    0.54,
    0.6533333333333333
  ],
  "n_episodes": 30,
  "action_dist_agent1": [
    0.47333333333333333,
    0.5266666666666666
  ],
  "per_episode_payoffs": [
    -0.4,
    0.2,
    2.4,
    1.2,
    -0.2,
    0.8,
    2.4,
    0.8,
    2.0,
    1.8,
    1.0,
    1.2,
    2.8,
    1.6,
    1.4,
    1.8,
    2.0,
    0.8,
    2.8,
    1.6,
    2.8,
    1.6,
    2.0,
    2.0,
    0.2,
    0.4,
    0.8,
    2.0,
    1.4,
    2.6
  ],
  "gate_trust_rate": 0.82,
  "gated_prediction_accuracy": 0.6066666666666667,
  "signal_accuracy": 0.6266666666666667,
  "tom_belief_accuracy_in_gated": 0.5966666666666667,
  "dp_conflict_rate": 0.38333333333333336,
  "dp_intervention_rate": 0.38333333333333336,
  "cell": "het_3arm",
  "gsaca_detected_structure": "anti_coord",
  "gsaca_oracle_structure": "anti_coord",
  "gsaca_detection_correct": true,
  "gsaca_split_score": 0.8636363636363636,
  "gsaca_warmup_episodes": 5,
  "gsaca_n_observations": 25,
  "gsaca_3arm_selected": "CGA",
  "gsaca_3arm_tau": 0.2,
  "wall_time_s": 400.6626629829407,
  "config": {
    "game": "hawk_dove",
    "n_agents": 2,
    "horizon": 5,
    "memory": 2,
    "models_homo": "Qwen/Qwen2.5-7B-Instruct",
    "temp_homo": 0.7,
    "tom_order": 1,
    "seed": 46,
    "cell_name": "het_3arm",
    "gate_trust_threshold": 0.6,
    "gate_ema_alpha": 0.3,
    "atom_warmup": 3,
    "homogeneous": false,
    "use_tom": true,
    "use_talk": true,
    "adaptive_tom": true,
    "gated_talk_tom": true,
    "diversity_preserving_gate": true
  },
  "team_mean_payoff": 1.2300000000000004
}