{
  "perspective_diversity": 0.11967049088026364,
  "cooperation_payoff": 2.646,
  "cooperation_payoff_ci": [
    2.6120000000000005,
    2.6780500000000003
  ],
  "equilibrium_convergence": 0.98,
  "tom_prediction_accuracy": 0.7016666666666667,
  "tom_prediction_accuracy_ci": [
    0.6758333333333333,
    0.7266666666666667
  ],
  "n_episodes": 20,
  "action_dist_agent1": [
    0.83,
    0.17
  ],
  "per_episode_payoffs": [
    2.52,
    2.7199999999999998,
    2.6399999999999997,
    2.6800000000000006,
    2.7199999999999998,
    2.64,
    2.52,
    2.7600000000000002,
    2.6,
    2.7199999999999998,
    2.6,
    2.6,
    2.6,
    2.7199999999999998,
    2.56,
    2.68,
    2.6,
    2.8,
    2.6399999999999997,
    2.6
  ],
  "gate_trust_rate": 0.9741666666666666,
  "gated_prediction_accuracy": 0.8825,
  "signal_accuracy": 0.9,
  "tom_belief_accuracy_in_gated": 0.7016666666666667,
  "dp_conflict_rate": 0.27,
  "dp_intervention_rate": 0.27,
  "cell": "het_gated_atom_talk",
  "wall_time_s": 2781.4147968292236,
  "config": {
    "game": "public_goods",
    "n_agents": 4,
    "horizon": 5,
    "memory": 2,
    "models_homo": "Qwen/Qwen2.5-7B-Instruct",
    "temp_homo": 0.7,
    "tom_order": 1,
    "seed": 47,
    "cell_name": "het_gated_atom_talk",
    "gate_trust_threshold": 0.6,
    "gate_ema_alpha": 0.3,
    "atom_warmup": 3,
    "homogeneous": false,
    "use_tom": true,
    "use_talk": true,
    "adaptive_tom": true,
    "gated_talk_tom": true,
    "diversity_preserving_gate": false
  },
  "team_mean_payoff": 2.5535000000000005
}