{
  "perspective_diversity": 0.026285026731362963,
  "cooperation_payoff": 2.5540000000000003,
  "cooperation_payoff_ci": [
    2.5100000000000007,
    2.592
  ],
  "equilibrium_convergence": 0.98,
  "tom_prediction_accuracy": 0.8141666666666667,
  "tom_prediction_accuracy_ci": [
    0.7924791666666667,
    0.835
  ],
  "n_episodes": 20,
  "action_dist_agent1": [
    0.97,
    0.03
  ],
  "per_episode_payoffs": [
    2.7199999999999998,
    2.6,
    2.56,
    2.52,
    2.3600000000000003,
    2.6,
    2.6,
    2.6,
    2.6,
    2.6,
    2.6,
    2.6,
    2.4000000000000004,
    2.4400000000000004,
    2.6,
    2.6,
    2.6,
    2.3600000000000003,
    2.6,
    2.52
  ],
  "gate_trust_rate": 0.9777777777777777,
  "gated_prediction_accuracy": 0.8777777777777778,
  "signal_accuracy": 0.9,
  "tom_belief_accuracy_in_gated": 0.7722222222222223,
  "dp_conflict_rate": 0.20555555555555555,
  "dp_intervention_rate": 0.20555555555555555,
  "cell": "het_gsaca",
  "gsaca_detected_structure": "coord",
  "gsaca_oracle_structure": "coord",
  "gsaca_detection_correct": true,
  "gsaca_split_score": -0.15000000000000036,
  "gsaca_warmup_episodes": 3,
  "gsaca_n_observations": 15,
  "wall_time_s": 2864.3950798511505,
  "config": {
    "game": "public_goods",
    "n_agents": 4,
    "horizon": 5,
    "memory": 2,
    "models_homo": "Qwen/Qwen2.5-7B-Instruct",
    "temp_homo": 0.7,
    "tom_order": 1,
    "seed": 45,
    "cell_name": "het_gsaca",
    "gate_trust_threshold": 0.6,
    "gate_ema_alpha": 0.3,
    "atom_warmup": 3,
    "homogeneous": false,
    "use_tom": true,
    "use_talk": true,
    "adaptive_tom": true,
    "gated_talk_tom": true,
    "diversity_preserving_gate": true
  },
  "team_mean_payoff": 2.5715000000000003
}