{
  "perspective_diversity": 0.024932525826783614,
  "cooperation_payoff": 2.581333333333333,
  "cooperation_payoff_ci": [
    2.5613333333333324,
    2.6013333333333333
  ],
  "equilibrium_convergence": 0.9199999999999999,
  "tom_prediction_accuracy": 0.8216666666666667,
  "tom_prediction_accuracy_ci": [
    0.8044444444444444,
    0.8394444444444444
  ],
  "n_episodes": 30,
  "action_dist_agent1": [
    0.9466666666666667,
    0.05333333333333334
  ],
  "per_episode_payoffs": [
    2.5599999999999996,
    2.52,
    2.6399999999999997,
    2.7199999999999998,
    2.6799999999999997,
    2.6,
    2.6,
    2.52,
    2.6,
    2.52,
    2.52,
    2.6,
    2.52,
    2.6,
    2.6,
    2.6,
    2.6,
    2.6,
    2.52,
    2.6,
    2.6,
    2.6,
    2.6,
    2.6,
    2.5200000000000005,
    2.44,
    2.6,
    2.64,
    2.52,
    2.6
  ],
  "gate_trust_rate": 0.9166666666666666,
  "gated_prediction_accuracy": 0.7833333333333333,
  "signal_accuracy": 0.84,
  "tom_belief_accuracy_in_gated": 0.63,
  "dp_conflict_rate": 0.3433333333333333,
  "dp_intervention_rate": 0.3433333333333333,
  "cell": "het_3arm",
  "gsaca_detected_structure": "coord",
  "gsaca_oracle_structure": "coord",
  "gsaca_detection_correct": true,
  "gsaca_split_score": -0.20000000000000062,
  "gsaca_warmup_episodes": 5,
  "gsaca_n_observations": 25,
  "gsaca_3arm_selected": "Gated",
  "gsaca_3arm_tau": 0.0,
  "wall_time_s": 4047.6109285354614,
  "config": {
    "game": "public_goods",
    "n_agents": 4,
    "horizon": 5,
    "memory": 2,
    "models_homo": "Qwen/Qwen2.5-7B-Instruct",
    "temp_homo": 0.7,
    "tom_order": 1,
    "seed": 44,
    "cell_name": "het_3arm",
    "gate_trust_threshold": 0.6,
    "gate_ema_alpha": 0.3,
    "atom_warmup": 3,
    "homogeneous": false,
    "use_tom": true,
    "use_talk": true,
    "adaptive_tom": true,
    "gated_talk_tom": true,
    "diversity_preserving_gate": true
  },
  "team_mean_payoff": 2.573
}