{
  "perspective_diversity": 0.003354055384688734,
  "cooperation_payoff": 1.8866666666666667,
  "cooperation_payoff_ci": [
    1.6933333333333336,
    2.0933333333333333
  ],
  "equilibrium_convergence": 0.8266666666666667,
  "tom_prediction_accuracy": 0.66,
  "tom_prediction_accuracy_ci": [
    0.6066666666666667,
    0.7166666666666667
  ],
  "n_episodes": 30,
  "action_dist_agent1": [
    0.58,
    0.42
  ],
  "per_episode_payoffs": [
    2.0,
    2.2,
    2.2,
    1.6,
    2.0,
    0.8,
    2.0,
    1.4,
    0.8,
    0.4,
    2.0,
    2.6,
    1.8,
    1.8,
    1.8,
    2.0,
    2.0,
    1.6,
    3.2,
    2.2,
    2.6,
    2.0,
    1.4,
    1.8,
    1.8,
    2.2,
    2.6,
    1.6,
    1.4,
    2.8
  ],
  "gate_trust_rate": 0.9366666666666666,
  "gated_prediction_accuracy": 0.7166666666666667,
  "signal_accuracy": 0.72,
  "tom_belief_accuracy_in_gated": 0.66,
  "dp_conflict_rate": 0.2866666666666667,
  "dp_intervention_rate": 0.2866666666666667,
  "cell": "het_gated_atom_talk",
  "wall_time_s": 487.2187132835388,
  "config": {
    "game": "deadlock",
    "n_agents": 2,
    "horizon": 5,
    "memory": 2,
    "models_homo": "Qwen/Qwen2.5-7B-Instruct",
    "temp_homo": 0.7,
    "tom_order": 1,
    "seed": 43,
    "cell_name": "het_gated_atom_talk",
    "homogeneous": false,
    "use_tom": true,
    "use_talk": true,
    "adaptive_tom": true,
    "gated_talk_tom": true,
    "diversity_preserving_gate": false
  },
  "team_mean_payoff": 1.8066666666666664
}