{
  "perspective_diversity": 0.24822306313661613,
  "cooperation_payoff": 1.8133333333333332,
  "cooperation_payoff_ci": [
    1.5399999999999998,
    2.0999999999999996
  ],
  "equilibrium_convergence": 0.9199999999999999,
  "tom_prediction_accuracy": 0.67,
  "tom_prediction_accuracy_ci": [
    0.6166666666666667,
    0.7233333333333334
  ],
  "n_episodes": 30,
  "action_dist_agent1": [
    0.41333333333333333,
    0.5866666666666667
  ],
  "per_episode_payoffs": [
    2.8,
    2.4,
    1.6,
    1.8,
    2.8,
    2.6,
    1.2,
    0.6,
    2.2,
    2.2,
    1.6,
    2.0,
    1.2,
    1.6,
    2.0,
    2.8,
    1.0,
    1.4,
    2.8,
    0.8,
    2.8,
    1.2,
    1.6,
    1.2,
    2.8,
    0.6,
    0.2,
    2.8,
    1.4,
    2.4
  ],
  "gate_trust_rate": 0.8266666666666667,
  "gated_prediction_accuracy": 0.63,
  "signal_accuracy": 0.59,
  "tom_belief_accuracy_in_gated": 0.67,
  "dp_conflict_rate": 0.31333333333333335,
  "dp_intervention_rate": 0.31333333333333335,
  "cell": "het_dp_gated_atom_talk",
  "wall_time_s": 470.3743209838867,
  "config": {
    "game": "hawk_dove",
    "n_agents": 2,
    "horizon": 5,
    "memory": 2,
    "models_homo": "Qwen/Qwen2.5-7B-Instruct",
    "temp_homo": 0.7,
    "tom_order": 1,
    "seed": 55,
    "cell_name": "het_dp_gated_atom_talk",
    "gate_trust_threshold": 0.6,
    "gate_ema_alpha": 0.3,
    "atom_warmup": 3,
    "homogeneous": false,
    "use_tom": true,
    "use_talk": true,
    "adaptive_tom": true,
    "gated_talk_tom": true,
    "diversity_preserving_gate": true
  },
  "team_mean_payoff": 1.3133333333333337
}