{
  "perspective_diversity": 0.16747081942341313,
  "cooperation_payoff": 2.5500000000000007,
  "cooperation_payoff_ci": [
    2.506000000000001,
    2.588
  ],
  "equilibrium_convergence": 0.98,
  "tom_prediction_accuracy": 0.8216666666666667,
  "tom_prediction_accuracy_ci": [
    0.7991666666666667,
    0.8425208333333333
  ],
  "n_episodes": 20,
  "action_dist_agent1": [
    0.97,
    0.03
  ],
  "per_episode_payoffs": [
    2.2800000000000002,
    2.7199999999999998,
    2.64,
    2.6,
    2.6,
    2.6,
    2.6,
    2.6,
    2.4400000000000004,
    2.52,
    2.52,
    2.4400000000000004,
    2.52,
    2.52,
    2.6,
    2.4800000000000004,
    2.52,
    2.6,
    2.6,
    2.6
  ],
  "gate_trust_rate": 0.95,
  "gated_prediction_accuracy": 0.7888888888888889,
  "signal_accuracy": 0.8166666666666667,
  "tom_belief_accuracy_in_gated": 0.7222222222222222,
  "dp_conflict_rate": 0.2833333333333333,
  "dp_intervention_rate": 0.2833333333333333,
  "cell": "het_gsaca",
  "gsaca_detected_structure": "coord",
  "gsaca_oracle_structure": "coord",
  "gsaca_detection_correct": true,
  "gsaca_split_score": -0.15000000000000036,
  "gsaca_warmup_episodes": 3,
  "gsaca_n_observations": 15,
  "wall_time_s": 2687.9686830043793,
  "config": {
    "game": "public_goods",
    "n_agents": 4,
    "horizon": 5,
    "memory": 2,
    "models_homo": "Qwen/Qwen2.5-7B-Instruct",
    "temp_homo": 0.7,
    "tom_order": 1,
    "seed": 45,
    "cell_name": "het_gsaca",
    "homogeneous": false,
    "use_tom": true,
    "use_talk": true,
    "adaptive_tom": true,
    "gated_talk_tom": true,
    "diversity_preserving_gate": true
  },
  "team_mean_payoff": 2.5700000000000003
}