{
  "perspective_diversity": 0.4488043670505977,
  "cooperation_payoff": 2.64,
  "cooperation_payoff_ci": [
    2.6060000000000008,
    2.6740000000000004
  ],
  "equilibrium_convergence": 0.96,
  "tom_prediction_accuracy": 0.8091666666666667,
  "tom_prediction_accuracy_ci": [
    0.7883333333333333,
    0.8316666666666667
  ],
  "n_episodes": 20,
  "action_dist_agent1": [
    0.9,
    0.1
  ],
  "per_episode_payoffs": [
    2.6,
    2.6,
    2.6,
    2.6,
    2.6,
    2.52,
    2.6,
    2.8,
    2.7199999999999998,
    2.6,
    2.6,
    2.8400000000000003,
    2.6,
    2.6,
    2.7600000000000002,
    2.64,
    2.6,
    2.7199999999999998,
    2.6,
    2.6
  ],
  "gate_trust_rate": 0.9883333333333333,
  "gated_prediction_accuracy": 0.955,
  "signal_accuracy": 0.96,
  "tom_belief_accuracy_in_gated": 0.8091666666666667,
  "dp_conflict_rate": 0.17583333333333334,
  "dp_intervention_rate": 0.17583333333333334,
  "cell": "het_gated_atom_talk",
  "wall_time_s": 2889.07030749321,
  "config": {
    "game": "public_goods",
    "n_agents": 4,
    "horizon": 5,
    "memory": 2,
    "models_homo": "Qwen/Qwen2.5-7B-Instruct",
    "temp_homo": 0.7,
    "tom_order": 1,
    "seed": 48,
    "cell_name": "het_gated_atom_talk",
    "gate_trust_threshold": 0.6,
    "gate_ema_alpha": 0.3,
    "atom_warmup": 3,
    "homogeneous": false,
    "use_tom": true,
    "use_talk": true,
    "adaptive_tom": true,
    "gated_talk_tom": true,
    "diversity_preserving_gate": false
  },
  "team_mean_payoff": 2.5775000000000006
}