{
  "perspective_diversity": 0.026078376271968046,
  "cooperation_payoff": 2.1599999999999997,
  "cooperation_payoff_ci": [
    1.9065,
    2.380166666666666
  ],
  "equilibrium_convergence": 0.8666666666666667,
  "tom_prediction_accuracy": 0.6966666666666667,
  "tom_prediction_accuracy_ci": [
    0.6433333333333333,
    0.7466666666666667
  ],
  "n_episodes": 30,
  "action_dist_agent1": [
    0.7466666666666667,
    0.25333333333333335
  ],
  "per_episode_payoffs": [
    0.4,
    2.8,
    2.2,
    1.6,
    1.0,
    2.8,
    2.2,
    1.6,
    2.6,
    2.8,
    2.2,
    2.8,
    2.8,
    3.0,
    1.0,
    3.0,
    2.4,
    1.6,
    2.2,
    2.2,
    2.8,
    2.2,
    3.0,
    1.6,
    2.6,
    1.0,
    1.4,
    1.8,
    2.4,
    2.8
  ],
  "gate_trust_rate": 0.96,
  "gated_prediction_accuracy": 0.8466666666666667,
  "signal_accuracy": 0.86,
  "tom_belief_accuracy_in_gated": 0.6966666666666667,
  "dp_conflict_rate": 0.29,
  "dp_intervention_rate": 0.29,
  "cell": "het_gated_atom_talk",
  "wall_time_s": 454.259375333786,
  "config": {
    "game": "battle_of_the_sexes",
    "n_agents": 2,
    "horizon": 5,
    "memory": 2,
    "models_homo": "Qwen/Qwen2.5-7B-Instruct",
    "temp_homo": 0.7,
    "tom_order": 1,
    "seed": 61,
    "cell_name": "het_gated_atom_talk",
    "gate_trust_threshold": 0.6,
    "gate_ema_alpha": 0.3,
    "atom_warmup": 3,
    "homogeneous": false,
    "use_tom": true,
    "use_talk": true,
    "adaptive_tom": true,
    "gated_talk_tom": true,
    "diversity_preserving_gate": false
  },
  "team_mean_payoff": 1.9666666666666666
}