{
  "perspective_diversity": 0.40617042337087805,
  "cooperation_payoff": 2.4740382439989523,
  "cooperation_payoff_ci": [
    1.997568640720229,
    2.9142576054862257
  ],
  "equilibrium_convergence": 0.9733333333333333,
  "tom_prediction_accuracy": 0.5966666666666667,
  "tom_prediction_accuracy_ci": [
    0.54,
    0.6533333333333333
  ],
  "n_episodes": 30,
  "action_dist_agent1": [
    0.38666666666666666,
    0.6133333333333333
  ],
  "per_episode_payoffs": [
    4.041425856926727,
    4.520994330418021,
    3.774267604222467,
    -1.1095919908928438,
    1.8003300699612823,
    3.437786563310573,
    2.235836923408619,
    2.8176350089551665,
    3.899865653557056,
    3.9223888478842284,
    1.7700033181201793,
    3.1073568618138636,
    1.2067333855915279,
    3.3495602034231937,
    3.3115924134175985,
    2.287201340067836,
    3.108895872335677,
    2.3016364294607867,
    0.9382877339912424,
    3.040551027353245,
    0.14875148195132742,
    2.897807245029292,
    2.990180718518689,
    1.166140593733628,
    3.873670346748123,
    0.8412682805454323,
    2.0873476285800328,
    0.9745657661391156,
    2.136287874163461,
    3.342369931233012
  ],
  "gate_trust_rate": 0.92,
  "gated_prediction_accuracy": 0.68,
  "signal_accuracy": 0.6866666666666666,
  "tom_belief_accuracy_in_gated": 0.5966666666666667,
  "dp_conflict_rate": 0.31,
  "dp_intervention_rate": 0.31,
  "cell": "het_gsaca",
  "gsaca_detected_structure": "anti_coord",
  "gsaca_oracle_structure": "anti_coord",
  "gsaca_detection_correct": true,
  "gsaca_split_score": 0.20624130651187444,
  "gsaca_warmup_episodes": 5,
  "gsaca_n_observations": 25,
  "wall_time_s": 540.8180015087128,
  "config": {
    "game": "deadlock",
    "n_agents": 2,
    "horizon": 5,
    "memory": 2,
    "models_homo": "Qwen/Qwen2.5-7B-Instruct",
    "temp_homo": 0.7,
    "tom_order": 1,
    "seed": 46,
    "cell_name": "het_gsaca",
    "gate_trust_threshold": 0.6,
    "gate_ema_alpha": 0.3,
    "atom_warmup": 3,
    "homogeneous": false,
    "use_tom": true,
    "use_talk": true,
    "adaptive_tom": true,
    "gated_talk_tom": true,
    "diversity_preserving_gate": true
  },
  "team_mean_payoff": 1.7594058056525232
}