{
  "perspective_diversity": 0.0,
  "cooperation_payoff": 1.7466666666666668,
  "cooperation_payoff_ci": [
    1.5933333333333333,
    1.9000000000000001
  ],
  "equilibrium_convergence": 0.92,
  "tom_prediction_accuracy": 0.6933333333333334,
  "tom_prediction_accuracy_ci": [
    0.64,
    0.7466666666666667
  ],
  "n_episodes": 30,
  "action_dist_agent1": [
    0.5466666666666666,
    0.4533333333333333
  ],
  "per_episode_payoffs": [
    1.2,
    0.6,
    1.8,
    1.8,
    1.6,
    1.6,
    1.4,
    2.2,
    1.8,
    2.0,
    2.0,
    1.8,
    1.8,
    2.6,
    1.0,
    1.6,
    1.2,
    2.0,
    1.8,
    2.0,
    1.8,
    1.6,
    2.2,
    1.2,
    2.2,
    2.6,
    2.2,
    1.8,
    1.4,
    1.6
  ],
  "gate_trust_rate": 0.9033333333333333,
  "gated_prediction_accuracy": 0.7033333333333334,
  "signal_accuracy": 0.6533333333333333,
  "tom_belief_accuracy_in_gated": 0.6933333333333334,
  "dp_conflict_rate": 0.28,
  "dp_intervention_rate": 0.28,
  "cell": "het_gated_atom_talk",
  "wall_time_s": 538.4853553771973,
  "config": {
    "game": "deadlock",
    "n_agents": 2,
    "horizon": 5,
    "memory": 2,
    "models_homo": "Qwen/Qwen2.5-7B-Instruct",
    "temp_homo": 0.7,
    "tom_order": 1,
    "seed": 56,
    "cell_name": "het_gated_atom_talk",
    "gate_trust_threshold": 0.6,
    "gate_ema_alpha": 0.3,
    "atom_warmup": 3,
    "homogeneous": false,
    "use_tom": true,
    "use_talk": true,
    "adaptive_tom": true,
    "gated_talk_tom": true,
    "diversity_preserving_gate": false
  },
  "team_mean_payoff": 1.7466666666666661
}