{
  "perspective_diversity": 0.28814382807547334,
  "cooperation_payoff": 2.8266666666666658,
  "cooperation_payoff_ci": [
    2.44,
    3.206666666666665
  ],
  "equilibrium_convergence": 0.9333333333333333,
  "tom_prediction_accuracy": 0.6733333333333333,
  "tom_prediction_accuracy_ci": [
    0.6233333333333333,
    0.7233333333333334
  ],
  "n_episodes": 30,
  "action_dist_agent1": [
    0.26,
    0.74
  ],
  "per_episode_payoffs": [
    2.6,
    1.2,
    1.6,
    4.2,
    0.4,
    2.2,
    3.6,
    2.8,
    2.6,
    2.6,
    1.8,
    3.6,
    4.6,
    2.2,
    3.6,
    2.2,
    4.6,
    3.2,
    2.0,
    3.6,
    2.6,
    2.6,
    2.2,
    3.6,
    3.6,
    4.6,
    1.6,
    3.6,
    1.6,
    3.6
  ],
  "gate_trust_rate": 0.8966666666666666,
  "gated_prediction_accuracy": 0.6666666666666666,
  "signal_accuracy": 0.6633333333333333,
  "tom_belief_accuracy_in_gated": 0.6733333333333333,
  "dp_conflict_rate": 0.2833333333333333,
  "dp_intervention_rate": 0.2833333333333333,
  "cell": "het_adapt_interv",
  "wall_time_s": 505.78670501708984,
  "config": {
    "game": "chicken",
    "n_agents": 2,
    "horizon": 5,
    "memory": 2,
    "models_homo": "Qwen/Qwen2.5-7B-Instruct",
    "temp_homo": 0.7,
    "tom_order": 1,
    "seed": 43,
    "cell_name": "het_adapt_interv",
    "gate_trust_threshold": 0.6,
    "gate_ema_alpha": 0.3,
    "atom_warmup": 3,
    "homogeneous": false,
    "use_tom": true,
    "use_talk": true,
    "adaptive_tom": true,
    "gated_talk_tom": true,
    "diversity_preserving_gate": true,
    "adaptive_intervention": true,
    "adaptive_interv_threshold": 0.3
  },
  "team_mean_payoff": 2.08
}