{
  "perspective_diversity": 0.17016430180536912,
  "cooperation_payoff": 1.6999999999999997,
  "cooperation_payoff_ci": [
    1.3733333333333337,
    2.013333333333333
  ],
  "equilibrium_convergence": 0.8533333333333333,
  "tom_prediction_accuracy": 0.6633333333333333,
  "tom_prediction_accuracy_ci": [
    0.6132500000000001,
    0.7166666666666667
  ],
  "n_episodes": 30,
  "action_dist_agent1": [
    0.43333333333333335,
    0.5666666666666667
  ],
  "per_episode_payoffs": [
    2.4,
    2.4,
    2.8,
    2.4,
    1.8,
    0.8,
    0.4,
    2.4,
    2.4,
    1.2,
    1.6,
    2.8,
    2.8,
    0.4,
    0.4,
    2.8,
    2.0,
    0.8,
    0.6,
    2.8,
    2.0,
    0.8,
    0.8,
    0.6,
    1.2,
    2.8,
    1.2,
    2.8,
    0.8,
    2.0
  ],
  "gate_trust_rate": 0.83,
  "gated_prediction_accuracy": 0.6333333333333333,
  "signal_accuracy": 0.6166666666666667,
  "tom_belief_accuracy_in_gated": 0.6633333333333333,
  "dp_conflict_rate": 0.31333333333333335,
  "dp_intervention_rate": 0.31333333333333335,
  "cell": "het_dp_gated_atom_talk",
  "wall_time_s": 454.77045726776123,
  "config": {
    "game": "hawk_dove",
    "n_agents": 2,
    "horizon": 5,
    "memory": 2,
    "models_homo": "Qwen/Qwen2.5-7B-Instruct",
    "temp_homo": 0.7,
    "tom_order": 1,
    "seed": 49,
    "cell_name": "het_dp_gated_atom_talk",
    "gate_trust_threshold": 0.6,
    "gate_ema_alpha": 0.3,
    "atom_warmup": 3,
    "homogeneous": false,
    "use_tom": true,
    "use_talk": true,
    "adaptive_tom": true,
    "gated_talk_tom": true,
    "diversity_preserving_gate": true
  },
  "team_mean_payoff": 1.2800000000000005
}