{
  "perspective_diversity": 0.3709984712629233,
  "cooperation_payoff": 1.4200000000000004,
  "cooperation_payoff_ci": [
    1.1333333333333335,
    1.686666666666667
  ],
  "equilibrium_convergence": 0.9866666666666667,
  "tom_prediction_accuracy": 0.6066666666666667,
  "tom_prediction_accuracy_ci": [
    0.5533333333333333,
    0.6633333333333333
  ],
  "n_episodes": 30,
  "action_dist_agent1": [
    0.86,
    0.14
  ],
  "per_episode_payoffs": [
    0.6,
    1.2,
    1.2,
    2.2,
    1.2,
    0.6,
    0.0,
    1.2,
    2.8,
    1.8,
    1.2,
    0.0,
    2.2,
    2.6,
    0.6,
    2.2,
    1.6,
    1.2,
    1.0,
    1.8,
    1.6,
    1.2,
    1.2,
    0.0,
    2.2,
    1.0,
    2.2,
    2.8,
    2.2,
    1.0
  ],
  "gate_trust_rate": 0.8666666666666667,
  "gated_prediction_accuracy": 0.6766666666666666,
  "signal_accuracy": 0.69,
  "tom_belief_accuracy_in_gated": 0.6066666666666667,
  "dp_conflict_rate": 0.33666666666666667,
  "dp_intervention_rate": 0.33666666666666667,
  "cell": "het_dp_gated_atom_talk",
  "wall_time_s": 509.644238948822,
  "config": {
    "game": "battle_of_the_sexes",
    "n_agents": 2,
    "horizon": 5,
    "memory": 2,
    "models_homo": "Qwen/Qwen2.5-7B-Instruct",
    "temp_homo": 0.7,
    "tom_order": 1,
    "seed": 43,
    "cell_name": "het_dp_gated_atom_talk",
    "gate_trust_threshold": 0.6,
    "gate_ema_alpha": 0.3,
    "atom_warmup": 3,
    "homogeneous": false,
    "use_tom": true,
    "use_talk": true,
    "adaptive_tom": true,
    "gated_talk_tom": true,
    "diversity_preserving_gate": true
  },
  "team_mean_payoff": 1.2666666666666666
}