{
  "perspective_diversity": 0.20806639956985562,
  "cooperation_payoff": 2.4200000000000004,
  "cooperation_payoff_ci": [
    2.233333333333334,
    2.58
  ],
  "equilibrium_convergence": 0.9466666666666667,
  "tom_prediction_accuracy": 0.62,
  "tom_prediction_accuracy_ci": [
    0.5666666666666667,
    0.6766666666666666
  ],
  "n_episodes": 30,
  "action_dist_agent1": [
    0.49333333333333335,
    0.5066666666666667
  ],
  "per_episode_payoffs": [
    1.8,
    2.6,
    1.6,
    2.0,
    3.2,
    2.2,
    2.4,
    2.4,
    1.0,
    2.2,
    2.6,
    2.2,
    2.6,
    2.6,
    2.6,
    2.6,
    2.2,
    2.2,
    2.2,
    2.6,
    2.0,
    3.2,
    3.2,
    2.4,
    2.2,
    2.6,
    3.2,
    2.8,
    2.2,
    3.0
  ],
  "gate_trust_rate": 0.9533333333333334,
  "gated_prediction_accuracy": 0.7233333333333334,
  "signal_accuracy": 0.7033333333333334,
  "tom_belief_accuracy_in_gated": 0.62,
  "dp_conflict_rate": 0.25,
  "dp_intervention_rate": 0.25,
  "cell": "het_role_asym",
  "wall_time_s": 545.9731619358063,
  "config": {
    "game": "deadlock",
    "n_agents": 2,
    "horizon": 5,
    "memory": 2,
    "models_homo": "Qwen/Qwen2.5-7B-Instruct",
    "temp_homo": 0.7,
    "tom_order": 1,
    "seed": 46,
    "cell_name": "het_role_asym",
    "gate_trust_threshold": 0.6,
    "gate_ema_alpha": 0.3,
    "atom_warmup": 3,
    "homogeneous": false,
    "use_tom": true,
    "use_talk": true,
    "adaptive_tom": true,
    "gated_talk_tom": true,
    "diversity_preserving_gate": true,
    "role_asymmetric_hint": true
  },
  "team_mean_payoff": 1.833333333333333
}