{
  "perspective_diversity": 0.05150545655096289,
  "cooperation_payoff": 1.0533333333333335,
  "cooperation_payoff_ci": [
    0.9533333333333335,
    1.1400000000000001
  ],
  "equilibrium_convergence": 1.0,
  "tom_prediction_accuracy": 0.4766666666666667,
  "tom_prediction_accuracy_ci": [
    0.4166666666666667,
    0.5333333333333333
  ],
  "n_episodes": 30,
  "action_dist_agent1": [
    0.38666666666666666,
    0.6133333333333333
  ],
  "per_episode_payoffs": [
    1.2,
    1.2,
    1.2,
    1.2,
    0.8,
    1.4,
    1.0,
    1.4,
    1.2,
    1.4,
    0.6,
    0.4,
    1.2,
    1.4,
    1.2,
    0.8,
    1.2,
    1.0,
    1.2,
    1.2,
    1.0,
    1.0,
    1.0,
    1.2,
    0.6,
    1.0,
    0.8,
    1.0,
    0.6,
    1.2
  ],
  "gate_trust_rate": 0.61,
  "gated_prediction_accuracy": 0.48,
  "signal_accuracy": 0.55,
  "tom_belief_accuracy_in_gated": 0.4766666666666667,
  "dp_conflict_rate": 0.6,
  "dp_intervention_rate": 0.6,
  "cell": "hom_dp_gated_atom_talk",
  "wall_time_s": 589.4651811122894,
  "config": {
    "game": "hawk_dove",
    "n_agents": 2,
    "horizon": 5,
    "memory": 2,
    "models_homo": "Qwen/Qwen2.5-7B-Instruct",
    "temp_homo": 0.7,
    "tom_order": 1,
    "seed": 45,
    "cell_name": "hom_dp_gated_atom_talk",
    "gate_trust_threshold": 0.6,
    "gate_ema_alpha": 0.3,
    "atom_warmup": 3,
    "homogeneous": true,
    "use_tom": true,
    "use_talk": true,
    "adaptive_tom": true,
    "gated_talk_tom": true,
    "diversity_preserving_gate": true
  },
  "team_mean_payoff": 0.8133333333333334
}