{
  "perspective_diversity": 0.01803101092971081,
  "cooperation_payoff": 2.4266666666666667,
  "cooperation_payoff_ci": [
    2.126666666666667,
    2.720166666666666
  ],
  "equilibrium_convergence": 0.9066666666666666,
  "tom_prediction_accuracy": 0.6966666666666667,
  "tom_prediction_accuracy_ci": [
    0.6433333333333333,
    0.75
  ],
  "n_episodes": 30,
  "action_dist_agent1": [
    0.5266666666666666,
    0.47333333333333333
  ],
  "per_episode_payoffs": [
    2.0,
    1.2,
    1.6,
    3.2,
    3.0,
    4.2,
    3.0,
    1.0,
    2.6,
    3.2,
    3.0,
    3.0,
    2.0,
    1.6,
    3.0,
    4.2,
    3.0,
    2.4,
    1.2,
    1.6,
    3.0,
    2.4,
    2.4,
    3.0,
    3.0,
    1.2,
    1.8,
    1.8,
    2.0,
    2.2
  ],
  "gate_trust_rate": 0.85,
  "gated_prediction_accuracy": 0.6966666666666667,
  "signal_accuracy": 0.6533333333333333,
  "tom_belief_accuracy_in_gated": 0.6966666666666667,
  "dp_conflict_rate": 0.25,
  "dp_intervention_rate": 0.25,
  "cell": "het_gated_atom_talk",
  "wall_time_s": 491.9711265563965,
  "config": {
    "game": "chicken",
    "n_agents": 2,
    "horizon": 5,
    "memory": 2,
    "models_homo": "Qwen/Qwen2.5-7B-Instruct",
    "temp_homo": 0.7,
    "tom_order": 1,
    "seed": 56,
    "cell_name": "het_gated_atom_talk",
    "gate_trust_threshold": 0.6,
    "gate_ema_alpha": 0.3,
    "atom_warmup": 3,
    "homogeneous": false,
    "use_tom": true,
    "use_talk": true,
    "adaptive_tom": true,
    "gated_talk_tom": true,
    "diversity_preserving_gate": false
  },
  "team_mean_payoff": 2.2399999999999998
}