{
  "perspective_diversity": 0.15257863302719074,
  "cooperation_payoff": 1.6466666666666667,
  "cooperation_payoff_ci": [
    1.36,
    1.933333333333333
  ],
  "equilibrium_convergence": 0.9333333333333333,
  "tom_prediction_accuracy": 0.6033333333333334,
  "tom_prediction_accuracy_ci": [
    0.5466666666666666,
    0.6566666666666666
  ],
  "n_episodes": 30,
  "action_dist_agent1": [
    0.43333333333333335,
    0.5666666666666667
  ],
  "per_episode_payoffs": [
    1.4,
    1.6,
    0.8,
    0.8,
    2.0,
    0.4,
    1.6,
    2.8,
    2.8,
    1.6,
    2.4,
    1.6,
    1.2,
    2.8,
    0.6,
    0.6,
    2.0,
    2.2,
    1.8,
    2.8,
    0.2,
    2.8,
    0.4,
    2.8,
    1.0,
    2.0,
    1.6,
    0.8,
    2.0,
    2.0
  ],
  "gate_trust_rate": 0.8233333333333334,
  "gated_prediction_accuracy": 0.6233333333333333,
  "signal_accuracy": 0.5933333333333334,
  "tom_belief_accuracy_in_gated": 0.6033333333333334,
  "dp_conflict_rate": 0.36333333333333334,
  "dp_intervention_rate": 0.36333333333333334,
  "cell": "het_gsaca",
  "gsaca_detected_structure": "anti_coord",
  "gsaca_oracle_structure": "anti_coord",
  "gsaca_detection_correct": true,
  "gsaca_split_score": 0.8333333333333334,
  "gsaca_warmup_episodes": 5,
  "gsaca_n_observations": 25,
  "wall_time_s": 478.9393081665039,
  "config": {
    "game": "hawk_dove",
    "n_agents": 2,
    "horizon": 5,
    "memory": 2,
    "models_homo": "Qwen/Qwen2.5-7B-Instruct",
    "temp_homo": 0.7,
    "tom_order": 1,
    "seed": 60,
    "cell_name": "het_gsaca",
    "gate_trust_threshold": 0.6,
    "gate_ema_alpha": 0.3,
    "atom_warmup": 3,
    "homogeneous": false,
    "use_tom": true,
    "use_talk": true,
    "adaptive_tom": true,
    "gated_talk_tom": true,
    "diversity_preserving_gate": true
  },
  "team_mean_payoff": 1.2466666666666668
}