{
  "perspective_diversity": 0.0010295415003849437,
  "cooperation_payoff": 1.7933333333333332,
  "cooperation_payoff_ci": [
    1.6266666666666667,
    1.94
  ],
  "equilibrium_convergence": 0.96,
  "tom_prediction_accuracy": 0.8633333333333333,
  "tom_prediction_accuracy_ci": [
    0.8233333333333334,
    0.9
  ],
  "n_episodes": 30,
  "action_dist_agent1": [
    0.9133333333333333,
    0.08666666666666667
  ],
  "per_episode_payoffs": [
    1.6,
    2.0,
    2.0,
    2.0,
    2.0,
    2.0,
    2.0,
    1.6,
    2.0,
    0.4,
    2.0,
    2.0,
    2.0,
    2.0,
    0.6,
    2.0,
    1.0,
    2.0,
    2.0,
    1.8,
    2.0,
    2.0,
    2.0,
    2.0,
    2.0,
    2.0,
    2.0,
    2.0,
    0.8,
    2.0
  ],
  "gate_trust_rate": 0.97,
  "gated_prediction_accuracy": 0.8833333333333333,
  "signal_accuracy": 0.9,
  "tom_belief_accuracy_in_gated": 0.8633333333333333,
  "dp_conflict_rate": 0.13666666666666666,
  "dp_intervention_rate": 0.13666666666666666,
  "cell": "hom_gated_atom_talk",
  "wall_time_s": 790.2103111743927,
  "config": {
    "game": "hawk_dove",
    "n_agents": 2,
    "horizon": 5,
    "memory": 2,
    "models_homo": "THUDM/GLM-4-9B-0414",
    "temp_homo": 0.7,
    "tom_order": 1,
    "seed": 46,
    "cell_name": "hom_gated_atom_talk",
    "gate_trust_threshold": 0.6,
    "gate_ema_alpha": 0.3,
    "atom_warmup": 3,
    "homogeneous": true,
    "use_tom": true,
    "use_talk": true,
    "adaptive_tom": true,
    "gated_talk_tom": true,
    "diversity_preserving_gate": false
  },
  "team_mean_payoff": 1.8133333333333332
}