{
  "perspective_diversity": 0.173144729366808,
  "cooperation_payoff": 1.7933333333333337,
  "cooperation_payoff_ci": [
    1.5000000000000004,
    2.0733333333333333
  ],
  "equilibrium_convergence": 0.9066666666666667,
  "tom_prediction_accuracy": 0.6966666666666667,
  "tom_prediction_accuracy_ci": [
    0.6433333333333333,
    0.7466666666666667
  ],
  "n_episodes": 30,
  "action_dist_agent1": [
    0.8466666666666667,
    0.15333333333333332
  ],
  "per_episode_payoffs": [
    2.2,
    2.4,
    1.8,
    1.0,
    1.8,
    1.2,
    1.2,
    1.8,
    0.6,
    1.2,
    2.4,
    1.0,
    0.6,
    2.8,
    2.8,
    2.2,
    0.6,
    2.4,
    0.6,
    3.0,
    2.8,
    1.6,
    2.6,
    2.6,
    2.2,
    2.2,
    0.6,
    0.6,
    2.2,
    2.8
  ],
  "gate_trust_rate": 0.9166666666666666,
  "gated_prediction_accuracy": 0.7533333333333333,
  "signal_accuracy": 0.77,
  "tom_belief_accuracy_in_gated": 0.6966666666666667,
  "dp_conflict_rate": 0.2733333333333333,
  "dp_intervention_rate": 0.2733333333333333,
  "cell": "het_dp_gated_atom_talk",
  "wall_time_s": 506.8916540145874,
  "config": {
    "game": "battle_of_the_sexes",
    "n_agents": 2,
    "horizon": 5,
    "memory": 2,
    "models_homo": "Qwen/Qwen2.5-7B-Instruct",
    "temp_homo": 0.7,
    "tom_order": 1,
    "seed": 45,
    "cell_name": "het_dp_gated_atom_talk",
    "gate_trust_threshold": 0.6,
    "gate_ema_alpha": 0.5,
    "atom_warmup": 3,
    "homogeneous": false,
    "use_tom": true,
    "use_talk": true,
    "adaptive_tom": true,
    "gated_talk_tom": true,
    "diversity_preserving_gate": true
  },
  "team_mean_payoff": 1.5833333333333333
}