{
  "perspective_diversity": 0.005699435991707746,
  "cooperation_payoff": 2.2435095609997386,
  "cooperation_payoff_ci": [
    2.0282204876445267,
    2.461541413912701
  ],
  "equilibrium_convergence": 0.9199999999999999,
  "tom_prediction_accuracy": 0.8233333333333334,
  "tom_prediction_accuracy_ci": [
    0.78,
    0.8666666666666667
  ],
  "n_episodes": 30,
  "action_dist_agent1": [
    0.7733333333333333,
    0.22666666666666666
  ],
  "per_episode_payoffs": [
    2.010356464231682,
    3.230248582604505,
    2.443566901055617,
    1.9726020022767892,
    0.7500825174903206,
    1.859446640827643,
    2.508959230852155,
    2.904408752238792,
    3.074966413389264,
    1.480597211971057,
    2.842500829530045,
    1.026839215453466,
    2.751683346397882,
    1.9873900508557985,
    1.2278981033543992,
    3.0218003350169593,
    2.477223968083919,
    1.9254091073651967,
    2.8345719334978106,
    3.110137756838311,
    2.087187870487832,
    1.9244518112573232,
    2.9975451796296726,
    2.041535148433407,
    1.9684175866870306,
    2.410317070136358,
    1.9218369071450083,
    2.643641441534779,
    2.134071968540865,
    1.735592482808253
  ],
  "gate_trust_rate": 0.98,
  "gated_prediction_accuracy": 0.86,
  "signal_accuracy": 0.84,
  "tom_belief_accuracy_in_gated": 0.66,
  "dp_conflict_rate": 0.3,
  "dp_intervention_rate": 0.3,
  "cell": "het_gsaca",
  "gsaca_detected_structure": "coord",
  "gsaca_oracle_structure": "coord",
  "gsaca_detection_correct": true,
  "gsaca_split_score": -2.4042505748966883,
  "gsaca_warmup_episodes": 5,
  "gsaca_n_observations": 25,
  "wall_time_s": 447.1498827934265,
  "config": {
    "game": "battle_of_the_sexes",
    "n_agents": 2,
    "horizon": 5,
    "memory": 2,
    "models_homo": "Qwen/Qwen2.5-7B-Instruct",
    "temp_homo": 0.7,
    "tom_order": 1,
    "seed": 44,
    "cell_name": "het_gsaca",
    "gate_trust_threshold": 0.6,
    "gate_ema_alpha": 0.3,
    "atom_warmup": 3,
    "homogeneous": false,
    "use_tom": true,
    "use_talk": true,
    "adaptive_tom": true,
    "gated_talk_tom": true,
    "diversity_preserving_gate": true
  },
  "team_mean_payoff": 2.0215181180797974
}