{
  "perspective_diversity": 0.27633113066432613,
  "cooperation_payoff": 2.726666666666666,
  "cooperation_payoff_ci": [
    2.633333333333333,
    2.806666666666666
  ],
  "equilibrium_convergence": 0.9333333333333333,
  "tom_prediction_accuracy": 0.86,
  "tom_prediction_accuracy_ci": [
    0.8233333333333334,
    0.9
  ],
  "n_episodes": 30,
  "action_dist_agent1": [
    0.7666666666666667,
    0.23333333333333334
  ],
  "per_episode_payoffs": [
    2.2,
    3.0,
    2.6,
    2.8,
    2.6,
    2.6,
    3.0,
    2.6,
    3.0,
    2.8,
    2.0,
    2.6,
    2.6,
    2.8,
    2.6,
    2.6,
    2.6,
    3.0,
    3.0,
    2.8,
    3.0,
    2.8,
    2.6,
    2.6,
    3.0,
    3.0,
    3.0,
    2.8,
    2.6,
    2.6
  ],
  "gate_trust_rate": 0.98,
  "gated_prediction_accuracy": 0.8633333333333333,
  "signal_accuracy": 0.8833333333333333,
  "tom_belief_accuracy_in_gated": 0.86,
  "dp_conflict_rate": 0.07666666666666666,
  "dp_intervention_rate": 0.07666666666666666,
  "cell": "het_dp_gated_atom_talk",
  "wall_time_s": 493.25756549835205,
  "config": {
    "game": "stag_hunt",
    "n_agents": 2,
    "horizon": 5,
    "memory": 2,
    "models_homo": "Qwen/Qwen2.5-7B-Instruct",
    "temp_homo": 0.7,
    "tom_order": 1,
    "seed": 60,
    "cell_name": "het_dp_gated_atom_talk",
    "gate_trust_threshold": 0.6,
    "gate_ema_alpha": 0.3,
    "atom_warmup": 3,
    "homogeneous": false,
    "use_tom": true,
    "use_talk": true,
    "adaptive_tom": true,
    "gated_talk_tom": true,
    "diversity_preserving_gate": true
  },
  "team_mean_payoff": 2.5266666666666664
}