{
  "perspective_diversity": 0.11705533240197191,
  "cooperation_payoff": 2.7599999999999993,
  "cooperation_payoff_ci": [
    2.3200000000000003,
    3.206833333333332
  ],
  "equilibrium_convergence": 0.9333333333333333,
  "tom_prediction_accuracy": 0.6033333333333334,
  "tom_prediction_accuracy_ci": [
    0.55,
    0.6566666666666666
  ],
  "n_episodes": 30,
  "action_dist_agent1": [
    0.36666666666666664,
    0.6333333333333333
  ],
  "per_episode_payoffs": [
    4.6,
    2.8,
    3.6,
    2.6,
    2.6,
    3.2,
    1.4,
    2.4,
    2.8,
    2.4,
    2.2,
    2.2,
    3.4,
    1.2,
    1.2,
    2.8,
    1.4,
    4.6,
    3.6,
    3.6,
    2.0,
    3.6,
    2.6,
    0.4,
    4.6,
    0.8,
    5.0,
    1.0,
    4.6,
    3.6
  ],
  "gate_trust_rate": 0.8666666666666667,
  "gated_prediction_accuracy": 0.5966666666666667,
  "signal_accuracy": 0.6233333333333333,
  "tom_belief_accuracy_in_gated": 0.6033333333333334,
  "dp_conflict_rate": 0.30666666666666664,
  "dp_intervention_rate": 0.30666666666666664,
  "cell": "het_gsaca",
  "gsaca_detected_structure": "anti_coord",
  "gsaca_oracle_structure": "anti_coord",
  "gsaca_detection_correct": true,
  "gsaca_split_score": 1.6363636363636365,
  "gsaca_warmup_episodes": 5,
  "gsaca_n_observations": 25,
  "wall_time_s": 465.77068996429443,
  "config": {
    "game": "chicken",
    "n_agents": 2,
    "horizon": 5,
    "memory": 2,
    "models_homo": "Qwen/Qwen2.5-7B-Instruct",
    "temp_homo": 0.7,
    "tom_order": 1,
    "seed": 43,
    "cell_name": "het_gsaca",
    "gate_trust_threshold": 0.6,
    "gate_ema_alpha": 0.3,
    "atom_warmup": 3,
    "homogeneous": false,
    "use_tom": true,
    "use_talk": true,
    "adaptive_tom": true,
    "gated_talk_tom": true,
    "diversity_preserving_gate": true
  },
  "team_mean_payoff": 2.2800000000000002
}