{
  "perspective_diversity": 0.09371356991616253,
  "cooperation_payoff": 2.594,
  "cooperation_payoff_ci": [
    2.544,
    2.6380500000000002
  ],
  "equilibrium_convergence": 0.98,
  "tom_prediction_accuracy": 0.6741666666666667,
  "tom_prediction_accuracy_ci": [
    0.6466666666666666,
    0.7
  ],
  "n_episodes": 20,
  "action_dist_agent1": [
    0.85,
    0.15
  ],
  "per_episode_payoffs": [
    2.6,
    2.7600000000000002,
    2.52,
    2.4800000000000004,
    2.52,
    2.6,
    2.6399999999999997,
    2.6399999999999997,
    2.76,
    2.2800000000000002,
    2.6399999999999997,
    2.7600000000000002,
    2.6,
    2.48,
    2.6399999999999997,
    2.6,
    2.6399999999999997,
    2.6399999999999997,
    2.6,
    2.48
  ],
  "gate_trust_rate": 0.9775,
  "gated_prediction_accuracy": 0.865,
  "signal_accuracy": 0.8875,
  "tom_belief_accuracy_in_gated": 0.6741666666666667,
  "dp_conflict_rate": 0.26666666666666666,
  "dp_intervention_rate": 0.26666666666666666,
  "cell": "het_gated_atom_talk",
  "wall_time_s": 2830.293587207794,
  "config": {
    "game": "public_goods",
    "n_agents": 4,
    "horizon": 5,
    "memory": 2,
    "models_homo": "Qwen/Qwen2.5-7B-Instruct",
    "temp_homo": 0.7,
    "tom_order": 1,
    "seed": 43,
    "cell_name": "het_gated_atom_talk",
    "homogeneous": false,
    "use_tom": true,
    "use_talk": true,
    "adaptive_tom": true,
    "gated_talk_tom": true,
    "diversity_preserving_gate": false
  },
  "team_mean_payoff": 2.5415
}