{
  "perspective_diversity": 0.003734023595789348,
  "cooperation_payoff": 2.613333333333333,
  "cooperation_payoff_ci": [
    2.3666666666666667,
    2.833333333333333
  ],
  "equilibrium_convergence": 0.92,
  "tom_prediction_accuracy": 0.8233333333333334,
  "tom_prediction_accuracy_ci": [
    0.7766666666666666,
    0.8633333333333333
  ],
  "n_episodes": 30,
  "action_dist_agent1": [
    0.84,
    0.16
  ],
  "per_episode_payoffs": [
    3.0,
    3.0,
    3.0,
    1.6,
    2.6,
    3.0,
    2.6,
    2.2,
    2.0,
    2.6,
    3.0,
    1.2,
    3.0,
    2.6,
    3.0,
    2.6,
    3.4,
    3.0,
    3.0,
    3.0,
    3.0,
    3.0,
    1.6,
    1.8,
    3.0,
    3.0,
    3.0,
    3.0,
    0.6,
    3.0
  ],
  "gate_trust_rate": 0.9566666666666667,
  "gated_prediction_accuracy": 0.8266666666666667,
  "signal_accuracy": 0.83,
  "tom_belief_accuracy_in_gated": 0.8233333333333334,
  "dp_conflict_rate": 0.26,
  "dp_intervention_rate": 0.26,
  "cell": "hom_gated_atom_talk",
  "wall_time_s": 1118.3366322517395,
  "config": {
    "game": "chicken",
    "n_agents": 2,
    "horizon": 5,
    "memory": 2,
    "models_homo": "THUDM/GLM-4-9B-0414",
    "temp_homo": 0.7,
    "tom_order": 1,
    "seed": 43,
    "cell_name": "hom_gated_atom_talk",
    "gate_trust_threshold": 0.6,
    "gate_ema_alpha": 0.3,
    "atom_warmup": 3,
    "homogeneous": true,
    "use_tom": true,
    "use_talk": true,
    "adaptive_tom": true,
    "gated_talk_tom": true,
    "diversity_preserving_gate": false
  },
  "team_mean_payoff": 2.6799999999999997
}