{
  "perspective_diversity": 0.15272923262605095,
  "cooperation_payoff": 2.614,
  "cooperation_payoff_ci": [
    2.5479499999999997,
    2.68
  ],
  "equilibrium_convergence": 0.8999999999999999,
  "tom_prediction_accuracy": 0.6433333333333333,
  "tom_prediction_accuracy_ci": [
    0.6166666666666667,
    0.67
  ],
  "n_episodes": 20,
  "action_dist_agent1": [
    0.75,
    0.25
  ],
  "per_episode_payoffs": [
    2.2800000000000002,
    2.3600000000000003,
    2.7600000000000002,
    2.72,
    2.56,
    2.6799999999999997,
    2.4,
    2.6399999999999997,
    2.4800000000000004,
    2.56,
    2.6799999999999997,
    2.8800000000000003,
    2.56,
    2.6399999999999997,
    2.72,
    2.7600000000000002,
    2.48,
    2.7600000000000002,
    2.76,
    2.6
  ],
  "gate_trust_rate": 0.9241666666666667,
  "gated_prediction_accuracy": 0.7708333333333334,
  "signal_accuracy": 0.825,
  "tom_belief_accuracy_in_gated": 0.6433333333333333,
  "dp_conflict_rate": 0.30666666666666664,
  "dp_intervention_rate": 0.30666666666666664,
  "cell": "het_dp_gated_atom_talk",
  "wall_time_s": 2487.236261844635,
  "config": {
    "game": "public_goods",
    "n_agents": 4,
    "horizon": 5,
    "memory": 2,
    "models_homo": "Qwen/Qwen2.5-7B-Instruct",
    "temp_homo": 0.7,
    "tom_order": 1,
    "seed": 47,
    "cell_name": "het_dp_gated_atom_talk",
    "gate_trust_threshold": 0.6,
    "gate_ema_alpha": 0.3,
    "atom_warmup": 3,
    "homogeneous": false,
    "use_tom": true,
    "use_talk": true,
    "adaptive_tom": true,
    "gated_talk_tom": true,
    "diversity_preserving_gate": true
  },
  "team_mean_payoff": 2.5115
}