{
  "perspective_diversity": 0.08079133359265489,
  "cooperation_payoff": 1.0333333333333334,
  "cooperation_payoff_ci": [
    0.8866666666666667,
    1.1800000000000002
  ],
  "equilibrium_convergence": 0.9333333333333333,
  "tom_prediction_accuracy": 0.48,
  "tom_prediction_accuracy_ci": [
    0.42333333333333334,
    0.5366666666666666
  ],
  "n_episodes": 30,
  "action_dist_agent1": [
    0.35333333333333333,
    0.6466666666666666
  ],
  "per_episode_payoffs": [
    1.2,
    1.4,
    2.0,
    1.2,
    0.6,
    0.6,
    1.4,
    0.4,
    1.0,
    1.0,
    1.4,
    1.6,
    1.4,
    1.6,
    0.6,
    1.8,
    0.4,
    0.4,
    1.0,
    0.6,
    1.2,
    0.6,
    1.0,
    1.2,
    1.2,
    1.0,
    1.0,
    1.0,
    0.6,
    0.6
  ],
  "gate_trust_rate": 0.63,
  "gated_prediction_accuracy": 0.46,
  "signal_accuracy": 0.5166666666666667,
  "tom_belief_accuracy_in_gated": 0.48,
  "dp_conflict_rate": 0.5566666666666666,
  "dp_intervention_rate": 0.5566666666666666,
  "cell": "hom_gsaca",
  "gsaca_detected_structure": "anti_coord",
  "gsaca_oracle_structure": "anti_coord",
  "gsaca_detection_correct": true,
  "gsaca_split_score": 1.3461538461538463,
  "gsaca_warmup_episodes": 5,
  "gsaca_n_observations": 25,
  "wall_time_s": 504.44854068756104,
  "config": {
    "game": "hawk_dove",
    "n_agents": 2,
    "horizon": 5,
    "memory": 2,
    "models_homo": "Qwen/Qwen2.5-7B-Instruct",
    "temp_homo": 0.7,
    "tom_order": 1,
    "seed": 43,
    "cell_name": "hom_gsaca",
    "gate_trust_threshold": 0.6,
    "gate_ema_alpha": 0.3,
    "atom_warmup": 3,
    "homogeneous": true,
    "use_tom": true,
    "use_talk": true,
    "adaptive_tom": true,
    "gated_talk_tom": true,
    "diversity_preserving_gate": true
  },
  "team_mean_payoff": 0.7333333333333335
}