{
  "perspective_diversity": 0.0,
  "cooperation_payoff": 2.303509560999738,
  "cooperation_payoff_ci": [
    2.0406121422016366,
    2.5429092740313792
  ],
  "equilibrium_convergence": 0.8799999999999999,
  "tom_prediction_accuracy": 0.81,
  "tom_prediction_accuracy_ci": [
    0.7633333333333333,
    0.8533333333333334
  ],
  "n_episodes": 30,
  "action_dist_agent1": [
    0.7933333333333333,
    0.20666666666666667
  ],
  "per_episode_payoffs": [
    1.410356464231682,
    0.8302485826045052,
    2.443566901055617,
    1.9726020022767892,
    1.9500825174903205,
    0.6594466408276433,
    2.1089592308521548,
    2.904408752238792,
    2.474966413389264,
    2.080597211971057,
    2.242500829530045,
    3.026839215453466,
    1.151683346397882,
    3.1873900508557984,
    1.2278981033543992,
    2.4218003350169592,
    2.0772239680839193,
    3.1254091073651966,
    2.8345719334978106,
    3.110137756838311,
    2.687187870487832,
    3.124451811257323,
    2.7975451796296724,
    2.641535148433407,
    1.9684175866870306,
    2.410317070136358,
    2.7218369071450086,
    1.843641441534779,
    2.734071968540865,
    2.9355924828082527
  ],
  "gate_trust_rate": 0.9,
  "gated_prediction_accuracy": 0.78,
  "signal_accuracy": 0.8,
  "tom_belief_accuracy_in_gated": 0.64,
  "dp_conflict_rate": 0.4,
  "dp_intervention_rate": 0.4,
  "cell": "het_gsaca",
  "gsaca_detected_structure": "coord",
  "gsaca_oracle_structure": "coord",
  "gsaca_detection_correct": true,
  "gsaca_split_score": -2.0914798963825247,
  "gsaca_warmup_episodes": 5,
  "gsaca_n_observations": 25,
  "wall_time_s": 525.0773830413818,
  "config": {
    "game": "battle_of_the_sexes",
    "n_agents": 2,
    "horizon": 5,
    "memory": 2,
    "models_homo": "Qwen/Qwen2.5-7B-Instruct",
    "temp_homo": 0.7,
    "tom_order": 1,
    "seed": 46,
    "cell_name": "het_gsaca",
    "gate_trust_threshold": 0.6,
    "gate_ema_alpha": 0.3,
    "atom_warmup": 3,
    "homogeneous": false,
    "use_tom": true,
    "use_talk": true,
    "adaptive_tom": true,
    "gated_talk_tom": true,
    "diversity_preserving_gate": true
  },
  "team_mean_payoff": 2.038184784746464
}