{
  "perspective_diversity": 0.0014224752026813087,
  "cooperation_payoff": 2.086666666666667,
  "cooperation_payoff_ci": [
    1.8599999999999999,
    2.3199999999999994
  ],
  "equilibrium_convergence": 0.9466666666666667,
  "tom_prediction_accuracy": 0.49333333333333335,
  "tom_prediction_accuracy_ci": [
    0.43666666666666665,
    0.55
  ],
  "n_episodes": 30,
  "action_dist_agent1": [
    0.52,
    0.48
  ],
  "per_episode_payoffs": [
    2.8,
    2.2,
    2.6,
    2.0,
    3.2,
    2.8,
    2.2,
    2.0,
    0.8,
    2.0,
    2.2,
    3.2,
    1.8,
    2.6,
    1.8,
    1.4,
    1.8,
    2.2,
    2.8,
    1.8,
    1.6,
    2.8,
    1.4,
    2.0,
    2.2,
    1.6,
    0.8,
    3.0,
    1.4,
    1.6
  ],
  "gate_trust_rate": 0.6966666666666667,
  "gated_prediction_accuracy": 0.49333333333333335,
  "signal_accuracy": 0.5166666666666667,
  "tom_belief_accuracy_in_gated": 0.49333333333333335,
  "dp_conflict_rate": 0.43,
  "dp_intervention_rate": 0.43,
  "cell": "hom_gated_atom_talk",
  "wall_time_s": 284.86192297935486,
  "config": {
    "game": "chicken",
    "n_agents": 2,
    "horizon": 5,
    "memory": 2,
    "models_homo": "Qwen/Qwen2.5-7B-Instruct",
    "temp_homo": 0.7,
    "tom_order": 1,
    "seed": 42,
    "cell_name": "hom_gated_atom_talk",
    "gate_trust_threshold": 0.6,
    "gate_ema_alpha": 0.3,
    "atom_warmup": 3,
    "homogeneous": true,
    "use_tom": true,
    "use_talk": true,
    "adaptive_tom": true,
    "gated_talk_tom": true,
    "diversity_preserving_gate": false
  },
  "team_mean_payoff": 2.1399999999999997
}