{
  "perspective_diversity": 0.21752492412720228,
  "cooperation_payoff": 2.666666666666666,
  "cooperation_payoff_ci": [
    2.5599999999999996,
    2.7599999999999993
  ],
  "equilibrium_convergence": 0.9466666666666667,
  "tom_prediction_accuracy": 0.83,
  "tom_prediction_accuracy_ci": [
    0.7833333333333333,
    0.87
  ],
  "n_episodes": 30,
  "action_dist_agent1": [
    0.7466666666666667,
    0.25333333333333335
  ],
  "per_episode_payoffs": [
    2.8,
    2.0,
    2.8,
    2.8,
    2.8,
    2.0,
    2.8,
    2.6,
    3.0,
    2.6,
    2.6,
    2.8,
    2.6,
    2.8,
    2.6,
    3.0,
    2.6,
    2.8,
    2.8,
    2.6,
    3.0,
    2.6,
    2.8,
    2.0,
    2.2,
    2.8,
    2.8,
    2.8,
    2.6,
    3.0
  ],
  "gate_trust_rate": 0.99,
  "gated_prediction_accuracy": 0.8433333333333334,
  "signal_accuracy": 0.8466666666666667,
  "tom_belief_accuracy_in_gated": 0.83,
  "dp_conflict_rate": 0.07,
  "dp_intervention_rate": 0.07,
  "cell": "het_dp_gated_atom_talk",
  "wall_time_s": 533.2362558841705,
  "config": {
    "game": "stag_hunt",
    "n_agents": 2,
    "horizon": 5,
    "memory": 2,
    "models_homo": "Qwen/Qwen2.5-7B-Instruct",
    "temp_homo": 0.7,
    "tom_order": 1,
    "seed": 46,
    "cell_name": "het_dp_gated_atom_talk",
    "gate_trust_threshold": 0.6,
    "gate_ema_alpha": 0.3,
    "atom_warmup": 3,
    "homogeneous": false,
    "use_tom": true,
    "use_talk": true,
    "adaptive_tom": true,
    "gated_talk_tom": true,
    "diversity_preserving_gate": true
  },
  "team_mean_payoff": 2.466666666666667
}