{
  "perspective_diversity": 0.13413125259016181,
  "cooperation_payoff": 2.596,
  "cooperation_payoff_ci": [
    2.5260000000000007,
    2.6640000000000006
  ],
  "equilibrium_convergence": 0.9199999999999999,
  "tom_prediction_accuracy": NaN,
  "tom_prediction_accuracy_ci": [
    NaN,
    NaN
  ],
  "n_episodes": 20,
  "action_dist_agent1": [
    0.62,
    0.38
  ],
  "per_episode_payoffs": [
    2.6,
    2.68,
    2.4000000000000004,
    2.56,
    2.9199999999999995,
    2.72,
    2.52,
    2.6399999999999997,
    2.5200000000000005,
    2.8,
    2.3200000000000003,
    2.3200000000000003,
    2.6800000000000006,
    2.5200000000000005,
    2.6,
    2.7600000000000007,
    2.6399999999999997,
    2.5200000000000005,
    2.4799999999999995,
    2.7199999999999998
  ],
  "gate_trust_rate": NaN,
  "gated_prediction_accuracy": NaN,
  "signal_accuracy": NaN,
  "tom_belief_accuracy_in_gated": NaN,
  "dp_conflict_rate": NaN,
  "dp_intervention_rate": NaN,
  "cell": "het_payoff_prompt",
  "wall_time_s": 66.96620106697083,
  "config": {
    "game": "public_goods",
    "n_agents": 4,
    "horizon": 5,
    "memory": 2,
    "models_homo": "Qwen/Qwen2.5-7B-Instruct",
    "temp_homo": 0.7,
    "tom_order": 1,
    "seed": 52,
    "cell_name": "het_payoff_prompt",
    "gate_trust_threshold": 0.6,
    "gate_ema_alpha": 0.3,
    "atom_warmup": 3,
    "homogeneous": false,
    "use_tom": false,
    "use_talk": false,
    "adaptive_tom": false,
    "payoff_in_prompt": true
  },
  "team_mean_payoff": 2.4560000000000004
}