{
  "perspective_diversity": 0.45092074111421016,
  "cooperation_payoff": 3.2399999999999998,
  "cooperation_payoff_ci": [
    2.7999999999999994,
    3.619999999999999
  ],
  "equilibrium_convergence": 0.9866666666666667,
  "tom_prediction_accuracy": 0.66,
  "tom_prediction_accuracy_ci": [
    0.6066666666666667,
    0.7133333333333334
  ],
  "n_episodes": 30,
  "action_dist_agent1": [
    0.24666666666666667,
    0.7533333333333333
  ],
  "per_episode_payoffs": [
    1.2,
    2.2,
    2.6,
    2.6,
    4.6,
    1.6,
    1.2,
    4.2,
    3.6,
    4.6,
    4.6,
    3.6,
    2.6,
    2.6,
    3.0,
    4.6,
    3.2,
    3.6,
    0.4,
    3.6,
    3.2,
    4.6,
    4.6,
    3.6,
    3.6,
    3.4,
    4.6,
    2.6,
    3.6,
    3.2
  ],
  "gate_trust_rate": 0.8666666666666667,
  "gated_prediction_accuracy": 0.6366666666666667,
  "signal_accuracy": 0.6166666666666667,
  "tom_belief_accuracy_in_gated": 0.66,
  "dp_conflict_rate": 0.2833333333333333,
  "dp_intervention_rate": 0.2833333333333333,
  "cell": "het_dp_gated_atom_talk",
  "wall_time_s": 442.9257056713104,
  "config": {
    "game": "chicken",
    "n_agents": 2,
    "horizon": 5,
    "memory": 2,
    "models_homo": "Qwen/Qwen2.5-7B-Instruct",
    "temp_homo": 0.7,
    "tom_order": 1,
    "seed": 43,
    "cell_name": "het_dp_gated_atom_talk",
    "gate_trust_threshold": 0.6,
    "gate_ema_alpha": 0.3,
    "atom_warmup": 3,
    "homogeneous": false,
    "use_tom": true,
    "use_talk": true,
    "adaptive_tom": true,
    "gated_talk_tom": true,
    "diversity_preserving_gate": true
  },
  "team_mean_payoff": 2.3200000000000003
}