{
  "perspective_diversity": 0.11054152706994122,
  "cooperation_payoff": 1.8666666666666667,
  "cooperation_payoff_ci": [
    1.566666666666667,
    2.1534999999999993
  ],
  "equilibrium_convergence": 0.9733333333333333,
  "tom_prediction_accuracy": 0.6966666666666667,
  "tom_prediction_accuracy_ci": [
    0.6466666666666666,
    0.7466666666666667
  ],
  "n_episodes": 30,
  "action_dist_agent1": [
    0.84,
    0.16
  ],
  "per_episode_payoffs": [
    2.8,
    1.6,
    1.0,
    2.8,
    1.8,
    1.2,
    2.8,
    1.2,
    1.8,
    1.6,
    2.8,
    1.2,
    1.2,
    3.0,
    2.4,
    2.2,
    2.8,
    1.2,
    1.0,
    1.8,
    2.8,
    1.0,
    3.0,
    1.2,
    2.8,
    2.8,
    0.6,
    1.2,
    0.6,
    1.8
  ],
  "gate_trust_rate": 0.8966666666666666,
  "gated_prediction_accuracy": 0.7866666666666666,
  "signal_accuracy": 0.8233333333333334,
  "tom_belief_accuracy_in_gated": 0.6966666666666667,
  "dp_conflict_rate": 0.3,
  "dp_intervention_rate": 0.3,
  "cell": "het_dp_gated_atom_talk",
  "wall_time_s": 431.3465919494629,
  "config": {
    "game": "battle_of_the_sexes",
    "n_agents": 2,
    "horizon": 5,
    "memory": 2,
    "models_homo": "Qwen/Qwen2.5-7B-Instruct",
    "temp_homo": 0.7,
    "tom_order": 1,
    "seed": 45,
    "cell_name": "het_dp_gated_atom_talk",
    "gate_trust_threshold": 0.75,
    "gate_ema_alpha": 0.3,
    "atom_warmup": 3,
    "homogeneous": false,
    "use_tom": true,
    "use_talk": true,
    "adaptive_tom": true,
    "gated_talk_tom": true,
    "diversity_preserving_gate": true
  },
  "team_mean_payoff": 1.6333333333333333
}