{
  "perspective_diversity": 0.37525412257289387,
  "cooperation_payoff": 3.119999999999999,
  "cooperation_payoff_ci": [
    2.726666666666666,
    3.5333333333333323
  ],
  "equilibrium_convergence": 0.9600000000000001,
  "tom_prediction_accuracy": 0.6566666666666666,
  "tom_prediction_accuracy_ci": [
    0.6033333333333334,
    0.7133333333333334
  ],
  "n_episodes": 30,
  "action_dist_agent1": [
    0.2866666666666667,
    0.7133333333333334
  ],
  "per_episode_payoffs": [
    2.6,
    4.6,
    4.6,
    3.6,
    4.6,
    2.6,
    2.6,
    3.2,
    4.6,
    1.6,
    4.6,
    1.8,
    2.8,
    1.2,
    3.2,
    2.0,
    4.6,
    4.6,
    4.6,
    1.8,
    1.6,
    2.2,
    2.4,
    4.2,
    3.0,
    1.2,
    2.4,
    3.6,
    2.6,
    4.6
  ],
  "gate_trust_rate": 0.8433333333333334,
  "gated_prediction_accuracy": 0.62,
  "signal_accuracy": 0.6233333333333333,
  "tom_belief_accuracy_in_gated": 0.6566666666666666,
  "dp_conflict_rate": 0.28,
  "dp_intervention_rate": 0.28,
  "cell": "het_dp_gated_atom_talk",
  "wall_time_s": 469.7805070877075,
  "config": {
    "game": "chicken",
    "n_agents": 2,
    "horizon": 5,
    "memory": 2,
    "models_homo": "Qwen/Qwen2.5-7B-Instruct",
    "temp_homo": 0.7,
    "tom_order": 1,
    "seed": 44,
    "cell_name": "het_dp_gated_atom_talk",
    "gate_trust_threshold": 0.6,
    "gate_ema_alpha": 0.3,
    "atom_warmup": 3,
    "homogeneous": false,
    "use_tom": true,
    "use_talk": true,
    "adaptive_tom": true,
    "gated_talk_tom": true,
    "diversity_preserving_gate": true
  },
  "team_mean_payoff": 2.28
}