{
  "perspective_diversity": 0.11764382683091326,
  "cooperation_payoff": 1.6133333333333335,
  "cooperation_payoff_ci": [
    1.28,
    1.9268333333333323
  ],
  "equilibrium_convergence": 0.9199999999999999,
  "tom_prediction_accuracy": 0.6066666666666667,
  "tom_prediction_accuracy_ci": [
    0.55,
    0.66
  ],
  "n_episodes": 30,
  "action_dist_agent1": [
    0.4666666666666667,
    0.5333333333333333
  ],
  "per_episode_payoffs": [
    0.8,
    1.0,
    2.0,
    2.2,
    2.2,
    2.8,
    0.8,
    1.8,
    0.4,
    2.8,
    2.8,
    2.6,
    -0.2,
    0.6,
    2.8,
    1.4,
    -0.2,
    2.8,
    1.2,
    2.8,
    0.4,
    1.8,
    1.4,
    2.0,
    1.8,
    2.6,
    0.6,
    1.2,
    2.0,
    1.2
  ],
  "gate_trust_rate": 0.83,
  "gated_prediction_accuracy": 0.5933333333333334,
  "signal_accuracy": 0.5966666666666667,
  "tom_belief_accuracy_in_gated": 0.6066666666666667,
  "dp_conflict_rate": 0.37666666666666665,
  "dp_intervention_rate": 0.37666666666666665,
  "cell": "het_combo_anti",
  "wall_time_s": 515.7552189826965,
  "config": {
    "game": "hawk_dove",
    "n_agents": 2,
    "horizon": 5,
    "memory": 2,
    "models_homo": "Qwen/Qwen2.5-7B-Instruct",
    "temp_homo": 0.7,
    "tom_order": 1,
    "seed": 44,
    "cell_name": "het_combo_anti",
    "gate_trust_threshold": 0.6,
    "gate_ema_alpha": 0.3,
    "atom_warmup": 3,
    "homogeneous": false,
    "use_tom": true,
    "use_talk": true,
    "adaptive_tom": true,
    "gated_talk_tom": true,
    "diversity_preserving_gate": true,
    "role_asymmetric_hint": true,
    "history_split_hint": true,
    "adaptive_intervention": true,
    "adaptive_interv_threshold": 0.3
  },
  "team_mean_payoff": 1.2633333333333339
}