{
  "perspective_diversity": 0.3123289076002661,
  "cooperation_payoff": 2.993333333333333,
  "cooperation_payoff_ci": [
    2.613333333333333,
    3.360166666666665
  ],
  "equilibrium_convergence": 0.9866666666666667,
  "tom_prediction_accuracy": 0.64,
  "tom_prediction_accuracy_ci": [
    0.5866666666666667,
    0.6966666666666667
  ],
  "n_episodes": 30,
  "action_dist_agent1": [
    0.2866666666666667,
    0.7133333333333334
  ],
  "per_episode_payoffs": [
    2.8,
    3.2,
    2.6,
    4.6,
    3.6,
    4.6,
    3.6,
    2.6,
    1.6,
    4.6,
    2.2,
    2.8,
    3.0,
    4.6,
    2.6,
    4.6,
    1.0,
    2.2,
    3.6,
    3.6,
    2.2,
    2.6,
    3.6,
    1.8,
    2.2,
    0.4,
    3.6,
    2.6,
    3.2,
    3.6
  ],
  "gate_trust_rate": 0.9033333333333333,
  "gated_prediction_accuracy": 0.68,
  "signal_accuracy": 0.6633333333333333,
  "tom_belief_accuracy_in_gated": 0.64,
  "dp_conflict_rate": 0.2633333333333333,
  "dp_intervention_rate": 0.2633333333333333,
  "cell": "het_3arm",
  "gsaca_detected_structure": "anti_coord",
  "gsaca_oracle_structure": "anti_coord",
  "gsaca_detection_correct": true,
  "gsaca_split_score": 1.6666666666666667,
  "gsaca_warmup_episodes": 5,
  "gsaca_n_observations": 25,
  "gsaca_3arm_selected": "CGA",
  "gsaca_3arm_tau": 0.0,
  "wall_time_s": 481.3022241592407,
  "config": {
    "game": "chicken",
    "n_agents": 2,
    "horizon": 5,
    "memory": 2,
    "models_homo": "Qwen/Qwen2.5-7B-Instruct",
    "temp_homo": 0.7,
    "tom_order": 1,
    "seed": 44,
    "cell_name": "het_3arm",
    "gate_trust_threshold": 0.6,
    "gate_ema_alpha": 0.3,
    "atom_warmup": 3,
    "homogeneous": false,
    "use_tom": true,
    "use_talk": true,
    "adaptive_tom": true,
    "gated_talk_tom": true,
    "diversity_preserving_gate": true
  },
  "team_mean_payoff": 2.2199999999999998
}