{
  "perspective_diversity": 0.2735632284270978,
  "cooperation_payoff": 3.123509560999738,
  "cooperation_payoff_ci": [
    2.7046351917746847,
    3.524169546882542
  ],
  "equilibrium_convergence": 0.9466666666666667,
  "tom_prediction_accuracy": 0.6566666666666666,
  "tom_prediction_accuracy_ci": [
    0.6066666666666667,
    0.71
  ],
  "n_episodes": 30,
  "action_dist_agent1": [
    0.3333333333333333,
    0.6666666666666666
  ],
  "per_episode_payoffs": [
    1.6103564642316819,
    4.830248582604506,
    2.843566901055617,
    1.1726020022767891,
    3.150082517490321,
    0.8594466408276432,
    3.7089592308521553,
    3.504408752238791,
    2.6749664133892637,
    1.880597211971057,
    4.4425008295300445,
    0.8268392154534661,
    2.951683346397882,
    3.787390050855798,
    2.427898103354399,
    2.421800335016959,
    4.477223968083919,
    4.725409107365197,
    3.4345719334978098,
    3.7101377568383107,
    3.887187870487831,
    3.7244518112573233,
    2.1975451796296723,
    3.2415351484334076,
    1.568417586687031,
    4.610317070136358,
    4.321836907145008,
    3.243641441534779,
    2.934071968540865,
    4.535592482808253
  ],
  "gate_trust_rate": 0.9033333333333333,
  "gated_prediction_accuracy": 0.68,
  "signal_accuracy": 0.6766666666666666,
  "tom_belief_accuracy_in_gated": 0.6566666666666666,
  "dp_conflict_rate": 0.29333333333333333,
  "dp_intervention_rate": 0.29333333333333333,
  "cell": "het_gsaca",
  "gsaca_detected_structure": "anti_coord",
  "gsaca_oracle_structure": "anti_coord",
  "gsaca_detection_correct": true,
  "gsaca_split_score": 1.6960351348387084,
  "gsaca_warmup_episodes": 5,
  "gsaca_n_observations": 25,
  "wall_time_s": 490.99318981170654,
  "config": {
    "game": "chicken",
    "n_agents": 2,
    "horizon": 5,
    "memory": 2,
    "models_homo": "Qwen/Qwen2.5-7B-Instruct",
    "temp_homo": 0.7,
    "tom_order": 1,
    "seed": 42,
    "cell_name": "het_gsaca",
    "gate_trust_threshold": 0.6,
    "gate_ema_alpha": 0.3,
    "atom_warmup": 3,
    "homogeneous": false,
    "use_tom": true,
    "use_talk": true,
    "adaptive_tom": true,
    "gated_talk_tom": true,
    "diversity_preserving_gate": true
  },
  "team_mean_payoff": 2.4315181180797962
}