{
  "perspective_diversity": 0.10866471167023206,
  "cooperation_payoff": 2.38123362745079,
  "cooperation_payoff_ci": [
    2.1904458565925977,
    2.5595114748384966
  ],
  "equilibrium_convergence": 0.96,
  "tom_prediction_accuracy": 0.5975,
  "tom_prediction_accuracy_ci": [
    0.57,
    0.6233333333333333
  ],
  "n_episodes": 20,
  "action_dist_agent1": [
    0.74,
    0.26
  ],
  "per_episode_payoffs": [
    2.7206899608803132,
    1.729589076712493,
    1.7007737104968819,
    2.8328887107094953,
    2.466731398964036,
    2.18254759931171,
    2.439405013988098,
    2.274309725105552,
    2.5871423482008247,
    2.6929053644308363,
    2.3732588637745975,
    2.143009150400149,
    2.292628012612524,
    1.318022769796733,
    2.4855744230633485,
    2.8913845890739385,
    2.056267551792067,
    2.5956884259474515,
    3.1519036530706286,
    2.689952200684126
  ],
  "gate_trust_rate": 0.885,
  "gated_prediction_accuracy": 0.6925,
  "signal_accuracy": 0.7375,
  "tom_belief_accuracy_in_gated": 0.5975,
  "dp_conflict_rate": 0.38,
  "dp_intervention_rate": 0.38,
  "cell": "het_gsaca",
  "gsaca_detected_structure": "anti_coord",
  "gsaca_oracle_structure": "coord",
  "gsaca_detection_correct": false,
  "gsaca_split_score": 0.10048943034026081,
  "gsaca_warmup_episodes": 3,
  "gsaca_n_observations": 15,
  "wall_time_s": 2565.7829937934875,
  "config": {
    "game": "public_goods",
    "n_agents": 4,
    "horizon": 5,
    "memory": 2,
    "models_homo": "Qwen/Qwen2.5-7B-Instruct",
    "temp_homo": 0.7,
    "tom_order": 1,
    "seed": 45,
    "cell_name": "het_gsaca",
    "gate_trust_threshold": 0.6,
    "gate_ema_alpha": 0.3,
    "atom_warmup": 3,
    "homogeneous": false,
    "use_tom": true,
    "use_talk": true,
    "adaptive_tom": true,
    "gated_talk_tom": true,
    "diversity_preserving_gate": true
  },
  "team_mean_payoff": 2.4598410605752767
}