{
  "perspective_diversity": 0.11672213645365706,
  "cooperation_payoff": 2.5000000000000004,
  "cooperation_payoff_ci": [
    2.1400000000000006,
    2.8333333333333335
  ],
  "equilibrium_convergence": 0.8,
  "tom_prediction_accuracy": 0.6333333333333333,
  "tom_prediction_accuracy_ci": [
    0.5766666666666667,
    0.69
  ],
  "n_episodes": 30,
  "action_dist_agent1": [
    0.34,
    0.66
  ],
  "per_episode_payoffs": [
    3.0,
    3.2,
    3.0,
    3.0,
    3.0,
    2.2,
    2.8,
    3.0,
    1.0,
    3.0,
    3.0,
    1.0,
    1.2,
    4.0,
    2.6,
    3.0,
    1.6,
    3.6,
    4.0,
    1.2,
    1.2,
    2.2,
    2.2,
    0.6,
    3.0,
    2.2,
    4.0,
    1.0,
    2.2,
    4.0
  ],
  "gate_trust_rate": 0.8566666666666667,
  "gated_prediction_accuracy": 0.6333333333333333,
  "signal_accuracy": 0.6233333333333333,
  "tom_belief_accuracy_in_gated": 0.6333333333333333,
  "dp_conflict_rate": 0.25,
  "dp_intervention_rate": 0.25,
  "cell": "het_gated_atom_talk",
  "wall_time_s": 498.47666001319885,
  "config": {
    "game": "chicken",
    "n_agents": 2,
    "horizon": 5,
    "memory": 2,
    "models_homo": "Qwen/Qwen2.5-7B-Instruct",
    "temp_homo": 0.7,
    "tom_order": 1,
    "seed": 53,
    "cell_name": "het_gated_atom_talk",
    "gate_trust_threshold": 0.6,
    "gate_ema_alpha": 0.3,
    "atom_warmup": 3,
    "homogeneous": false,
    "use_tom": true,
    "use_talk": true,
    "adaptive_tom": true,
    "gated_talk_tom": true,
    "diversity_preserving_gate": false
  },
  "team_mean_payoff": 2.0199999999999996
}