{
  "perspective_diversity": 0.39615114393160233,
  "cooperation_payoff": 1.3866666666666667,
  "cooperation_payoff_ci": [
    1.1000000000000003,
    1.6733333333333333
  ],
  "equilibrium_convergence": 1.0,
  "tom_prediction_accuracy": 0.6366666666666667,
  "tom_prediction_accuracy_ci": [
    0.5833333333333334,
    0.6933333333333334
  ],
  "n_episodes": 30,
  "action_dist_agent1": [
    0.8666666666666667,
    0.13333333333333333
  ],
  "per_episode_payoffs": [
    0.6,
    1.2,
    2.2,
    1.6,
    1.0,
    1.6,
    1.0,
    2.8,
    1.8,
    0.0,
    0.6,
    1.8,
    1.6,
    1.2,
    0.6,
    1.6,
    1.0,
    1.0,
    1.8,
    0.6,
    0.0,
    3.0,
    1.8,
    2.6,
    0.0,
    2.2,
    2.4,
    0.6,
    1.6,
    1.8
  ],
  "gate_trust_rate": 0.9466666666666667,
  "gated_prediction_accuracy": 0.71,
  "signal_accuracy": 0.7366666666666667,
  "tom_belief_accuracy_in_gated": 0.6366666666666667,
  "dp_conflict_rate": 0.35333333333333333,
  "dp_intervention_rate": 0.35333333333333333,
  "cell": "het_dp_gated_atom_talk",
  "wall_time_s": 499.9121174812317,
  "config": {
    "game": "battle_of_the_sexes",
    "n_agents": 2,
    "horizon": 5,
    "memory": 2,
    "models_homo": "Qwen/Qwen2.5-7B-Instruct",
    "temp_homo": 0.7,
    "tom_order": 1,
    "seed": 44,
    "cell_name": "het_dp_gated_atom_talk",
    "gate_trust_threshold": 0.45,
    "gate_ema_alpha": 0.3,
    "atom_warmup": 3,
    "homogeneous": false,
    "use_tom": true,
    "use_talk": true,
    "adaptive_tom": true,
    "gated_talk_tom": true,
    "diversity_preserving_gate": true
  },
  "team_mean_payoff": 1.2333333333333334
}