{
  "perspective_diversity": 0.13142387079563117,
  "cooperation_payoff": -0.04,
  "cooperation_payoff_ci": [
    -0.16,
    0.06666666666666668
  ],
  "equilibrium_convergence": 0.9600000000000001,
  "tom_prediction_accuracy": 0.58,
  "tom_prediction_accuracy_ci": [
    0.52,
    0.6333333333333333
  ],
  "n_episodes": 30,
  "action_dist_agent1": [
    0.2866666666666667,
    0.7133333333333334
  ],
  "per_episode_payoffs": [
    -0.2,
    -0.6,
    0.6,
    0.2,
    -0.2,
    0.2,
    -0.6,
    -0.2,
    -0.6,
    -0.2,
    -0.2,
    0.2,
    0.2,
    0.2,
    -0.6,
    0.2,
    0.2,
    -0.2,
    0.2,
    -0.2,
    -0.2,
    0.2,
    -0.2,
    -0.2,
    -0.2,
    0.2,
    0.6,
    0.2,
    -0.2,
    0.2
  ],
  "gate_trust_rate": 0.6433333333333333,
  "gated_prediction_accuracy": 0.5566666666666666,
  "signal_accuracy": 0.47333333333333333,
  "tom_belief_accuracy_in_gated": 0.58,
  "dp_conflict_rate": 0.5133333333333333,
  "dp_intervention_rate": 0.5133333333333333,
  "cell": "het_gated_atom_talk",
  "wall_time_s": 509.3986246585846,
  "config": {
    "game": "matching_pennies",
    "n_agents": 2,
    "horizon": 5,
    "memory": 2,
    "models_homo": "Qwen/Qwen2.5-7B-Instruct",
    "temp_homo": 0.7,
    "tom_order": 1,
    "seed": 45,
    "cell_name": "het_gated_atom_talk",
    "gate_trust_threshold": 0.6,
    "gate_ema_alpha": 0.3,
    "atom_warmup": 3,
    "homogeneous": false,
    "use_tom": true,
    "use_talk": true,
    "adaptive_tom": true,
    "gated_talk_tom": true,
    "diversity_preserving_gate": false
  },
  "team_mean_payoff": 0.0
}