{
  "perspective_diversity": 0.12405795763635472,
  "cooperation_payoff": 2.2933333333333334,
  "cooperation_payoff_ci": [
    2.0133333333333336,
    2.5466666666666664
  ],
  "equilibrium_convergence": 0.8933333333333333,
  "tom_prediction_accuracy": 0.63,
  "tom_prediction_accuracy_ci": [
    0.5766666666666667,
    0.6833333333333333
  ],
  "n_episodes": 30,
  "action_dist_agent1": [
    0.5066666666666667,
    0.49333333333333335
  ],
  "per_episode_payoffs": [
    2.0,
    2.8,
    3.2,
    1.8,
    2.8,
    2.6,
    1.0,
    1.6,
    3.2,
    3.0,
    2.2,
    1.2,
    2.2,
    2.0,
    0.6,
    2.6,
    3.2,
    1.6,
    2.4,
    1.8,
    3.2,
    3.0,
    2.2,
    0.8,
    2.2,
    3.2,
    2.0,
    2.6,
    3.2,
    2.6
  ],
  "gate_trust_rate": 0.9366666666666666,
  "gated_prediction_accuracy": 0.7266666666666667,
  "signal_accuracy": 0.7166666666666667,
  "tom_belief_accuracy_in_gated": 0.63,
  "dp_conflict_rate": 0.28,
  "dp_intervention_rate": 0.28,
  "cell": "het_gsaca",
  "gsaca_detected_structure": "anti_coord",
  "gsaca_oracle_structure": "anti_coord",
  "gsaca_detection_correct": true,
  "gsaca_split_score": 0.19999999999999996,
  "gsaca_warmup_episodes": 5,
  "gsaca_n_observations": 25,
  "wall_time_s": 518.3864529132843,
  "config": {
    "game": "deadlock",
    "n_agents": 2,
    "horizon": 5,
    "memory": 2,
    "models_homo": "Qwen/Qwen2.5-7B-Instruct",
    "temp_homo": 0.7,
    "tom_order": 1,
    "seed": 42,
    "cell_name": "het_gsaca",
    "homogeneous": false,
    "use_tom": true,
    "use_talk": true,
    "adaptive_tom": true,
    "gated_talk_tom": true,
    "diversity_preserving_gate": true
  },
  "team_mean_payoff": 1.8266666666666664
}