{
  "perspective_diversity": 0.2592763378339473,
  "cooperation_payoff": 2.4866666666666664,
  "cooperation_payoff_ci": [
    2.319833333333333,
    2.6599999999999997
  ],
  "equilibrium_convergence": 0.9466666666666667,
  "tom_prediction_accuracy": 0.6133333333333333,
  "tom_prediction_accuracy_ci": [
    0.5566666666666666,
    0.6666666666666666
  ],
  "n_episodes": 30,
  "action_dist_agent1": [
    0.49333333333333335,
    0.5066666666666667
  ],
  "per_episode_payoffs": [
    2.8,
    2.6,
    2.4,
    3.2,
    2.8,
    2.0,
    1.8,
    2.8,
    2.6,
    3.0,
    2.2,
    2.8,
    1.4,
    2.6,
    2.6,
    2.0,
    2.0,
    2.2,
    3.2,
    2.6,
    2.6,
    2.6,
    1.8,
    2.2,
    2.8,
    2.2,
    2.6,
    3.2,
    3.2,
    1.8
  ],
  "gate_trust_rate": 0.9233333333333333,
  "gated_prediction_accuracy": 0.65,
  "signal_accuracy": 0.6666666666666666,
  "tom_belief_accuracy_in_gated": 0.6133333333333333,
  "dp_conflict_rate": 0.32,
  "dp_intervention_rate": 0.32,
  "cell": "het_gsaca",
  "gsaca_detected_structure": "anti_coord",
  "gsaca_oracle_structure": "anti_coord",
  "gsaca_detection_correct": true,
  "gsaca_split_score": 0.06666666666666665,
  "gsaca_warmup_episodes": 5,
  "gsaca_n_observations": 25,
  "wall_time_s": 538.792475938797,
  "config": {
    "game": "deadlock",
    "n_agents": 2,
    "horizon": 5,
    "memory": 2,
    "models_homo": "Qwen/Qwen2.5-7B-Instruct",
    "temp_homo": 0.7,
    "tom_order": 1,
    "seed": 44,
    "cell_name": "het_gsaca",
    "homogeneous": false,
    "use_tom": true,
    "use_talk": true,
    "adaptive_tom": true,
    "gated_talk_tom": true,
    "diversity_preserving_gate": true
  },
  "team_mean_payoff": 1.8466666666666665
}