{
  "perspective_diversity": 0.09419668726789698,
  "cooperation_payoff": 1.4733333333333332,
  "cooperation_payoff_ci": [
    1.1933333333333336,
    1.7666666666666664
  ],
  "equilibrium_convergence": 0.9333333333333333,
  "tom_prediction_accuracy": 0.6,
  "tom_prediction_accuracy_ci": [
    0.5433333333333333,
    0.6534166666666662
  ],
  "n_episodes": 30,
  "action_dist_agent1": [
    0.43333333333333335,
    0.5666666666666667
  ],
  "per_episode_payoffs": [
    2.8,
    0.0,
    1.6,
    2.0,
    2.0,
    1.4,
    1.2,
    0.6,
    1.4,
    2.8,
    1.6,
    1.2,
    1.2,
    1.6,
    1.0,
    0.4,
    0.0,
    1.4,
    0.8,
    1.2,
    2.6,
    2.8,
    2.8,
    0.6,
    2.0,
    2.0,
    1.8,
    2.0,
    0.6,
    0.8
  ],
  "gate_trust_rate": 0.82,
  "gated_prediction_accuracy": 0.62,
  "signal_accuracy": 0.6266666666666667,
  "tom_belief_accuracy_in_gated": 0.6,
  "dp_conflict_rate": 0.36,
  "dp_intervention_rate": 0.36,
  "cell": "het_dp_gated_atom_talk",
  "wall_time_s": 462.9866554737091,
  "config": {
    "game": "hawk_dove",
    "n_agents": 2,
    "horizon": 5,
    "memory": 2,
    "models_homo": "Qwen/Qwen2.5-7B-Instruct",
    "temp_homo": 0.7,
    "tom_order": 1,
    "seed": 42,
    "cell_name": "het_dp_gated_atom_talk",
    "homogeneous": false,
    "use_tom": true,
    "use_talk": true,
    "adaptive_tom": true,
    "gated_talk_tom": true,
    "diversity_preserving_gate": true
  },
  "team_mean_payoff": 1.1533333333333335
}