{
  "perspective_diversity": 0.24822306313661613,
  "cooperation_payoff": 2.466666666666667,
  "cooperation_payoff_ci": [
    2.2933333333333334,
    2.6466666666666665
  ],
  "equilibrium_convergence": 0.9466666666666668,
  "tom_prediction_accuracy": 0.63,
  "tom_prediction_accuracy_ci": [
    0.5766666666666667,
    0.6833333333333333
  ],
  "n_episodes": 30,
  "action_dist_agent1": [
    0.41333333333333333,
    0.5866666666666667
  ],
  "per_episode_payoffs": [
    3.2,
    3.2,
    1.8,
    1.8,
    2.2,
    2.2,
    3.0,
    2.6,
    2.6,
    1.6,
    2.6,
    2.6,
    3.2,
    3.2,
    2.2,
    2.6,
    2.0,
    2.4,
    1.4,
    2.4,
    3.2,
    2.6,
    3.2,
    2.6,
    2.0,
    2.4,
    2.6,
    2.6,
    2.2,
    1.8
  ],
  "gate_trust_rate": 0.87,
  "gated_prediction_accuracy": 0.6533333333333333,
  "signal_accuracy": 0.6366666666666667,
  "tom_belief_accuracy_in_gated": 0.63,
  "dp_conflict_rate": 0.34,
  "dp_intervention_rate": 0.34,
  "cell": "het_hist_split",
  "wall_time_s": 539.3003323078156,
  "config": {
    "game": "deadlock",
    "n_agents": 2,
    "horizon": 5,
    "memory": 2,
    "models_homo": "Qwen/Qwen2.5-7B-Instruct",
    "temp_homo": 0.7,
    "tom_order": 1,
    "seed": 45,
    "cell_name": "het_hist_split",
    "gate_trust_threshold": 0.6,
    "gate_ema_alpha": 0.3,
    "atom_warmup": 3,
    "homogeneous": false,
    "use_tom": true,
    "use_talk": true,
    "adaptive_tom": true,
    "gated_talk_tom": true,
    "diversity_preserving_gate": true,
    "history_split_hint": true
  },
  "team_mean_payoff": 1.7999999999999998
}