{
  "perspective_diversity": 0.4432583697026713,
  "cooperation_payoff": 3.2466666666666657,
  "cooperation_payoff_ci": [
    2.853333333333332,
    3.6333333333333324
  ],
  "equilibrium_convergence": 0.96,
  "tom_prediction_accuracy": 0.6833333333333333,
  "tom_prediction_accuracy_ci": [
    0.63,
    0.7333333333333333
  ],
  "n_episodes": 30,
  "action_dist_agent1": [
    0.2733333333333333,
    0.7266666666666667
  ],
  "per_episode_payoffs": [
    2.6,
    2.6,
    1.0,
    4.6,
    2.0,
    3.6,
    3.6,
    3.6,
    4.2,
    2.6,
    4.6,
    2.6,
    4.6,
    2.6,
    2.6,
    4.6,
    4.6,
    4.6,
    2.2,
    4.6,
    3.6,
    1.8,
    4.6,
    4.6,
    2.6,
    2.6,
    1.8,
    1.8,
    3.6,
    2.4
  ],
  "gate_trust_rate": 0.93,
  "gated_prediction_accuracy": 0.68,
  "signal_accuracy": 0.6766666666666666,
  "tom_belief_accuracy_in_gated": 0.6833333333333333,
  "dp_conflict_rate": 0.20666666666666667,
  "dp_intervention_rate": 0.20666666666666667,
  "cell": "het_hist_split",
  "wall_time_s": 597.1184730529785,
  "config": {
    "game": "chicken",
    "n_agents": 2,
    "horizon": 5,
    "memory": 2,
    "models_homo": "Qwen/Qwen2.5-7B-Instruct",
    "temp_homo": 0.7,
    "tom_order": 1,
    "seed": 43,
    "cell_name": "het_hist_split",
    "gate_trust_threshold": 0.6,
    "gate_ema_alpha": 0.3,
    "atom_warmup": 3,
    "homogeneous": false,
    "use_tom": true,
    "use_talk": true,
    "adaptive_tom": true,
    "gated_talk_tom": true,
    "diversity_preserving_gate": true,
    "history_split_hint": true
  },
  "team_mean_payoff": 2.3400000000000003
}