{
  "perspective_diversity": 0.4377348205284588,
  "cooperation_payoff": 3.2066666666666666,
  "cooperation_payoff_ci": [
    2.8733333333333326,
    3.526666666666665
  ],
  "equilibrium_convergence": 0.9733333333333333,
  "tom_prediction_accuracy": 0.6833333333333333,
  "tom_prediction_accuracy_ci": [
    0.63,
    0.7333333333333333
  ],
  "n_episodes": 30,
  "action_dist_agent1": [
    0.25333333333333335,
    0.7466666666666667
  ],
  "per_episode_payoffs": [
    2.0,
    4.6,
    2.6,
    3.0,
    3.6,
    2.8,
    4.6,
    2.6,
    4.6,
    4.6,
    3.6,
    2.6,
    2.6,
    3.6,
    2.6,
    2.6,
    3.2,
    1.8,
    1.6,
    3.6,
    3.6,
    2.6,
    4.6,
    3.6,
    4.2,
    3.6,
    2.4,
    2.2,
    4.6,
    2.0
  ],
  "gate_trust_rate": 0.9166666666666666,
  "gated_prediction_accuracy": 0.7033333333333334,
  "signal_accuracy": 0.6866666666666666,
  "tom_belief_accuracy_in_gated": 0.6833333333333333,
  "dp_conflict_rate": 0.25666666666666665,
  "dp_intervention_rate": 0.25666666666666665,
  "cell": "het_gsaca",
  "gsaca_detected_structure": "anti_coord",
  "gsaca_oracle_structure": "anti_coord",
  "gsaca_detection_correct": true,
  "gsaca_split_score": 1.5,
  "gsaca_warmup_episodes": 3,
  "gsaca_n_observations": 15,
  "wall_time_s": 525.533772945404,
  "config": {
    "game": "chicken",
    "n_agents": 2,
    "horizon": 5,
    "memory": 2,
    "models_homo": "Qwen/Qwen2.5-7B-Instruct",
    "temp_homo": 0.7,
    "tom_order": 1,
    "seed": 42,
    "cell_name": "het_gsaca",
    "gate_trust_threshold": 0.6,
    "gate_ema_alpha": 0.3,
    "atom_warmup": 3,
    "homogeneous": false,
    "use_tom": true,
    "use_talk": true,
    "adaptive_tom": true,
    "gated_talk_tom": true,
    "diversity_preserving_gate": true
  },
  "team_mean_payoff": 2.3
}