{
  "perspective_diversity": 0.2817987478591524,
  "cooperation_payoff": 2.506666666666667,
  "cooperation_payoff_ci": [
    2.3133333333333335,
    2.706666666666666
  ],
  "equilibrium_convergence": 0.9333333333333333,
  "tom_prediction_accuracy": 0.6266666666666667,
  "tom_prediction_accuracy_ci": [
    0.5666666666666667,
    0.68
  ],
  "n_episodes": 30,
  "action_dist_agent1": [
    0.46,
    0.54
  ],
  "per_episode_payoffs": [
    2.2,
    2.0,
    3.2,
    2.6,
    3.2,
    2.2,
    1.8,
    2.6,
    3.2,
    2.2,
    2.2,
    2.6,
    2.6,
    1.2,
    2.4,
    2.8,
    1.6,
    2.6,
    3.6,
    2.2,
    1.6,
    2.6,
    3.2,
    2.6,
    3.2,
    3.2,
    2.6,
    3.0,
    2.0,
    2.2
  ],
  "gate_trust_rate": 0.98,
  "gated_prediction_accuracy": 0.7666666666666667,
  "signal_accuracy": 0.7666666666666667,
  "tom_belief_accuracy_in_gated": 0.6266666666666667,
  "dp_conflict_rate": 0.24666666666666667,
  "dp_intervention_rate": 0.24666666666666667,
  "cell": "het_adapt_interv",
  "wall_time_s": 542.6153378486633,
  "config": {
    "game": "deadlock",
    "n_agents": 2,
    "horizon": 5,
    "memory": 2,
    "models_homo": "Qwen/Qwen2.5-7B-Instruct",
    "temp_homo": 0.7,
    "tom_order": 1,
    "seed": 44,
    "cell_name": "het_adapt_interv",
    "gate_trust_threshold": 0.6,
    "gate_ema_alpha": 0.3,
    "atom_warmup": 3,
    "homogeneous": false,
    "use_tom": true,
    "use_talk": true,
    "adaptive_tom": true,
    "gated_talk_tom": true,
    "diversity_preserving_gate": true,
    "adaptive_intervention": true,
    "adaptive_interv_threshold": 0.3
  },
  "team_mean_payoff": 1.8266666666666664
}