{
  "perspective_diversity": 0.4164820594016643,
  "cooperation_payoff": 1.3866666666666672,
  "cooperation_payoff_ci": [
    1.0865000000000002,
    1.6733333333333333
  ],
  "equilibrium_convergence": 0.9600000000000001,
  "tom_prediction_accuracy": 0.6733333333333333,
  "tom_prediction_accuracy_ci": [
    0.62,
    0.7266666666666667
  ],
  "n_episodes": 30,
  "action_dist_agent1": [
    0.8866666666666667,
    0.11333333333333333
  ],
  "per_episode_payoffs": [
    0.6,
    1.6,
    0.0,
    2.2,
    3.0,
    1.6,
    1.8,
    1.0,
    1.8,
    1.8,
    1.8,
    1.8,
    1.2,
    0.6,
    1.2,
    1.2,
    2.2,
    0.6,
    0.0,
    1.8,
    2.8,
    1.6,
    1.2,
    0.0,
    2.6,
    0.0,
    2.2,
    0.6,
    1.6,
    1.2
  ],
  "gate_trust_rate": 0.8233333333333334,
  "gated_prediction_accuracy": 0.7066666666666667,
  "signal_accuracy": 0.6966666666666667,
  "tom_belief_accuracy_in_gated": 0.6733333333333333,
  "dp_conflict_rate": 0.3233333333333333,
  "dp_intervention_rate": 0.3233333333333333,
  "cell": "het_dp_gated_atom_talk",
  "wall_time_s": 471.6711118221283,
  "config": {
    "game": "battle_of_the_sexes",
    "n_agents": 2,
    "horizon": 5,
    "memory": 2,
    "models_homo": "Qwen/Qwen2.5-7B-Instruct",
    "temp_homo": 0.7,
    "tom_order": 1,
    "seed": 43,
    "cell_name": "het_dp_gated_atom_talk",
    "gate_trust_threshold": 0.75,
    "gate_ema_alpha": 0.3,
    "atom_warmup": 3,
    "homogeneous": false,
    "use_tom": true,
    "use_talk": true,
    "adaptive_tom": true,
    "gated_talk_tom": true,
    "diversity_preserving_gate": true
  },
  "team_mean_payoff": 1.2166666666666666
}