{
  "perspective_diversity": 0.2564976597134241,
  "cooperation_payoff": 2.907371577332285,
  "cooperation_payoff_ci": [
    2.4030252617805714,
    3.413298979047894
  ],
  "equilibrium_convergence": 0.9733333333333334,
  "tom_prediction_accuracy": 0.67,
  "tom_prediction_accuracy_ci": [
    0.6166666666666667,
    0.72
  ],
  "n_episodes": 30,
  "action_dist_agent1": [
    0.36,
    0.64
  ],
  "per_episode_payoffs": [
    5.841425856926728,
    5.520994330418021,
    5.574267604222468,
    2.0904080091071564,
    -0.1996699300387176,
    3.8377865633105737,
    2.235836923408619,
    2.0176350089551667,
    3.899865653557056,
    3.9223888478842284,
    3.3700033181201796,
    2.5073568618138635,
    3.206733385591528,
    1.949560203423194,
    4.711592413417598,
    2.687201340067836,
    1.1088958723356768,
    4.101636429460787,
    1.3382877339912425,
    2.640551027353245,
    0.34875148195132744,
    2.097807245029292,
    2.590180718518689,
    3.1661405937336284,
    2.673670346748122,
    3.441268280545432,
    1.4873476285800329,
    1.1745657661391156,
    3.536287874163461,
    4.342369931233011
  ],
  "gate_trust_rate": 0.85,
  "gated_prediction_accuracy": 0.6666666666666666,
  "signal_accuracy": 0.6566666666666666,
  "tom_belief_accuracy_in_gated": 0.67,
  "dp_conflict_rate": 0.3333333333333333,
  "dp_intervention_rate": 0.3333333333333333,
  "cell": "het_gsaca",
  "gsaca_detected_structure": "anti_coord",
  "gsaca_oracle_structure": "anti_coord",
  "gsaca_detection_correct": true,
  "gsaca_split_score": 1.0440061429621708,
  "gsaca_warmup_episodes": 5,
  "gsaca_n_observations": 25,
  "wall_time_s": 447.4167242050171,
  "config": {
    "game": "chicken",
    "n_agents": 2,
    "horizon": 5,
    "memory": 2,
    "models_homo": "Qwen/Qwen2.5-7B-Instruct",
    "temp_homo": 0.7,
    "tom_order": 1,
    "seed": 44,
    "cell_name": "het_gsaca",
    "gate_trust_threshold": 0.6,
    "gate_ema_alpha": 0.3,
    "atom_warmup": 3,
    "homogeneous": false,
    "use_tom": true,
    "use_talk": true,
    "adaptive_tom": true,
    "gated_talk_tom": true,
    "diversity_preserving_gate": true
  },
  "team_mean_payoff": 2.32607247231919
}