{
  "perspective_diversity": 0.07027237898912148,
  "cooperation_payoff": 1.3599999999999997,
  "cooperation_payoff_ci": [
    1.04,
    1.6733333333333333
  ],
  "equilibrium_convergence": 0.8933333333333333,
  "tom_prediction_accuracy": 0.5433333333333333,
  "tom_prediction_accuracy_ci": [
    0.4866666666666667,
    0.6033333333333334
  ],
  "n_episodes": 30,
  "action_dist_agent1": [
    0.38666666666666666,
    0.6133333333333333
  ],
  "per_episode_payoffs": [
    0.8,
    0.8,
    -0.4,
    1.8,
    0.2,
    0.4,
    1.6,
    1.0,
    1.8,
    1.0,
    3.0,
    2.2,
    2.8,
    0.8,
    3.0,
    2.2,
    2.2,
    1.6,
    1.2,
    3.0,
    0.0,
    1.2,
    1.4,
    0.2,
    1.4,
    0.8,
    1.4,
    1.0,
    1.0,
    1.4
  ],
  "gate_trust_rate": 0.7833333333333333,
  "gated_prediction_accuracy": 0.5333333333333333,
  "signal_accuracy": 0.5233333333333333,
  "tom_belief_accuracy_in_gated": 0.5433333333333333,
  "dp_conflict_rate": 0.3466666666666667,
  "dp_intervention_rate": 0.3466666666666667,
  "cell": "het_gated_atom_talk",
  "wall_time_s": 462.8034725189209,
  "config": {
    "game": "hawk_dove",
    "n_agents": 2,
    "horizon": 5,
    "memory": 2,
    "models_homo": "Qwen/Qwen2.5-7B-Instruct",
    "temp_homo": 0.7,
    "tom_order": 1,
    "seed": 46,
    "cell_name": "het_gated_atom_talk",
    "gate_trust_threshold": 0.6,
    "gate_ema_alpha": 0.3,
    "atom_warmup": 3,
    "homogeneous": false,
    "use_tom": true,
    "use_talk": true,
    "adaptive_tom": true,
    "gated_talk_tom": true,
    "diversity_preserving_gate": false
  },
  "team_mean_payoff": 1.0800000000000003
}