{
  "perspective_diversity": 0.3338578690992946,
  "cooperation_payoff": 2.9799999999999995,
  "cooperation_payoff_ci": [
    2.6333333333333333,
    3.3334999999999986
  ],
  "equilibrium_convergence": 0.9733333333333333,
  "tom_prediction_accuracy": 0.6966666666666667,
  "tom_prediction_accuracy_ci": [
    0.6466666666666666,
    0.7466666666666667
  ],
  "n_episodes": 30,
  "action_dist_agent1": [
    0.26666666666666666,
    0.7333333333333333
  ],
  "per_episode_payoffs": [
    3.6,
    2.6,
    2.6,
    2.0,
    1.2,
    4.6,
    3.6,
    2.6,
    2.6,
    3.6,
    3.6,
    4.6,
    4.6,
    1.8,
    4.6,
    3.6,
    2.2,
    3.2,
    3.2,
    2.6,
    3.6,
    4.2,
    3.6,
    2.6,
    2.2,
    2.8,
    2.8,
    1.6,
    2.2,
    0.8
  ],
  "gate_trust_rate": 0.91,
  "gated_prediction_accuracy": 0.6733333333333333,
  "signal_accuracy": 0.6766666666666666,
  "tom_belief_accuracy_in_gated": 0.6966666666666667,
  "dp_conflict_rate": 0.3,
  "dp_intervention_rate": 0.3,
  "cell": "het_dp_gated_atom_talk",
  "wall_time_s": 465.1274256706238,
  "config": {
    "game": "chicken",
    "n_agents": 2,
    "horizon": 5,
    "memory": 2,
    "models_homo": "Qwen/Qwen2.5-7B-Instruct",
    "temp_homo": 0.7,
    "tom_order": 1,
    "seed": 44,
    "cell_name": "het_dp_gated_atom_talk",
    "homogeneous": false,
    "use_tom": true,
    "use_talk": true,
    "adaptive_tom": true,
    "gated_talk_tom": true,
    "diversity_preserving_gate": true
  },
  "team_mean_payoff": 2.1799999999999997
}