{
  "perspective_diversity": 0.009009549462890176,
  "cooperation_payoff": 1.0266666666666666,
  "cooperation_payoff_ci": [
    0.82,
    1.2401666666666658
  ],
  "equilibrium_convergence": 0.8933333333333333,
  "tom_prediction_accuracy": 0.49666666666666665,
  "tom_prediction_accuracy_ci": [
    0.44,
    0.5533333333333333
  ],
  "n_episodes": 30,
  "action_dist_agent1": [
    0.6,
    0.4
  ],
  "per_episode_payoffs": [
    1.0,
    0.8,
    0.0,
    0.8,
    1.4,
    1.4,
    1.4,
    0.8,
    1.6,
    1.0,
    0.6,
    1.2,
    0.6,
    1.0,
    1.2,
    2.2,
    0.8,
    1.2,
    0.2,
    0.6,
    0.8,
    0.8,
    1.4,
    0.4,
    1.4,
    0.6,
    2.4,
    0.6,
    2.2,
    0.4
  ],
  "gate_trust_rate": 0.6,
  "gated_prediction_accuracy": 0.49666666666666665,
  "signal_accuracy": 0.49666666666666665,
  "tom_belief_accuracy_in_gated": 0.49666666666666665,
  "dp_conflict_rate": 0.5866666666666667,
  "dp_intervention_rate": 0.5866666666666667,
  "cell": "hom_gated_atom_talk",
  "wall_time_s": 481.89895462989807,
  "config": {
    "game": "hawk_dove",
    "n_agents": 2,
    "horizon": 5,
    "memory": 2,
    "models_homo": "Qwen/Qwen2.5-7B-Instruct",
    "temp_homo": 0.7,
    "tom_order": 1,
    "seed": 42,
    "cell_name": "hom_gated_atom_talk",
    "gate_trust_threshold": 0.6,
    "gate_ema_alpha": 0.3,
    "atom_warmup": 3,
    "homogeneous": true,
    "use_tom": true,
    "use_talk": true,
    "adaptive_tom": true,
    "gated_talk_tom": true,
    "diversity_preserving_gate": false
  },
  "team_mean_payoff": 1.1266666666666667
}