{
  "perspective_diversity": 0.7698934967040602,
  "cooperation_payoff": 2.5719999999999996,
  "cooperation_payoff_ci": [
    2.550633333333333,
    2.593333333333333
  ],
  "equilibrium_convergence": 0.9333333333333333,
  "tom_prediction_accuracy": 0.7911111111111111,
  "tom_prediction_accuracy_ci": [
    0.7722083333333334,
    0.81
  ],
  "n_episodes": 30,
  "action_dist_agent1": [
    0.9533333333333334,
    0.04666666666666667
  ],
  "per_episode_payoffs": [
    2.52,
    2.64,
    2.64,
    2.68,
    2.6799999999999997,
    2.4400000000000004,
    2.52,
    2.52,
    2.6,
    2.6,
    2.52,
    2.6,
    2.6,
    2.52,
    2.52,
    2.6,
    2.44,
    2.6399999999999997,
    2.6,
    2.6,
    2.6,
    2.6,
    2.6,
    2.6,
    2.6,
    2.52,
    2.52,
    2.52,
    2.52,
    2.6
  ],
  "gate_trust_rate": 0.9366666666666666,
  "gated_prediction_accuracy": 0.7966666666666666,
  "signal_accuracy": 0.86,
  "tom_belief_accuracy_in_gated": 0.6233333333333333,
  "dp_conflict_rate": 0.33666666666666667,
  "dp_intervention_rate": 0.33666666666666667,
  "cell": "het_3arm",
  "gsaca_detected_structure": "coord",
  "gsaca_oracle_structure": "coord",
  "gsaca_detection_correct": true,
  "gsaca_split_score": -0.1772727272727277,
  "gsaca_warmup_episodes": 5,
  "gsaca_n_observations": 25,
  "gsaca_3arm_selected": "Gated",
  "gsaca_3arm_tau": 0.0,
  "wall_time_s": 3959.0777883529663,
  "config": {
    "game": "public_goods",
    "n_agents": 4,
    "horizon": 5,
    "memory": 2,
    "models_homo": "Qwen/Qwen2.5-7B-Instruct",
    "temp_homo": 0.7,
    "tom_order": 1,
    "seed": 43,
    "cell_name": "het_3arm",
    "gate_trust_threshold": 0.6,
    "gate_ema_alpha": 0.3,
    "atom_warmup": 3,
    "homogeneous": false,
    "use_tom": true,
    "use_talk": true,
    "adaptive_tom": true,
    "gated_talk_tom": true,
    "diversity_preserving_gate": true
  },
  "team_mean_payoff": 2.5719999999999987
}