{
  "perspective_diversity": 0.322016031976416,
  "cooperation_payoff": 2.986666666666666,
  "cooperation_payoff_ci": [
    2.566666666666667,
    3.42
  ],
  "equilibrium_convergence": 0.92,
  "tom_prediction_accuracy": 0.63,
  "tom_prediction_accuracy_ci": [
    0.5766666666666667,
    0.6833333333333333
  ],
  "n_episodes": 30,
  "action_dist_agent1": [
    0.26666666666666666,
    0.7333333333333333
  ],
  "per_episode_payoffs": [
    3.6,
    2.2,
    4.2,
    3.6,
    2.0,
    3.4,
    1.8,
    4.6,
    1.8,
    1.6,
    3.6,
    1.8,
    3.2,
    2.6,
    1.8,
    4.6,
    4.6,
    4.6,
    2.6,
    2.6,
    4.6,
    1.6,
    2.2,
    2.6,
    1.8,
    0.6,
    4.6,
    5.0,
    2.6,
    3.2
  ],
  "gate_trust_rate": 0.8733333333333333,
  "gated_prediction_accuracy": 0.63,
  "signal_accuracy": 0.6433333333333333,
  "tom_belief_accuracy_in_gated": 0.63,
  "dp_conflict_rate": 0.2866666666666667,
  "dp_intervention_rate": 0.2866666666666667,
  "cell": "het_role_asym",
  "wall_time_s": 584.0525960922241,
  "config": {
    "game": "chicken",
    "n_agents": 2,
    "horizon": 5,
    "memory": 2,
    "models_homo": "Qwen/Qwen2.5-7B-Instruct",
    "temp_homo": 0.7,
    "tom_order": 1,
    "seed": 46,
    "cell_name": "het_role_asym",
    "gate_trust_threshold": 0.6,
    "gate_ema_alpha": 0.3,
    "atom_warmup": 3,
    "homogeneous": false,
    "use_tom": true,
    "use_talk": true,
    "adaptive_tom": true,
    "gated_talk_tom": true,
    "diversity_preserving_gate": true,
    "role_asymmetric_hint": true
  },
  "team_mean_payoff": 2.2
}