{
  "perspective_diversity": 0.10010518415373021,
  "cooperation_payoff": 1.5199999999999998,
  "cooperation_payoff_ci": [
    1.1866666666666665,
    1.8468333333333324
  ],
  "equilibrium_convergence": 0.84,
  "tom_prediction_accuracy": 0.5966666666666667,
  "tom_prediction_accuracy_ci": [
    0.54,
    0.65
  ],
  "n_episodes": 30,
  "action_dist_agent1": [
    0.4266666666666667,
    0.5733333333333334
  ],
  "per_episode_payoffs": [
    0.8,
    2.8,
    2.8,
    0.8,
    1.4,
    1.8,
    2.4,
    0.0,
    1.2,
    0.8,
    1.8,
    1.6,
    2.8,
    2.8,
    2.8,
    0.8,
    1.2,
    1.6,
    0.2,
    2.8,
    1.0,
    0.0,
    1.0,
    1.4,
    2.4,
    0.8,
    2.6,
    1.0,
    2.0,
    0.2
  ],
  "gate_trust_rate": 0.85,
  "gated_prediction_accuracy": 0.61,
  "signal_accuracy": 0.62,
  "tom_belief_accuracy_in_gated": 0.5966666666666667,
  "dp_conflict_rate": 0.3233333333333333,
  "dp_intervention_rate": 0.3233333333333333,
  "cell": "het_dp_gated_atom_talk",
  "wall_time_s": 468.547563791275,
  "config": {
    "game": "hawk_dove",
    "n_agents": 2,
    "horizon": 5,
    "memory": 2,
    "models_homo": "Qwen/Qwen2.5-7B-Instruct",
    "temp_homo": 0.7,
    "tom_order": 1,
    "seed": 54,
    "cell_name": "het_dp_gated_atom_talk",
    "gate_trust_threshold": 0.6,
    "gate_ema_alpha": 0.3,
    "atom_warmup": 3,
    "homogeneous": false,
    "use_tom": true,
    "use_talk": true,
    "adaptive_tom": true,
    "gated_talk_tom": true,
    "diversity_preserving_gate": true
  },
  "team_mean_payoff": 1.1900000000000004
}