{
  "perspective_diversity": 0.36899259858105904,
  "cooperation_payoff": 2.9799999999999995,
  "cooperation_payoff_ci": [
    2.5999999999999996,
    3.3599999999999994
  ],
  "equilibrium_convergence": 0.9866666666666667,
  "tom_prediction_accuracy": 0.66,
  "tom_prediction_accuracy_ci": [
    0.6033333333333334,
    0.7166666666666667
  ],
  "n_episodes": 30,
  "action_dist_agent1": [
    0.24666666666666667,
    0.7533333333333333
  ],
  "per_episode_payoffs": [
    2.4,
    4.2,
    3.2,
    2.6,
    4.6,
    2.6,
    3.6,
    3.6,
    3.6,
    4.6,
    3.0,
    0.8,
    2.2,
    0.6,
    2.6,
    1.6,
    3.6,
    3.6,
    4.2,
    5.0,
    2.6,
    3.6,
    3.6,
    2.2,
    2.6,
    2.6,
    2.2,
    2.0,
    2.2,
    3.6
  ],
  "gate_trust_rate": 0.82,
  "gated_prediction_accuracy": 0.65,
  "signal_accuracy": 0.6433333333333333,
  "tom_belief_accuracy_in_gated": 0.66,
  "dp_conflict_rate": 0.23666666666666666,
  "dp_intervention_rate": 0.23666666666666666,
  "cell": "het_dp_gated_atom_talk",
  "wall_time_s": 576.4390461444855,
  "config": {
    "game": "chicken",
    "n_agents": 2,
    "horizon": 5,
    "memory": 2,
    "models_homo": "Qwen/Qwen2.5-7B-Instruct",
    "temp_homo": 0.7,
    "tom_order": 1,
    "seed": 46,
    "cell_name": "het_dp_gated_atom_talk",
    "gate_trust_threshold": 0.75,
    "gate_ema_alpha": 0.3,
    "atom_warmup": 3,
    "homogeneous": false,
    "use_tom": true,
    "use_talk": true,
    "adaptive_tom": true,
    "gated_talk_tom": true,
    "diversity_preserving_gate": true
  },
  "team_mean_payoff": 2.1399999999999997
}