{
  "perspective_diversity": 0.6431974045686479,
  "cooperation_payoff": 3.479999999999999,
  "cooperation_payoff_ci": [
    3.1266666666666665,
    3.839999999999999
  ],
  "equilibrium_convergence": 1.0,
  "tom_prediction_accuracy": 0.7133333333333334,
  "tom_prediction_accuracy_ci": [
    0.6633333333333333,
    0.7634166666666662
  ],
  "n_episodes": 30,
  "action_dist_agent1": [
    0.21333333333333335,
    0.7866666666666666
  ],
  "per_episode_payoffs": [
    2.8,
    3.2,
    2.6,
    4.6,
    1.2,
    4.6,
    3.6,
    2.2,
    3.6,
    3.6,
    4.6,
    4.2,
    2.2,
    3.0,
    3.2,
    4.6,
    2.6,
    5.0,
    3.6,
    4.6,
    2.6,
    3.2,
    2.2,
    3.6,
    4.6,
    2.2,
    4.6,
    4.6,
    3.6,
    3.6
  ],
  "gate_trust_rate": 0.8966666666666666,
  "gated_prediction_accuracy": 0.7066666666666667,
  "signal_accuracy": 0.69,
  "tom_belief_accuracy_in_gated": 0.7133333333333334,
  "dp_conflict_rate": 0.2633333333333333,
  "dp_intervention_rate": 0.2633333333333333,
  "cell": "het_gsaca",
  "gsaca_detected_structure": "anti_coord",
  "gsaca_oracle_structure": "anti_coord",
  "gsaca_detection_correct": true,
  "gsaca_split_score": 2.1,
  "gsaca_warmup_episodes": 5,
  "gsaca_n_observations": 25,
  "wall_time_s": 492.0446195602417,
  "config": {
    "game": "chicken",
    "n_agents": 2,
    "horizon": 5,
    "memory": 2,
    "models_homo": "Qwen/Qwen2.5-7B-Instruct",
    "temp_homo": 0.7,
    "tom_order": 1,
    "seed": 55,
    "cell_name": "het_gsaca",
    "gate_trust_threshold": 0.6,
    "gate_ema_alpha": 0.3,
    "atom_warmup": 3,
    "homogeneous": false,
    "use_tom": true,
    "use_talk": true,
    "adaptive_tom": true,
    "gated_talk_tom": true,
    "diversity_preserving_gate": true
  },
  "team_mean_payoff": 2.4
}