{
  "perspective_diversity": 0.0017235576673258653,
  "cooperation_payoff": 2.4466666666666668,
  "cooperation_payoff_ci": [
    2.213333333333333,
    2.653333333333333
  ],
  "equilibrium_convergence": 0.96,
  "tom_prediction_accuracy": 0.7566666666666667,
  "tom_prediction_accuracy_ci": [
    0.7066666666666667,
    0.8033333333333333
  ],
  "n_episodes": 30,
  "action_dist_agent1": [
    0.7266666666666667,
    0.2733333333333333
  ],
  "per_episode_payoffs": [
    2.8,
    2.8,
    2.8,
    2.2,
    1.6,
    3.0,
    3.0,
    1.8,
    2.8,
    2.8,
    2.2,
    1.6,
    2.8,
    2.8,
    2.8,
    0.8,
    2.6,
    2.8,
    2.8,
    2.8,
    1.0,
    1.6,
    2.8,
    2.2,
    2.6,
    3.0,
    2.8,
    2.8,
    3.0,
    2.0
  ],
  "gate_trust_rate": 0.9833333333333333,
  "gated_prediction_accuracy": 0.9166666666666666,
  "signal_accuracy": 0.92,
  "tom_belief_accuracy_in_gated": 0.7566666666666667,
  "dp_conflict_rate": 0.24333333333333335,
  "dp_intervention_rate": 0.24333333333333335,
  "cell": "het_gated_atom_talk",
  "wall_time_s": 565.2026906013489,
  "config": {
    "game": "battle_of_the_sexes",
    "n_agents": 2,
    "horizon": 5,
    "memory": 2,
    "models_homo": "Qwen/Qwen2.5-7B-Instruct",
    "temp_homo": 0.7,
    "tom_order": 1,
    "seed": 46,
    "cell_name": "het_gated_atom_talk",
    "gate_trust_threshold": 0.6,
    "gate_ema_alpha": 0.3,
    "atom_warmup": 3,
    "homogeneous": false,
    "use_tom": true,
    "use_talk": true,
    "adaptive_tom": true,
    "gated_talk_tom": true,
    "diversity_preserving_gate": false
  },
  "team_mean_payoff": 2.2333333333333334
}