{
  "perspective_diversity": 0.5337226727096304,
  "cooperation_payoff": 2.5780000000000003,
  "cooperation_payoff_ci": [
    2.5540000000000007,
    2.6000000000000005
  ],
  "equilibrium_convergence": 0.94,
  "tom_prediction_accuracy": 0.8258333333333333,
  "tom_prediction_accuracy_ci": [
    0.805,
    0.8466666666666667
  ],
  "n_episodes": 20,
  "action_dist_agent1": [
    0.97,
    0.03
  ],
  "per_episode_payoffs": [
    2.52,
    2.7199999999999998,
    2.6399999999999997,
    2.6,
    2.5200000000000005,
    2.6,
    2.6,
    2.6,
    2.48,
    2.6,
    2.52,
    2.6,
    2.5200000000000005,
    2.52,
    2.52,
    2.6,
    2.6,
    2.6,
    2.6,
    2.6
  ],
  "gate_trust_rate": 0.9722222222222222,
  "gated_prediction_accuracy": 0.8888888888888888,
  "signal_accuracy": 0.9166666666666666,
  "tom_belief_accuracy_in_gated": 0.7,
  "dp_conflict_rate": 0.2388888888888889,
  "dp_intervention_rate": 0.2388888888888889,
  "cell": "het_gsaca",
  "gsaca_detected_structure": "coord",
  "gsaca_oracle_structure": "coord",
  "gsaca_detection_correct": true,
  "gsaca_split_score": -0.15000000000000036,
  "gsaca_warmup_episodes": 3,
  "gsaca_n_observations": 15,
  "wall_time_s": 2661.844094276428,
  "config": {
    "game": "public_goods",
    "n_agents": 4,
    "horizon": 5,
    "memory": 2,
    "models_homo": "Qwen/Qwen2.5-7B-Instruct",
    "temp_homo": 0.7,
    "tom_order": 1,
    "seed": 61,
    "cell_name": "het_gsaca",
    "gate_trust_threshold": 0.6,
    "gate_ema_alpha": 0.3,
    "atom_warmup": 3,
    "homogeneous": false,
    "use_tom": true,
    "use_talk": true,
    "adaptive_tom": true,
    "gated_talk_tom": true,
    "diversity_preserving_gate": true
  },
  "team_mean_payoff": 2.5805
}