{
  "perspective_diversity": 0.1139729930804356,
  "cooperation_payoff": 1.6533333333333333,
  "cooperation_payoff_ci": [
    1.3598333333333337,
    1.9399999999999997
  ],
  "equilibrium_convergence": 0.8933333333333333,
  "tom_prediction_accuracy": 0.61,
  "tom_prediction_accuracy_ci": [
    0.5533333333333333,
    0.6633333333333333
  ],
  "n_episodes": 30,
  "action_dist_agent1": [
    0.49333333333333335,
    0.5066666666666667
  ],
  "per_episode_payoffs": [
    2.8,
    1.2,
    1.2,
    1.8,
    0.2,
    1.8,
    2.8,
    1.0,
    1.6,
    2.6,
    2.8,
    1.8,
    2.6,
    1.6,
    0.2,
    0.6,
    1.6,
    2.0,
    0.8,
    2.6,
    2.8,
    1.2,
    0.8,
    2.4,
    1.6,
    1.0,
    1.2,
    2.0,
    0.2,
    2.8
  ],
  "gate_trust_rate": 0.8033333333333333,
  "gated_prediction_accuracy": 0.5766666666666667,
  "signal_accuracy": 0.5666666666666667,
  "tom_belief_accuracy_in_gated": 0.61,
  "dp_conflict_rate": 0.33666666666666667,
  "dp_intervention_rate": 0.33666666666666667,
  "cell": "het_gsaca",
  "gsaca_detected_structure": "anti_coord",
  "gsaca_oracle_structure": "anti_coord",
  "gsaca_detection_correct": true,
  "gsaca_split_score": 0.25,
  "gsaca_warmup_episodes": 5,
  "gsaca_n_observations": 25,
  "wall_time_s": 448.5025215148926,
  "config": {
    "game": "hawk_dove",
    "n_agents": 2,
    "horizon": 5,
    "memory": 2,
    "models_homo": "Qwen/Qwen2.5-7B-Instruct",
    "temp_homo": 0.7,
    "tom_order": 1,
    "seed": 44,
    "cell_name": "het_gsaca",
    "homogeneous": false,
    "use_tom": true,
    "use_talk": true,
    "adaptive_tom": true,
    "gated_talk_tom": true,
    "diversity_preserving_gate": true
  },
  "team_mean_payoff": 1.3133333333333335
}