{
  "perspective_diversity": 0.04728563900606603,
  "cooperation_payoff": 1.0466666666666666,
  "cooperation_payoff_ci": [
    0.9199999999999999,
    1.1868333333333325
  ],
  "equilibrium_convergence": 0.9066666666666666,
  "tom_prediction_accuracy": 0.4533333333333333,
  "tom_prediction_accuracy_ci": [
    0.39666666666666667,
    0.5066666666666667
  ],
  "n_episodes": 30,
  "action_dist_agent1": [
    0.4066666666666667,
    0.5933333333333334
  ],
  "per_episode_payoffs": [
    0.6,
    1.0,
    1.0,
    1.0,
    1.2,
    0.6,
    1.0,
    1.0,
    1.0,
    1.2,
    1.0,
    1.4,
    1.0,
    1.0,
    1.4,
    0.6,
    2.2,
    0.4,
    0.4,
    0.8,
    1.0,
    1.2,
    1.0,
    1.4,
    0.8,
    1.8,
    1.4,
    1.4,
    1.0,
    0.6
  ],
  "gate_trust_rate": 0.5466666666666666,
  "gated_prediction_accuracy": 0.47,
  "signal_accuracy": 0.47,
  "tom_belief_accuracy_in_gated": 0.4533333333333333,
  "dp_conflict_rate": 0.61,
  "dp_intervention_rate": 0.61,
  "cell": "hom_dp_gated_atom_talk",
  "wall_time_s": 492.6646821498871,
  "config": {
    "game": "hawk_dove",
    "n_agents": 2,
    "horizon": 5,
    "memory": 2,
    "models_homo": "Qwen/Qwen2.5-7B-Instruct",
    "temp_homo": 0.7,
    "tom_order": 1,
    "seed": 43,
    "cell_name": "hom_dp_gated_atom_talk",
    "gate_trust_threshold": 0.6,
    "gate_ema_alpha": 0.3,
    "atom_warmup": 3,
    "homogeneous": true,
    "use_tom": true,
    "use_talk": true,
    "adaptive_tom": true,
    "gated_talk_tom": true,
    "diversity_preserving_gate": true
  },
  "team_mean_payoff": 0.8166666666666668
}