{
  "perspective_diversity": 0.0005002948605643005,
  "cooperation_payoff": 2.7066666666666666,
  "cooperation_payoff_ci": [
    2.493333333333333,
    2.906666666666666
  ],
  "equilibrium_convergence": 0.76,
  "tom_prediction_accuracy": 0.7833333333333333,
  "tom_prediction_accuracy_ci": [
    0.7366666666666667,
    0.83
  ],
  "n_episodes": 30,
  "action_dist_agent1": [
    0.76,
    0.24
  ],
  "per_episode_payoffs": [
    2.2,
    1.8,
    3.4,
    3.6,
    3.0,
    3.0,
    2.6,
    2.6,
    3.0,
    2.8,
    3.0,
    1.6,
    2.2,
    1.2,
    3.8,
    2.6,
    2.2,
    3.0,
    3.0,
    3.0,
    3.0,
    3.0,
    3.0,
    3.0,
    3.0,
    2.0,
    2.4,
    2.2,
    3.0,
    3.0
  ],
  "gate_trust_rate": 0.91,
  "gated_prediction_accuracy": 0.7766666666666666,
  "signal_accuracy": 0.78,
  "tom_belief_accuracy_in_gated": 0.7833333333333333,
  "dp_conflict_rate": 0.2833333333333333,
  "dp_intervention_rate": 0.2833333333333333,
  "cell": "hom_gated_atom_talk",
  "wall_time_s": 721.3650777339935,
  "config": {
    "game": "chicken",
    "n_agents": 2,
    "horizon": 5,
    "memory": 2,
    "models_homo": "THUDM/GLM-4-9B-0414",
    "temp_homo": 0.7,
    "tom_order": 1,
    "seed": 46,
    "cell_name": "hom_gated_atom_talk",
    "gate_trust_threshold": 0.6,
    "gate_ema_alpha": 0.3,
    "atom_warmup": 3,
    "homogeneous": true,
    "use_tom": true,
    "use_talk": true,
    "adaptive_tom": true,
    "gated_talk_tom": true,
    "diversity_preserving_gate": false
  },
  "team_mean_payoff": 2.68
}