{
  "perspective_diversity": 0.10412959716312314,
  "cooperation_payoff": 2.6100000000000003,
  "cooperation_payoff_ci": [
    2.5880000000000005,
    2.63
  ],
  "equilibrium_convergence": 0.9,
  "tom_prediction_accuracy": 0.7508333333333334,
  "tom_prediction_accuracy_ci": [
    0.7266666666666667,
    0.7766666666666666
  ],
  "n_episodes": 20,
  "action_dist_agent1": [
    0.89,
    0.11
  ],
  "per_episode_payoffs": [
    2.6399999999999997,
    2.48,
    2.6399999999999997,
    2.7199999999999998,
    2.6,
    2.6,
    2.6,
    2.64,
    2.6399999999999997,
    2.6,
    2.64,
    2.52,
    2.6,
    2.6399999999999997,
    2.6,
    2.6,
    2.6,
    2.6,
    2.6399999999999997,
    2.6
  ],
  "gate_trust_rate": 0.9775,
  "gated_prediction_accuracy": 0.9033333333333333,
  "signal_accuracy": 0.9225,
  "tom_belief_accuracy_in_gated": 0.7508333333333334,
  "dp_conflict_rate": 0.22666666666666666,
  "dp_intervention_rate": 0.22666666666666666,
  "cell": "het_gated_atom_talk",
  "wall_time_s": 2705.94447350502,
  "config": {
    "game": "public_goods",
    "n_agents": 4,
    "horizon": 5,
    "memory": 2,
    "models_homo": "Qwen/Qwen2.5-7B-Instruct",
    "temp_homo": 0.7,
    "tom_order": 1,
    "seed": 55,
    "cell_name": "het_gated_atom_talk",
    "gate_trust_threshold": 0.6,
    "gate_ema_alpha": 0.3,
    "atom_warmup": 3,
    "homogeneous": false,
    "use_tom": true,
    "use_talk": true,
    "adaptive_tom": true,
    "gated_talk_tom": true,
    "diversity_preserving_gate": false
  },
  "team_mean_payoff": 2.5625
}