{
  "perspective_diversity": 0.04728343039468341,
  "cooperation_payoff": 2.41123362745079,
  "cooperation_payoff_ci": [
    2.1886955936420525,
    2.6245343061199273
  ],
  "equilibrium_convergence": 0.9400000000000001,
  "tom_prediction_accuracy": 0.7866666666666666,
  "tom_prediction_accuracy_ci": [
    0.7641666666666667,
    0.8083333333333333
  ],
  "n_episodes": 20,
  "action_dist_agent1": [
    0.93,
    0.07
  ],
  "per_episode_payoffs": [
    2.9206899608803134,
    1.5295890767124933,
    1.3807737104968818,
    2.672888710709495,
    2.7867313989640357,
    2.30254759931171,
    2.599405013988098,
    2.4743097251055524,
    2.7071423482008243,
    2.612905364430836,
    2.1732588637745973,
    2.1030091504001485,
    2.612628012612524,
    1.1980227697967332,
    2.6055744230633486,
    2.8113845890739384,
    2.0162675517920676,
    2.795688425947452,
    3.1119036530706286,
    2.8099522006841258
  ],
  "gate_trust_rate": 0.85,
  "gated_prediction_accuracy": 0.6166666666666667,
  "signal_accuracy": 0.7333333333333333,
  "tom_belief_accuracy_in_gated": 0.5777777777777777,
  "dp_conflict_rate": 0.4222222222222222,
  "dp_intervention_rate": 0.4222222222222222,
  "cell": "het_gsaca",
  "gsaca_detected_structure": "coord",
  "gsaca_oracle_structure": "coord",
  "gsaca_detection_correct": true,
  "gsaca_split_score": -0.2880330079090614,
  "gsaca_warmup_episodes": 3,
  "gsaca_n_observations": 15,
  "wall_time_s": 2866.4588298797607,
  "config": {
    "game": "public_goods",
    "n_agents": 4,
    "horizon": 5,
    "memory": 2,
    "models_homo": "Qwen/Qwen2.5-7B-Instruct",
    "temp_homo": 0.7,
    "tom_order": 1,
    "seed": 46,
    "cell_name": "het_gsaca",
    "gate_trust_threshold": 0.6,
    "gate_ema_alpha": 0.3,
    "atom_warmup": 3,
    "homogeneous": false,
    "use_tom": true,
    "use_talk": true,
    "adaptive_tom": true,
    "gated_talk_tom": true,
    "diversity_preserving_gate": true
  },
  "team_mean_payoff": 2.5423410605752776
}