{
  "perspective_diversity": 0.10724385645083638,
  "cooperation_payoff": 2.6320000000000006,
  "cooperation_payoff_ci": [
    2.5880000000000005,
    2.6800000000000006
  ],
  "equilibrium_convergence": 0.9600000000000001,
  "tom_prediction_accuracy": 0.6933333333333334,
  "tom_prediction_accuracy_ci": [
    0.6675,
    0.7191874999999999
  ],
  "n_episodes": 20,
  "action_dist_agent1": [
    0.82,
    0.18
  ],
  "per_episode_payoffs": [
    2.52,
    2.52,
    2.6399999999999997,
    2.6399999999999997,
    2.48,
    2.7199999999999998,
    2.76,
    2.5599999999999996,
    2.88,
    2.6,
    2.88,
    2.6,
    2.6399999999999997,
    2.6,
    2.6399999999999997,
    2.6,
    2.64,
    2.64,
    2.4800000000000004,
    2.6
  ],
  "gate_trust_rate": 0.975,
  "gated_prediction_accuracy": 0.86,
  "signal_accuracy": 0.885,
  "tom_belief_accuracy_in_gated": 0.6933333333333334,
  "dp_conflict_rate": 0.27666666666666667,
  "dp_intervention_rate": 0.27666666666666667,
  "cell": "het_gated_atom_talk",
  "wall_time_s": 2735.8857760429382,
  "config": {
    "game": "public_goods",
    "n_agents": 4,
    "horizon": 5,
    "memory": 2,
    "models_homo": "Qwen/Qwen2.5-7B-Instruct",
    "temp_homo": 0.7,
    "tom_order": 1,
    "seed": 60,
    "cell_name": "het_gated_atom_talk",
    "gate_trust_threshold": 0.6,
    "gate_ema_alpha": 0.3,
    "atom_warmup": 3,
    "homogeneous": false,
    "use_tom": true,
    "use_talk": true,
    "adaptive_tom": true,
    "gated_talk_tom": true,
    "diversity_preserving_gate": false
  },
  "team_mean_payoff": 2.5445
}