{
  "perspective_diversity": 0.08396210193623727,
  "cooperation_payoff": 2.5580000000000003,
  "cooperation_payoff_ci": [
    2.4940000000000007,
    2.624
  ],
  "equilibrium_convergence": 0.98,
  "tom_prediction_accuracy": NaN,
  "tom_prediction_accuracy_ci": [
    NaN,
    NaN
  ],
  "n_episodes": 20,
  "action_dist_agent1": [
    0.59,
    0.41
  ],
  "per_episode_payoffs": [
    2.3600000000000003,
    2.4400000000000004,
    2.6,
    2.76,
    2.5200000000000005,
    2.8400000000000003,
    2.44,
    2.6399999999999997,
    2.6,
    2.5200000000000005,
    2.56,
    2.8400000000000003,
    2.5200000000000005,
    2.5599999999999996,
    2.44,
    2.5200000000000005,
    2.2400000000000007,
    2.5200000000000005,
    2.52,
    2.72
  ],
  "gate_trust_rate": NaN,
  "gated_prediction_accuracy": NaN,
  "signal_accuracy": NaN,
  "tom_belief_accuracy_in_gated": NaN,
  "dp_conflict_rate": NaN,
  "dp_intervention_rate": NaN,
  "cell": "het_notom",
  "wall_time_s": 70.168785572052,
  "config": {
    "game": "public_goods",
    "n_agents": 4,
    "horizon": 5,
    "memory": 2,
    "models_homo": "Qwen/Qwen2.5-7B-Instruct",
    "temp_homo": 0.7,
    "tom_order": 1,
    "seed": 43,
    "cell_name": "het_notom",
    "homogeneous": false,
    "use_tom": false,
    "use_talk": false,
    "adaptive_tom": false
  },
  "team_mean_payoff": 2.4305000000000003
}