{
  "perspective_diversity": 9.00928436448848e-05,
  "cooperation_payoff": 1.7733333333333337,
  "cooperation_payoff_ci": [
    1.586666666666667,
    1.9468333333333325
  ],
  "equilibrium_convergence": 0.9066666666666667,
  "tom_prediction_accuracy": 0.5733333333333334,
  "tom_prediction_accuracy_ci": [
    0.5166666666666667,
    0.63
  ],
  "n_episodes": 30,
  "action_dist_agent1": [
    0.5533333333333333,
    0.44666666666666666
  ],
  "per_episode_payoffs": [
    1.2,
    1.4,
    1.8,
    2.4,
    1.4,
    1.6,
    2.0,
    1.2,
    1.8,
    0.8,
    2.0,
    1.6,
    2.2,
    1.8,
    2.4,
    1.8,
    2.0,
    1.2,
    3.0,
    2.2,
    2.2,
    1.4,
    2.0,
    1.6,
    2.6,
    1.0,
    2.2,
    1.2,
    1.2,
    2.0
  ],
  "gate_trust_rate": 0.8366666666666667,
  "gated_prediction_accuracy": 0.6533333333333333,
  "signal_accuracy": 0.6766666666666666,
  "tom_belief_accuracy_in_gated": 0.5733333333333334,
  "dp_conflict_rate": 0.47,
  "dp_intervention_rate": 0.47,
  "cell": "hom_gsaca",
  "gsaca_detected_structure": "anti_coord",
  "gsaca_oracle_structure": "anti_coord",
  "gsaca_detection_correct": true,
  "gsaca_split_score": 0.33333333333333326,
  "gsaca_warmup_episodes": 5,
  "gsaca_n_observations": 25,
  "wall_time_s": 469.47557854652405,
  "config": {
    "game": "deadlock",
    "n_agents": 2,
    "horizon": 5,
    "memory": 2,
    "models_homo": "Qwen/Qwen2.5-7B-Instruct",
    "temp_homo": 0.7,
    "tom_order": 1,
    "seed": 46,
    "cell_name": "hom_gsaca",
    "gate_trust_threshold": 0.6,
    "gate_ema_alpha": 0.3,
    "atom_warmup": 3,
    "homogeneous": true,
    "use_tom": true,
    "use_talk": true,
    "adaptive_tom": true,
    "gated_talk_tom": true,
    "diversity_preserving_gate": true
  },
  "team_mean_payoff": 1.76
}