{
  "perspective_diversity": 0.2188738385262817,
  "cooperation_payoff": 2.7733333333333325,
  "cooperation_payoff_ci": [
    2.4133333333333336,
    3.173333333333332
  ],
  "equilibrium_convergence": 1.0,
  "tom_prediction_accuracy": 0.6366666666666667,
  "tom_prediction_accuracy_ci": [
    0.5833333333333334,
    0.6900833333333328
  ],
  "n_episodes": 30,
  "action_dist_agent1": [
    0.29333333333333333,
    0.7066666666666667
  ],
  "per_episode_payoffs": [
    4.6,
    1.6,
    2.0,
    1.6,
    2.2,
    2.6,
    4.6,
    4.6,
    2.6,
    2.6,
    2.2,
    3.8,
    4.6,
    2.2,
    2.2,
    2.2,
    4.6,
    1.8,
    3.2,
    3.6,
    1.8,
    2.2,
    1.6,
    3.6,
    2.0,
    2.2,
    1.6,
    3.6,
    1.6,
    3.6
  ],
  "gate_trust_rate": 0.9166666666666666,
  "gated_prediction_accuracy": 0.67,
  "signal_accuracy": 0.6733333333333333,
  "tom_belief_accuracy_in_gated": 0.6366666666666667,
  "dp_conflict_rate": 0.2633333333333333,
  "dp_intervention_rate": 0.2633333333333333,
  "cell": "het_gsaca",
  "gsaca_detected_structure": "anti_coord",
  "gsaca_oracle_structure": "anti_coord",
  "gsaca_detection_correct": true,
  "gsaca_split_score": 2.1,
  "gsaca_warmup_episodes": 5,
  "gsaca_n_observations": 25,
  "wall_time_s": 488.82893538475037,
  "config": {
    "game": "chicken",
    "n_agents": 2,
    "horizon": 5,
    "memory": 2,
    "models_homo": "Qwen/Qwen2.5-7B-Instruct",
    "temp_homo": 0.7,
    "tom_order": 1,
    "seed": 56,
    "cell_name": "het_gsaca",
    "gate_trust_threshold": 0.6,
    "gate_ema_alpha": 0.3,
    "atom_warmup": 3,
    "homogeneous": false,
    "use_tom": true,
    "use_talk": true,
    "adaptive_tom": true,
    "gated_talk_tom": true,
    "diversity_preserving_gate": true
  },
  "team_mean_payoff": 2.12
}