{
  "perspective_diversity": 0.06393376583561688,
  "cooperation_payoff": 2.588,
  "cooperation_payoff_ci": [
    2.55395,
    2.62205
  ],
  "equilibrium_convergence": 0.9600000000000001,
  "tom_prediction_accuracy": 0.6716666666666666,
  "tom_prediction_accuracy_ci": [
    0.6449791666666668,
    0.6966666666666667
  ],
  "n_episodes": 20,
  "action_dist_agent1": [
    0.8,
    0.2
  ],
  "per_episode_payoffs": [
    2.5200000000000005,
    2.56,
    2.6399999999999997,
    2.6399999999999997,
    2.4400000000000004,
    2.7199999999999998,
    2.7199999999999998,
    2.56,
    2.72,
    2.6000000000000005,
    2.56,
    2.4800000000000004,
    2.6,
    2.56,
    2.72,
    2.56,
    2.52,
    2.64,
    2.44,
    2.56
  ],
  "gate_trust_rate": 0.9566666666666667,
  "gated_prediction_accuracy": 0.8191666666666667,
  "signal_accuracy": 0.8575,
  "tom_belief_accuracy_in_gated": 0.6716666666666666,
  "dp_conflict_rate": 0.2725,
  "dp_intervention_rate": 0.2725,
  "cell": "het_dp_gated_atom_talk",
  "wall_time_s": 2746.829010248184,
  "config": {
    "game": "public_goods",
    "n_agents": 4,
    "horizon": 5,
    "memory": 2,
    "models_homo": "Qwen/Qwen2.5-7B-Instruct",
    "temp_homo": 0.7,
    "tom_order": 1,
    "seed": 50,
    "cell_name": "het_dp_gated_atom_talk",
    "gate_trust_threshold": 0.6,
    "gate_ema_alpha": 0.3,
    "atom_warmup": 3,
    "homogeneous": false,
    "use_tom": true,
    "use_talk": true,
    "adaptive_tom": true,
    "gated_talk_tom": true,
    "diversity_preserving_gate": true
  },
  "team_mean_payoff": 2.5205
}