{
  "perspective_diversity": 0.036564179608027825,
  "cooperation_payoff": 2.6933333333333334,
  "cooperation_payoff_ci": [
    2.4466666666666668,
    2.9200000000000004
  ],
  "equilibrium_convergence": 0.8666666666666667,
  "tom_prediction_accuracy": 0.7266666666666667,
  "tom_prediction_accuracy_ci": [
    0.6766666666666666,
    0.7733333333333333
  ],
  "n_episodes": 30,
  "action_dist_agent1": [
    0.5866666666666667,
    0.41333333333333333
  ],
  "per_episode_payoffs": [
    2.0,
    3.0,
    3.0,
    3.0,
    3.2,
    3.0,
    4.0,
    3.2,
    3.0,
    3.0,
    3.0,
    3.2,
    2.4,
    3.0,
    3.2,
    1.4,
    3.2,
    3.0,
    3.0,
    3.0,
    2.4,
    1.2,
    3.0,
    2.2,
    3.0,
    2.2,
    2.0,
    2.0,
    3.0,
    1.0
  ],
  "gate_trust_rate": 0.9233333333333333,
  "gated_prediction_accuracy": 0.7466666666666667,
  "signal_accuracy": 0.73,
  "tom_belief_accuracy_in_gated": 0.7266666666666667,
  "dp_conflict_rate": 0.19666666666666666,
  "dp_intervention_rate": 0.19666666666666666,
  "cell": "het_gated_atom_talk",
  "wall_time_s": 450.7454767227173,
  "config": {
    "game": "chicken",
    "n_agents": 2,
    "horizon": 5,
    "memory": 2,
    "models_homo": "Qwen/Qwen2.5-7B-Instruct",
    "temp_homo": 0.7,
    "tom_order": 1,
    "seed": 52,
    "cell_name": "het_gated_atom_talk",
    "gate_trust_threshold": 0.6,
    "gate_ema_alpha": 0.3,
    "atom_warmup": 3,
    "homogeneous": false,
    "use_tom": true,
    "use_talk": true,
    "adaptive_tom": true,
    "gated_talk_tom": true,
    "diversity_preserving_gate": false
  },
  "team_mean_payoff": 2.44
}