{
  "perspective_diversity": 0.005008836468455721,
  "cooperation_payoff": 1.7866666666666664,
  "cooperation_payoff_ci": [
    1.5,
    2.0666666666666664
  ],
  "equilibrium_convergence": 0.9466666666666667,
  "tom_prediction_accuracy": 0.7933333333333333,
  "tom_prediction_accuracy_ci": [
    0.7466666666666667,
    0.8366666666666667
  ],
  "n_episodes": 30,
  "action_dist_agent1": [
    0.7733333333333333,
    0.22666666666666666
  ],
  "per_episode_payoffs": [
    2.0,
    2.4,
    1.2,
    2.0,
    2.0,
    1.4,
    2.2,
    2.6,
    -0.2,
    1.6,
    2.0,
    0.0,
    3.0,
    2.0,
    1.6,
    1.6,
    2.0,
    1.6,
    3.0,
    1.6,
    2.0,
    1.8,
    2.8,
    2.2,
    0.8,
    2.8,
    0.0,
    2.0,
    2.0,
    1.6
  ],
  "gate_trust_rate": 0.9166666666666666,
  "gated_prediction_accuracy": 0.7966666666666666,
  "signal_accuracy": 0.7733333333333333,
  "tom_belief_accuracy_in_gated": 0.7933333333333333,
  "dp_conflict_rate": 0.24,
  "dp_intervention_rate": 0.24,
  "cell": "hom_dp_gated_atom_talk",
  "wall_time_s": 715.5452699661255,
  "config": {
    "game": "hawk_dove",
    "n_agents": 2,
    "horizon": 5,
    "memory": 2,
    "models_homo": "THUDM/GLM-4-9B-0414",
    "temp_homo": 0.7,
    "tom_order": 1,
    "seed": 45,
    "cell_name": "hom_dp_gated_atom_talk",
    "gate_trust_threshold": 0.6,
    "gate_ema_alpha": 0.3,
    "atom_warmup": 3,
    "homogeneous": true,
    "use_tom": true,
    "use_talk": true,
    "adaptive_tom": true,
    "gated_talk_tom": true,
    "diversity_preserving_gate": true
  },
  "team_mean_payoff": 1.7266666666666668
}