{
  "perspective_diversity": 0.184833179687369,
  "cooperation_payoff": 1.72,
  "cooperation_payoff_ci": [
    1.4065,
    2.02
  ],
  "equilibrium_convergence": 0.8933333333333333,
  "tom_prediction_accuracy": 0.6133333333333333,
  "tom_prediction_accuracy_ci": [
    0.5566666666666666,
    0.6667499999999995
  ],
  "n_episodes": 30,
  "action_dist_agent1": [
    0.8,
    0.2
  ],
  "per_episode_payoffs": [
    2.6,
    1.0,
    1.6,
    2.2,
    2.8,
    0.0,
    2.2,
    2.8,
    1.0,
    1.0,
    2.2,
    2.2,
    1.0,
    2.8,
    1.4,
    1.6,
    3.0,
    0.0,
    2.2,
    0.6,
    1.2,
    2.2,
    1.2,
    1.2,
    2.8,
    1.6,
    1.6,
    2.2,
    0.6,
    2.8
  ],
  "gate_trust_rate": 0.9233333333333333,
  "gated_prediction_accuracy": 0.7566666666666667,
  "signal_accuracy": 0.7866666666666666,
  "tom_belief_accuracy_in_gated": 0.6133333333333333,
  "dp_conflict_rate": 0.3333333333333333,
  "dp_intervention_rate": 0.3333333333333333,
  "cell": "het_dp_gated_atom_talk",
  "wall_time_s": 431.04681968688965,
  "config": {
    "game": "battle_of_the_sexes",
    "n_agents": 2,
    "horizon": 5,
    "memory": 2,
    "models_homo": "Qwen/Qwen2.5-7B-Instruct",
    "temp_homo": 0.7,
    "tom_order": 1,
    "seed": 44,
    "cell_name": "het_dp_gated_atom_talk",
    "homogeneous": false,
    "use_tom": true,
    "use_talk": true,
    "adaptive_tom": true,
    "gated_talk_tom": true,
    "diversity_preserving_gate": true
  },
  "team_mean_payoff": 1.5666666666666667
}