{
  "perspective_diversity": 0.13704867405522864,
  "cooperation_payoff": 2.313333333333334,
  "cooperation_payoff_ci": [
    2.1000000000000005,
    2.520166666666666
  ],
  "equilibrium_convergence": 0.9333333333333333,
  "tom_prediction_accuracy": 0.6466666666666666,
  "tom_prediction_accuracy_ci": [
    0.5933333333333334,
    0.7
  ],
  "n_episodes": 30,
  "action_dist_agent1": [
    0.5266666666666666,
    0.47333333333333333
  ],
  "per_episode_payoffs": [
    2.8,
    1.6,
    2.8,
    1.6,
    2.2,
    3.2,
    2.6,
    3.0,
    1.6,
    3.0,
    3.2,
    2.2,
    2.6,
    2.6,
    2.2,
    2.2,
    2.2,
    2.0,
    2.8,
    2.8,
    0.8,
    1.8,
    2.0,
    1.6,
    2.6,
    2.6,
    1.6,
    2.0,
    3.2,
    2.0
  ],
  "gate_trust_rate": 0.93,
  "gated_prediction_accuracy": 0.7433333333333333,
  "signal_accuracy": 0.7133333333333334,
  "tom_belief_accuracy_in_gated": 0.6466666666666666,
  "dp_conflict_rate": 0.3,
  "dp_intervention_rate": 0.3,
  "cell": "het_hist_split",
  "wall_time_s": 509.6309061050415,
  "config": {
    "game": "deadlock",
    "n_agents": 2,
    "horizon": 5,
    "memory": 2,
    "models_homo": "Qwen/Qwen2.5-7B-Instruct",
    "temp_homo": 0.7,
    "tom_order": 1,
    "seed": 46,
    "cell_name": "het_hist_split",
    "gate_trust_threshold": 0.6,
    "gate_ema_alpha": 0.3,
    "atom_warmup": 3,
    "homogeneous": false,
    "use_tom": true,
    "use_talk": true,
    "adaptive_tom": true,
    "gated_talk_tom": true,
    "diversity_preserving_gate": true,
    "history_split_hint": true
  },
  "team_mean_payoff": 1.8333333333333333
}