{
  "perspective_diversity": 0.10619537307201152,
  "cooperation_payoff": 2.8133333333333335,
  "cooperation_payoff_ci": [
    2.4866666666666664,
    3.1600000000000006
  ],
  "equilibrium_convergence": 0.9600000000000001,
  "tom_prediction_accuracy": 0.6533333333333333,
  "tom_prediction_accuracy_ci": [
    0.5966666666666667,
    0.7066666666666667
  ],
  "n_episodes": 30,
  "action_dist_agent1": [
    0.42,
    0.58
  ],
  "per_episode_payoffs": [
    1.4,
    2.4,
    2.8,
    3.0,
    2.2,
    2.0,
    3.0,
    4.0,
    2.4,
    3.0,
    2.0,
    3.2,
    4.2,
    2.0,
    0.6,
    2.6,
    3.2,
    4.0,
    1.4,
    3.2,
    3.2,
    5.0,
    3.0,
    4.0,
    3.2,
    3.0,
    3.2,
    2.2,
    2.0,
    3.0
  ],
  "gate_trust_rate": 0.9,
  "gated_prediction_accuracy": 0.68,
  "signal_accuracy": 0.68,
  "tom_belief_accuracy_in_gated": 0.6533333333333333,
  "dp_conflict_rate": 0.22666666666666666,
  "dp_intervention_rate": 0.22666666666666666,
  "cell": "het_gated_atom_talk",
  "wall_time_s": 514.6362533569336,
  "config": {
    "game": "chicken",
    "n_agents": 2,
    "horizon": 5,
    "memory": 2,
    "models_homo": "Qwen/Qwen2.5-7B-Instruct",
    "temp_homo": 0.7,
    "tom_order": 1,
    "seed": 59,
    "cell_name": "het_gated_atom_talk",
    "gate_trust_threshold": 0.6,
    "gate_ema_alpha": 0.3,
    "atom_warmup": 3,
    "homogeneous": false,
    "use_tom": true,
    "use_talk": true,
    "adaptive_tom": true,
    "gated_talk_tom": true,
    "diversity_preserving_gate": false
  },
  "team_mean_payoff": 2.36
}