{
  "perspective_diversity": 0.024170640754030803,
  "cooperation_payoff": 2.7933333333333334,
  "cooperation_payoff_ci": [
    2.4000000000000004,
    3.2066666666666666
  ],
  "equilibrium_convergence": 0.92,
  "tom_prediction_accuracy": 0.6033333333333334,
  "tom_prediction_accuracy_ci": [
    0.5466666666666666,
    0.66
  ],
  "n_episodes": 30,
  "action_dist_agent1": [
    0.5466666666666666,
    0.4533333333333333
  ],
  "per_episode_payoffs": [
    4.6,
    3.2,
    2.0,
    1.2,
    1.0,
    2.2,
    3.0,
    2.2,
    1.4,
    5.0,
    3.4,
    2.4,
    3.2,
    5.0,
    2.8,
    2.4,
    2.6,
    0.8,
    2.6,
    2.8,
    3.2,
    3.0,
    2.8,
    3.4,
    2.4,
    2.6,
    1.2,
    5.0,
    3.8,
    2.6
  ],
  "gate_trust_rate": 0.7633333333333333,
  "gated_prediction_accuracy": 0.56,
  "signal_accuracy": 0.5566666666666666,
  "tom_belief_accuracy_in_gated": 0.6033333333333334,
  "dp_conflict_rate": 0.4066666666666667,
  "dp_intervention_rate": 0.4066666666666667,
  "cell": "hom_gsaca",
  "gsaca_detected_structure": "anti_coord",
  "gsaca_oracle_structure": "anti_coord",
  "gsaca_detection_correct": true,
  "gsaca_split_score": 1.3636363636363635,
  "gsaca_warmup_episodes": 5,
  "gsaca_n_observations": 25,
  "wall_time_s": 752.7881815433502,
  "config": {
    "game": "chicken",
    "n_agents": 2,
    "horizon": 5,
    "memory": 2,
    "models_homo": "THUDM/GLM-4-9B-0414",
    "temp_homo": 0.7,
    "tom_order": 1,
    "seed": 45,
    "cell_name": "hom_gsaca",
    "gate_trust_threshold": 0.6,
    "gate_ema_alpha": 0.3,
    "atom_warmup": 3,
    "homogeneous": true,
    "use_tom": true,
    "use_talk": true,
    "adaptive_tom": true,
    "gated_talk_tom": true,
    "diversity_preserving_gate": true
  },
  "team_mean_payoff": 2.58
}