{
  "perspective_diversity": 0.00356709595887178,
  "cooperation_payoff": 2.0866666666666664,
  "cooperation_payoff_ci": [
    1.7800000000000002,
    2.3533333333333326
  ],
  "equilibrium_convergence": 0.9066666666666666,
  "tom_prediction_accuracy": 0.67,
  "tom_prediction_accuracy_ci": [
    0.6166666666666667,
    0.7200833333333329
  ],
  "n_episodes": 30,
  "action_dist_agent1": [
    0.6333333333333333,
    0.36666666666666664
  ],
  "per_episode_payoffs": [
    2.8,
    2.8,
    1.0,
    2.8,
    2.2,
    2.6,
    1.6,
    2.6,
    2.8,
    2.8,
    1.6,
    1.4,
    2.2,
    2.8,
    0.4,
    2.6,
    1.6,
    2.8,
    2.4,
    2.6,
    2.8,
    2.6,
    2.8,
    2.2,
    1.2,
    1.0,
    1.8,
    0.0,
    1.0,
    2.8
  ],
  "gate_trust_rate": 0.9666666666666667,
  "gated_prediction_accuracy": 0.83,
  "signal_accuracy": 0.85,
  "tom_belief_accuracy_in_gated": 0.67,
  "dp_conflict_rate": 0.31333333333333335,
  "dp_intervention_rate": 0.31333333333333335,
  "cell": "het_gated_atom_talk",
  "wall_time_s": 508.9267337322235,
  "config": {
    "game": "battle_of_the_sexes",
    "n_agents": 2,
    "horizon": 5,
    "memory": 2,
    "models_homo": "Qwen/Qwen2.5-7B-Instruct",
    "temp_homo": 0.7,
    "tom_order": 1,
    "seed": 45,
    "cell_name": "het_gated_atom_talk",
    "gate_trust_threshold": 0.6,
    "gate_ema_alpha": 0.3,
    "atom_warmup": 3,
    "homogeneous": false,
    "use_tom": true,
    "use_talk": true,
    "adaptive_tom": true,
    "gated_talk_tom": true,
    "diversity_preserving_gate": false
  },
  "team_mean_payoff": 1.9333333333333333
}