{
  "perspective_diversity": 0.7980577492919361,
  "cooperation_payoff": 2.5740000000000003,
  "cooperation_payoff_ci": [
    2.5440000000000005,
    2.6079999999999997
  ],
  "equilibrium_convergence": 0.9400000000000001,
  "tom_prediction_accuracy": 0.8108333333333333,
  "tom_prediction_accuracy_ci": [
    0.7883125000000001,
    0.8325
  ],
  "n_episodes": 20,
  "action_dist_agent1": [
    0.95,
    0.05
  ],
  "per_episode_payoffs": [
    2.4799999999999995,
    2.7199999999999998,
    2.76,
    2.6,
    2.6,
    2.52,
    2.52,
    2.6,
    2.6,
    2.52,
    2.4400000000000004,
    2.5200000000000005,
    2.52,
    2.5200000000000005,
    2.56,
    2.6,
    2.6,
    2.6,
    2.6,
    2.6
  ],
  "gate_trust_rate": 0.8944444444444445,
  "gated_prediction_accuracy": 0.7222222222222222,
  "signal_accuracy": 0.8166666666666667,
  "tom_belief_accuracy_in_gated": 0.6277777777777778,
  "dp_conflict_rate": 0.37777777777777777,
  "dp_intervention_rate": 0.37777777777777777,
  "cell": "het_gsaca",
  "gsaca_detected_structure": "coord",
  "gsaca_oracle_structure": "coord",
  "gsaca_detection_correct": true,
  "gsaca_split_score": -0.1714285714285717,
  "gsaca_warmup_episodes": 3,
  "gsaca_n_observations": 15,
  "wall_time_s": 2662.573815345764,
  "config": {
    "game": "public_goods",
    "n_agents": 4,
    "horizon": 5,
    "memory": 2,
    "models_homo": "Qwen/Qwen2.5-7B-Instruct",
    "temp_homo": 0.7,
    "tom_order": 1,
    "seed": 48,
    "cell_name": "het_gsaca",
    "gate_trust_threshold": 0.6,
    "gate_ema_alpha": 0.3,
    "atom_warmup": 3,
    "homogeneous": false,
    "use_tom": true,
    "use_talk": true,
    "adaptive_tom": true,
    "gated_talk_tom": true,
    "diversity_preserving_gate": true
  },
  "team_mean_payoff": 2.5715000000000003
}