{
  "perspective_diversity": 0.04313442760263317,
  "cooperation_payoff": 2.5720000000000005,
  "cooperation_payoff_ci": [
    2.5500000000000007,
    2.5900000000000003
  ],
  "equilibrium_convergence": 0.92,
  "tom_prediction_accuracy": 0.825,
  "tom_prediction_accuracy_ci": [
    0.8033333333333333,
    0.8458333333333333
  ],
  "n_episodes": 20,
  "action_dist_agent1": [
    0.96,
    0.04
  ],
  "per_episode_payoffs": [
    2.56,
    2.6,
    2.56,
    2.52,
    2.5200000000000005,
    2.6,
    2.6,
    2.6,
    2.4400000000000004,
    2.6,
    2.6,
    2.6,
    2.6,
    2.6,
    2.6,
    2.52,
    2.52,
    2.6,
    2.6,
    2.6
  ],
  "gate_trust_rate": 0.9,
  "gated_prediction_accuracy": 0.7333333333333333,
  "signal_accuracy": 0.8,
  "tom_belief_accuracy_in_gated": 0.5833333333333334,
  "dp_conflict_rate": 0.3277777777777778,
  "dp_intervention_rate": 0.3277777777777778,
  "cell": "het_gsaca",
  "gsaca_detected_structure": "coord",
  "gsaca_oracle_structure": "coord",
  "gsaca_detection_correct": true,
  "gsaca_split_score": -0.18333333333333357,
  "gsaca_warmup_episodes": 3,
  "gsaca_n_observations": 15,
  "wall_time_s": 2615.9722588062286,
  "config": {
    "game": "public_goods",
    "n_agents": 4,
    "horizon": 5,
    "memory": 2,
    "models_homo": "Qwen/Qwen2.5-7B-Instruct",
    "temp_homo": 0.7,
    "tom_order": 1,
    "seed": 43,
    "cell_name": "het_gsaca",
    "homogeneous": false,
    "use_tom": true,
    "use_talk": true,
    "adaptive_tom": true,
    "gated_talk_tom": true,
    "diversity_preserving_gate": true
  },
  "team_mean_payoff": 2.5745000000000005
}