{
  "perspective_diversity": 0.14252505804548785,
  "cooperation_payoff": 1.6733333333333331,
  "cooperation_payoff_ci": [
    1.3666666666666665,
    1.9799999999999995
  ],
  "equilibrium_convergence": 0.8533333333333334,
  "tom_prediction_accuracy": 0.5966666666666667,
  "tom_prediction_accuracy_ci": [
    0.54,
    0.65
  ],
  "n_episodes": 30,
  "action_dist_agent1": [
    0.47333333333333333,
    0.5266666666666666
  ],
  "per_episode_payoffs": [
    2.8,
    1.6,
    0.4,
    1.0,
    0.0,
    1.8,
    2.8,
    2.0,
    1.6,
    0.8,
    0.4,
    0.8,
    2.2,
    1.6,
    1.4,
    1.2,
    2.8,
    1.8,
    2.8,
    1.6,
    0.6,
    1.6,
    2.8,
    1.0,
    2.4,
    2.0,
    2.8,
    0.6,
    2.8,
    2.2
  ],
  "gate_trust_rate": 0.82,
  "gated_prediction_accuracy": 0.6033333333333334,
  "signal_accuracy": 0.5833333333333334,
  "tom_belief_accuracy_in_gated": 0.5966666666666667,
  "dp_conflict_rate": 0.35333333333333333,
  "dp_intervention_rate": 0.35333333333333333,
  "cell": "het_dp_gated_atom_talk",
  "wall_time_s": 517.0302324295044,
  "config": {
    "game": "hawk_dove",
    "n_agents": 2,
    "horizon": 5,
    "memory": 2,
    "models_homo": "Qwen/Qwen2.5-7B-Instruct",
    "temp_homo": 0.7,
    "tom_order": 1,
    "seed": 51,
    "cell_name": "het_dp_gated_atom_talk",
    "gate_trust_threshold": 0.6,
    "gate_ema_alpha": 0.3,
    "atom_warmup": 3,
    "homogeneous": false,
    "use_tom": true,
    "use_talk": true,
    "adaptive_tom": true,
    "gated_talk_tom": true,
    "diversity_preserving_gate": true
  },
  "team_mean_payoff": 1.2933333333333334
}