{
  "perspective_diversity": 0.13061661221053755,
  "cooperation_payoff": 1.3199999999999998,
  "cooperation_payoff_ci": [
    1.12,
    1.5466666666666664
  ],
  "equilibrium_convergence": 0.9466666666666667,
  "tom_prediction_accuracy": 0.5466666666666666,
  "tom_prediction_accuracy_ci": [
    0.49,
    0.6033333333333334
  ],
  "n_episodes": 30,
  "action_dist_agent1": [
    0.30666666666666664,
    0.6933333333333334
  ],
  "per_episode_payoffs": [
    0.6,
    1.4,
    2.0,
    0.4,
    2.2,
    1.8,
    1.6,
    1.4,
    0.8,
    1.4,
    1.4,
    1.0,
    3.0,
    2.2,
    1.2,
    0.6,
    2.0,
    0.8,
    1.4,
    0.8,
    1.0,
    1.4,
    0.8,
    2.0,
    0.8,
    0.8,
    1.6,
    1.6,
    0.8,
    0.8
  ],
  "gate_trust_rate": 0.7966666666666666,
  "gated_prediction_accuracy": 0.5266666666666666,
  "signal_accuracy": 0.5566666666666666,
  "tom_belief_accuracy_in_gated": 0.5466666666666666,
  "dp_conflict_rate": 0.3566666666666667,
  "dp_intervention_rate": 0.3566666666666667,
  "cell": "het_gated_atom_talk",
  "wall_time_s": 492.6299510002136,
  "config": {
    "game": "hawk_dove",
    "n_agents": 2,
    "horizon": 5,
    "memory": 2,
    "models_homo": "Qwen/Qwen2.5-7B-Instruct",
    "temp_homo": 0.7,
    "tom_order": 1,
    "seed": 47,
    "cell_name": "het_gated_atom_talk",
    "gate_trust_threshold": 0.6,
    "gate_ema_alpha": 0.3,
    "atom_warmup": 3,
    "homogeneous": false,
    "use_tom": true,
    "use_talk": true,
    "adaptive_tom": true,
    "gated_talk_tom": true,
    "diversity_preserving_gate": false
  },
  "team_mean_payoff": 0.9400000000000001
}