{
  "perspective_diversity": 0.06290090207262243,
  "cooperation_payoff": 2.5840000000000005,
  "cooperation_payoff_ci": [
    2.548,
    2.6200500000000004
  ],
  "equilibrium_convergence": 0.92,
  "tom_prediction_accuracy": 0.7425,
  "tom_prediction_accuracy_ci": [
    0.7166666666666667,
    0.765
  ],
  "n_episodes": 20,
  "action_dist_agent1": [
    0.9,
    0.1
  ],
  "per_episode_payoffs": [
    2.4400000000000004,
    2.4400000000000004,
    2.56,
    2.6,
    2.6,
    2.5599999999999996,
    2.4800000000000004,
    2.76,
    2.64,
    2.6399999999999997,
    2.6,
    2.6,
    2.6,
    2.56,
    2.52,
    2.6,
    2.7600000000000002,
    2.6,
    2.6,
    2.52
  ],
  "gate_trust_rate": 0.955,
  "gated_prediction_accuracy": 0.8616666666666667,
  "signal_accuracy": 0.89,
  "tom_belief_accuracy_in_gated": 0.7425,
  "dp_conflict_rate": 0.23083333333333333,
  "dp_intervention_rate": 0.23083333333333333,
  "cell": "het_gated_atom_talk",
  "wall_time_s": 2853.2244141101837,
  "config": {
    "game": "public_goods",
    "n_agents": 4,
    "horizon": 5,
    "memory": 2,
    "models_homo": "Qwen/Qwen2.5-7B-Instruct",
    "temp_homo": 0.7,
    "tom_order": 1,
    "seed": 53,
    "cell_name": "het_gated_atom_talk",
    "gate_trust_threshold": 0.6,
    "gate_ema_alpha": 0.3,
    "atom_warmup": 3,
    "homogeneous": false,
    "use_tom": true,
    "use_talk": true,
    "adaptive_tom": true,
    "gated_talk_tom": true,
    "diversity_preserving_gate": false
  },
  "team_mean_payoff": 2.5564999999999998
}