{
  "perspective_diversity": 0.004584610078717896,
  "cooperation_payoff": 1.8866666666666665,
  "cooperation_payoff_ci": [
    1.706666666666667,
    2.066666666666667
  ],
  "equilibrium_convergence": 0.9866666666666667,
  "tom_prediction_accuracy": 0.6666666666666666,
  "tom_prediction_accuracy_ci": [
    0.6165833333333335,
    0.72
  ],
  "n_episodes": 30,
  "action_dist_agent1": [
    0.58,
    0.42
  ],
  "per_episode_payoffs": [
    2.2,
    1.8,
    2.6,
    1.8,
    1.2,
    0.6,
    2.2,
    1.8,
    2.8,
    1.6,
    1.2,
    2.0,
    2.2,
    2.2,
    2.2,
    1.2,
    2.6,
    2.2,
    2.2,
    2.0,
    2.0,
    2.2,
    1.8,
    2.2,
    1.8,
    1.6,
    2.2,
    1.6,
    0.8,
    1.8
  ],
  "gate_trust_rate": 0.9533333333333334,
  "gated_prediction_accuracy": 0.6966666666666667,
  "signal_accuracy": 0.6833333333333333,
  "tom_belief_accuracy_in_gated": 0.6666666666666666,
  "dp_conflict_rate": 0.24333333333333335,
  "dp_intervention_rate": 0.24333333333333335,
  "cell": "het_gated_atom_talk",
  "wall_time_s": 553.4401021003723,
  "config": {
    "game": "deadlock",
    "n_agents": 2,
    "horizon": 5,
    "memory": 2,
    "models_homo": "Qwen/Qwen2.5-7B-Instruct",
    "temp_homo": 0.7,
    "tom_order": 1,
    "seed": 51,
    "cell_name": "het_gated_atom_talk",
    "gate_trust_threshold": 0.6,
    "gate_ema_alpha": 0.3,
    "atom_warmup": 3,
    "homogeneous": false,
    "use_tom": true,
    "use_talk": true,
    "adaptive_tom": true,
    "gated_talk_tom": true,
    "diversity_preserving_gate": false
  },
  "team_mean_payoff": 1.7933333333333332
}