{
  "perspective_diversity": 0.4564078384985794,
  "cooperation_payoff": 3.2399999999999993,
  "cooperation_payoff_ci": [
    2.88,
    3.606666666666665
  ],
  "equilibrium_convergence": 0.9733333333333333,
  "tom_prediction_accuracy": 0.66,
  "tom_prediction_accuracy_ci": [
    0.6066666666666667,
    0.7134166666666663
  ],
  "n_episodes": 30,
  "action_dist_agent1": [
    0.26666666666666666,
    0.7333333333333333
  ],
  "per_episode_payoffs": [
    2.4,
    3.2,
    4.6,
    2.6,
    2.8,
    3.6,
    4.0,
    2.6,
    4.6,
    2.4,
    2.2,
    1.6,
    2.8,
    4.6,
    1.6,
    3.6,
    2.6,
    2.6,
    4.6,
    4.6,
    2.2,
    2.2,
    3.2,
    2.2,
    4.6,
    4.6,
    4.6,
    2.6,
    4.6,
    2.8
  ],
  "gate_trust_rate": 0.9266666666666666,
  "gated_prediction_accuracy": 0.6966666666666667,
  "signal_accuracy": 0.7033333333333334,
  "tom_belief_accuracy_in_gated": 0.66,
  "dp_conflict_rate": 0.25,
  "dp_intervention_rate": 0.25,
  "cell": "het_dp_gated_atom_talk",
  "wall_time_s": 479.7498483657837,
  "config": {
    "game": "chicken",
    "n_agents": 2,
    "horizon": 5,
    "memory": 2,
    "models_homo": "Qwen/Qwen2.5-7B-Instruct",
    "temp_homo": 0.7,
    "tom_order": 1,
    "seed": 46,
    "cell_name": "het_dp_gated_atom_talk",
    "gate_trust_threshold": 0.6,
    "gate_ema_alpha": 0.3,
    "atom_warmup": 3,
    "homogeneous": false,
    "use_tom": true,
    "use_talk": true,
    "adaptive_tom": true,
    "gated_talk_tom": true,
    "diversity_preserving_gate": true
  },
  "team_mean_payoff": 2.3200000000000003
}