{
  "perspective_diversity": 0.030127057775011346,
  "cooperation_payoff": 2.8666666666666663,
  "cooperation_payoff_ci": [
    2.5531666666666664,
    3.18
  ],
  "equilibrium_convergence": 0.8666666666666667,
  "tom_prediction_accuracy": 0.59,
  "tom_prediction_accuracy_ci": [
    0.5366666666666666,
    0.6433333333333333
  ],
  "n_episodes": 30,
  "action_dist_agent1": [
    0.6133333333333333,
    0.38666666666666666
  ],
  "per_episode_payoffs": [
    3.8,
    3.4,
    3.0,
    2.0,
    2.8,
    3.4,
    2.4,
    1.4,
    1.2,
    2.6,
    2.8,
    1.8,
    3.4,
    2.0,
    3.4,
    2.6,
    3.2,
    1.6,
    3.2,
    3.2,
    2.8,
    2.4,
    4.6,
    3.4,
    4.6,
    2.6,
    3.4,
    4.6,
    1.4,
    3.0
  ],
  "gate_trust_rate": 0.8333333333333334,
  "gated_prediction_accuracy": 0.6233333333333333,
  "signal_accuracy": 0.6433333333333333,
  "tom_belief_accuracy_in_gated": 0.59,
  "dp_conflict_rate": 0.36,
  "dp_intervention_rate": 0.36,
  "cell": "hom_dp_gated_atom_talk",
  "wall_time_s": 1035.9594457149506,
  "config": {
    "game": "chicken",
    "n_agents": 2,
    "horizon": 5,
    "memory": 2,
    "models_homo": "THUDM/GLM-4-9B-0414",
    "temp_homo": 0.7,
    "tom_order": 1,
    "seed": 44,
    "cell_name": "hom_dp_gated_atom_talk",
    "gate_trust_threshold": 0.6,
    "gate_ema_alpha": 0.3,
    "atom_warmup": 3,
    "homogeneous": true,
    "use_tom": true,
    "use_talk": true,
    "adaptive_tom": true,
    "gated_talk_tom": true,
    "diversity_preserving_gate": true
  },
  "team_mean_payoff": 2.64
}