{
  "perspective_diversity": 0.25896263914329054,
  "cooperation_payoff": 1.6533333333333335,
  "cooperation_payoff_ci": [
    1.4133333333333333,
    1.8933333333333335
  ],
  "equilibrium_convergence": 0.9733333333333334,
  "tom_prediction_accuracy": 0.58,
  "tom_prediction_accuracy_ci": [
    0.5266666666666666,
    0.6334166666666662
  ],
  "n_episodes": 30,
  "action_dist_agent1": [
    0.8266666666666667,
    0.17333333333333334
  ],
  "per_episode_payoffs": [
    2.2,
    1.8,
    0.6,
    2.2,
    1.8,
    1.6,
    1.0,
    1.6,
    2.2,
    2.4,
    1.6,
    2.4,
    0.6,
    1.0,
    2.2,
    2.2,
    2.2,
    2.2,
    1.0,
    1.0,
    0.0,
    0.6,
    1.8,
    1.0,
    1.6,
    1.6,
    1.6,
    2.2,
    2.8,
    2.6
  ],
  "gate_trust_rate": 0.9366666666666666,
  "gated_prediction_accuracy": 0.7566666666666667,
  "signal_accuracy": 0.78,
  "tom_belief_accuracy_in_gated": 0.58,
  "dp_conflict_rate": 0.34,
  "dp_intervention_rate": 0.34,
  "cell": "het_dp_gated_atom_talk",
  "wall_time_s": 470.9396855831146,
  "config": {
    "game": "battle_of_the_sexes",
    "n_agents": 2,
    "horizon": 5,
    "memory": 2,
    "models_homo": "Qwen/Qwen2.5-7B-Instruct",
    "temp_homo": 0.7,
    "tom_order": 1,
    "seed": 43,
    "cell_name": "het_dp_gated_atom_talk",
    "homogeneous": false,
    "use_tom": true,
    "use_talk": true,
    "adaptive_tom": true,
    "gated_talk_tom": true,
    "diversity_preserving_gate": true
  },
  "team_mean_payoff": 1.5
}