{
  "perspective_diversity": 0.2988809219005521,
  "cooperation_payoff": 2.9199999999999995,
  "cooperation_payoff_ci": [
    2.5533333333333337,
    3.306666666666666
  ],
  "equilibrium_convergence": 0.9866666666666667,
  "tom_prediction_accuracy": 0.6766666666666666,
  "tom_prediction_accuracy_ci": [
    0.6233333333333333,
    0.73
  ],
  "n_episodes": 30,
  "action_dist_agent1": [
    0.24666666666666667,
    0.7533333333333333
  ],
  "per_episode_payoffs": [
    1.8,
    2.8,
    1.4,
    3.6,
    4.6,
    3.6,
    4.6,
    4.6,
    1.8,
    4.6,
    1.6,
    2.6,
    1.2,
    2.6,
    2.6,
    3.2,
    3.6,
    1.6,
    4.2,
    3.2,
    3.2,
    1.8,
    3.2,
    3.2,
    2.2,
    2.2,
    4.6,
    1.6,
    3.2,
    2.6
  ],
  "gate_trust_rate": 0.92,
  "gated_prediction_accuracy": 0.7066666666666667,
  "signal_accuracy": 0.7066666666666667,
  "tom_belief_accuracy_in_gated": 0.6766666666666666,
  "dp_conflict_rate": 0.25,
  "dp_intervention_rate": 0.25,
  "cell": "het_combo_anti",
  "wall_time_s": 589.3543837070465,
  "config": {
    "game": "chicken",
    "n_agents": 2,
    "horizon": 5,
    "memory": 2,
    "models_homo": "Qwen/Qwen2.5-7B-Instruct",
    "temp_homo": 0.7,
    "tom_order": 1,
    "seed": 46,
    "cell_name": "het_combo_anti",
    "gate_trust_threshold": 0.6,
    "gate_ema_alpha": 0.3,
    "atom_warmup": 3,
    "homogeneous": false,
    "use_tom": true,
    "use_talk": true,
    "adaptive_tom": true,
    "gated_talk_tom": true,
    "diversity_preserving_gate": true,
    "role_asymmetric_hint": true,
    "history_split_hint": true,
    "adaptive_intervention": true,
    "adaptive_interv_threshold": 0.3
  },
  "team_mean_payoff": 2.1599999999999997
}