{
  "perspective_diversity": 0.979183130839744,
  "cooperation_payoff": 2.6280000000000006,
  "cooperation_payoff_ci": [
    2.6020000000000003,
    2.6540000000000004
  ],
  "equilibrium_convergence": 0.96,
  "tom_prediction_accuracy": 0.7291666666666666,
  "tom_prediction_accuracy_ci": [
    0.7041666666666667,
    0.7550208333333333
  ],
  "n_episodes": 20,
  "action_dist_agent1": [
    0.88,
    0.12
  ],
  "per_episode_payoffs": [
    2.52,
    2.6399999999999997,
    2.7600000000000002,
    2.7600000000000002,
    2.6,
    2.7199999999999998,
    2.6,
    2.6,
    2.6399999999999997,
    2.6,
    2.6399999999999997,
    2.6,
    2.6,
    2.6,
    2.6399999999999997,
    2.6,
    2.6800000000000006,
    2.52,
    2.64,
    2.6
  ],
  "gate_trust_rate": 0.9858333333333333,
  "gated_prediction_accuracy": 0.9183333333333333,
  "signal_accuracy": 0.9325,
  "tom_belief_accuracy_in_gated": 0.7291666666666666,
  "dp_conflict_rate": 0.24666666666666667,
  "dp_intervention_rate": 0.24666666666666667,
  "cell": "het_gated_atom_talk",
  "wall_time_s": 2587.6946980953217,
  "config": {
    "game": "public_goods",
    "n_agents": 4,
    "horizon": 5,
    "memory": 2,
    "models_homo": "Qwen/Qwen2.5-7B-Instruct",
    "temp_homo": 0.7,
    "tom_order": 1,
    "seed": 50,
    "cell_name": "het_gated_atom_talk",
    "gate_trust_threshold": 0.6,
    "gate_ema_alpha": 0.3,
    "atom_warmup": 3,
    "homogeneous": false,
    "use_tom": true,
    "use_talk": true,
    "adaptive_tom": true,
    "gated_talk_tom": true,
    "diversity_preserving_gate": false
  },
  "team_mean_payoff": 2.5655000000000006
}