{
  "perspective_diversity": 0.5377562214757546,
  "cooperation_payoff": 3.2673715773322853,
  "cooperation_payoff_ci": [
    2.796503366384131,
    3.7087035062924674
  ],
  "equilibrium_convergence": 0.8933333333333333,
  "tom_prediction_accuracy": 0.6766666666666666,
  "tom_prediction_accuracy_ci": [
    0.6233333333333333,
    0.73
  ],
  "n_episodes": 30,
  "action_dist_agent1": [
    0.29333333333333333,
    0.7066666666666667
  ],
  "per_episode_payoffs": [
    5.4414258569267275,
    5.520994330418021,
    4.574267604222468,
    2.0904080091071564,
    2.8003300699612828,
    3.8377865633105728,
    4.43583692340862,
    4.217635008955166,
    1.2998656535570556,
    3.9223888478842275,
    3.9700033181201797,
    1.9073568618138637,
    1.806733385591528,
    5.349560203423193,
    4.711592413417598,
    3.687201340067836,
    2.108895872335677,
    3.101636429460787,
    1.5382877339912424,
    3.240551027353244,
    2.3487514819513273,
    3.697807245029293,
    4.59018071851869,
    0.766140593733628,
    2.673670346748122,
    3.8412682805454326,
    2.487347628580033,
    1.1745657661391156,
    3.536287874163461,
    3.342369931233012
  ],
  "gate_trust_rate": 0.8933333333333333,
  "gated_prediction_accuracy": 0.69,
  "signal_accuracy": 0.6566666666666666,
  "tom_belief_accuracy_in_gated": 0.6766666666666666,
  "dp_conflict_rate": 0.3,
  "dp_intervention_rate": 0.3,
  "cell": "het_gsaca",
  "gsaca_detected_structure": "anti_coord",
  "gsaca_oracle_structure": "anti_coord",
  "gsaca_detection_correct": true,
  "gsaca_split_score": 0.7916823907206898,
  "gsaca_warmup_episodes": 5,
  "gsaca_n_observations": 25,
  "wall_time_s": 441.1784782409668,
  "config": {
    "game": "chicken",
    "n_agents": 2,
    "horizon": 5,
    "memory": 2,
    "models_homo": "Qwen/Qwen2.5-7B-Instruct",
    "temp_homo": 0.7,
    "tom_order": 1,
    "seed": 43,
    "cell_name": "het_gsaca",
    "gate_trust_threshold": 0.6,
    "gate_ema_alpha": 0.3,
    "atom_warmup": 3,
    "homogeneous": false,
    "use_tom": true,
    "use_talk": true,
    "adaptive_tom": true,
    "gated_talk_tom": true,
    "diversity_preserving_gate": true
  },
  "team_mean_payoff": 2.4060724723191895
}