{
  "perspective_diversity": 0.11853148602073439,
  "cooperation_payoff": 2.64,
  "cooperation_payoff_ci": [
    2.5900000000000007,
    2.692
  ],
  "equilibrium_convergence": 1.0,
  "tom_prediction_accuracy": 0.6875,
  "tom_prediction_accuracy_ci": [
    0.6599791666666668,
    0.7133333333333334
  ],
  "n_episodes": 20,
  "action_dist_agent1": [
    0.8,
    0.2
  ],
  "per_episode_payoffs": [
    2.6,
    2.9200000000000004,
    2.6,
    2.64,
    2.7199999999999998,
    2.6,
    2.64,
    2.5599999999999996,
    2.48,
    2.6399999999999997,
    2.6399999999999997,
    2.3600000000000003,
    2.6399999999999997,
    2.6,
    2.64,
    2.6399999999999997,
    2.7600000000000002,
    2.8400000000000003,
    2.6,
    2.6799999999999997
  ],
  "gate_trust_rate": 0.9766666666666667,
  "gated_prediction_accuracy": 0.885,
  "signal_accuracy": 0.9,
  "tom_belief_accuracy_in_gated": 0.6875,
  "dp_conflict_rate": 0.2808333333333333,
  "dp_intervention_rate": 0.2808333333333333,
  "cell": "het_gated_atom_talk",
  "wall_time_s": 2670.2995040416718,
  "config": {
    "game": "public_goods",
    "n_agents": 4,
    "horizon": 5,
    "memory": 2,
    "models_homo": "Qwen/Qwen2.5-7B-Instruct",
    "temp_homo": 0.7,
    "tom_order": 1,
    "seed": 45,
    "cell_name": "het_gated_atom_talk",
    "gate_trust_threshold": 0.6,
    "gate_ema_alpha": 0.3,
    "atom_warmup": 3,
    "homogeneous": false,
    "use_tom": true,
    "use_talk": true,
    "adaptive_tom": true,
    "gated_talk_tom": true,
    "diversity_preserving_gate": false
  },
  "team_mean_payoff": 2.54
}