{
  "perspective_diversity": 0.17946721351743072,
  "cooperation_payoff": 1.6701762276664052,
  "cooperation_payoff_ci": [
    1.3256695329489006,
    2.0096179303649992
  ],
  "equilibrium_convergence": 0.9333333333333333,
  "tom_prediction_accuracy": 0.68,
  "tom_prediction_accuracy_ci": [
    0.6266666666666667,
    0.73
  ],
  "n_episodes": 30,
  "action_dist_agent1": [
    0.43333333333333335,
    0.5666666666666667
  ],
  "per_episode_payoffs": [
    0.610356464231682,
    1.4302485826045053,
    2.2435669010556167,
    2.172602002276789,
    2.1500825174903206,
    2.859446640827643,
    0.5089592308521548,
    2.704408752238792,
    0.8749664133892638,
    2.880597211971057,
    1.8425008295300451,
    1.226839215453466,
    1.5516833463978819,
    0.9873900508557985,
    0.2278981033543995,
    2.0218003350169593,
    1.6772239680839192,
    2.7254091073651967,
    2.0345719334978107,
    2.710137756838311,
    1.687187870487832,
    2.924451811257323,
    2.7975451796296724,
    0.24153514843340695,
    0.9684175866870307,
    2.810317070136358,
    2.5218369071450084,
    0.04364144153477887,
    0.5340719685408652,
    0.135592482808253
  ],
  "gate_trust_rate": 0.82,
  "gated_prediction_accuracy": 0.7,
  "signal_accuracy": 0.66,
  "tom_belief_accuracy_in_gated": 0.68,
  "dp_conflict_rate": 0.38,
  "dp_intervention_rate": 0.38,
  "cell": "het_gsaca",
  "gsaca_detected_structure": "anti_coord",
  "gsaca_oracle_structure": "anti_coord",
  "gsaca_detection_correct": true,
  "gsaca_split_score": 0.21970800040948069,
  "gsaca_warmup_episodes": 5,
  "gsaca_n_observations": 25,
  "wall_time_s": 502.97836208343506,
  "config": {
    "game": "hawk_dove",
    "n_agents": 2,
    "horizon": 5,
    "memory": 2,
    "models_homo": "Qwen/Qwen2.5-7B-Instruct",
    "temp_homo": 0.7,
    "tom_order": 1,
    "seed": 46,
    "cell_name": "het_gsaca",
    "gate_trust_threshold": 0.6,
    "gate_ema_alpha": 0.3,
    "atom_warmup": 3,
    "homogeneous": false,
    "use_tom": true,
    "use_talk": true,
    "adaptive_tom": true,
    "gated_talk_tom": true,
    "diversity_preserving_gate": true
  },
  "team_mean_payoff": 1.2681847847464642
}