{
  "perspective_diversity": 0.18730056096467515,
  "cooperation_payoff": 1.2607049106656187,
  "cooperation_payoff_ci": [
    0.8447301159664385,
    1.6835079538882811
  ],
  "equilibrium_convergence": 0.9866666666666667,
  "tom_prediction_accuracy": 0.61,
  "tom_prediction_accuracy_ci": [
    0.5533333333333333,
    0.6633333333333333
  ],
  "n_episodes": 30,
  "action_dist_agent1": [
    0.36666666666666664,
    0.6333333333333333
  ],
  "per_episode_payoffs": [
    3.6414258569267277,
    1.5209943304180205,
    2.5742676042224675,
    -0.9095919908928438,
    0.8003300699612824,
    1.2377865633105734,
    0.8358369234086191,
    2.4176350089551666,
    3.099865653557056,
    2.322388847884228,
    0.3700033181201792,
    1.1073568618138636,
    -0.3932666144084721,
    1.149560203423194,
    0.911592413417598,
    -0.11279865993216384,
    0.9088958723356768,
    2.501636429460787,
    -0.061712266008757545,
    1.4405510273532447,
    1.5487514819513275,
    0.897807245029292,
    1.7901807185186889,
    -0.633859406266372,
    3.473670346748123,
    2.841268280545432,
    0.8873476285800329,
    -0.42543423386088436,
    1.1362878741634612,
    0.9423699312330118
  ],
  "gate_trust_rate": 0.8366666666666667,
  "gated_prediction_accuracy": 0.6833333333333333,
  "signal_accuracy": 0.6733333333333333,
  "tom_belief_accuracy_in_gated": 0.61,
  "dp_conflict_rate": 0.41,
  "dp_intervention_rate": 0.41,
  "cell": "het_gsaca",
  "gsaca_detected_structure": "anti_coord",
  "gsaca_oracle_structure": "anti_coord",
  "gsaca_detection_correct": true,
  "gsaca_split_score": 0.49051857173254676,
  "gsaca_warmup_episodes": 5,
  "gsaca_n_observations": 25,
  "wall_time_s": 504.66998839378357,
  "config": {
    "game": "hawk_dove",
    "n_agents": 2,
    "horizon": 5,
    "memory": 2,
    "models_homo": "Qwen/Qwen2.5-7B-Instruct",
    "temp_homo": 0.7,
    "tom_order": 1,
    "seed": 43,
    "cell_name": "het_gsaca",
    "gate_trust_threshold": 0.6,
    "gate_ema_alpha": 0.3,
    "atom_warmup": 3,
    "homogeneous": false,
    "use_tom": true,
    "use_talk": true,
    "adaptive_tom": true,
    "gated_talk_tom": true,
    "diversity_preserving_gate": true
  },
  "team_mean_payoff": 0.9227391389858564
}