{
  "perspective_diversity": 0.2989996527243949,
  "cooperation_payoff": 2.9799999999999986,
  "cooperation_payoff_ci": [
    2.626666666666667,
    3.3533333333333317
  ],
  "equilibrium_convergence": 0.9866666666666666,
  "tom_prediction_accuracy": 0.6133333333333333,
  "tom_prediction_accuracy_ci": [
    0.56,
    0.6666666666666666
  ],
  "n_episodes": 30,
  "action_dist_agent1": [
    0.26,
    0.74
  ],
  "per_episode_payoffs": [
    2.6,
    4.6,
    3.6,
    3.2,
    2.2,
    1.2,
    3.2,
    4.0,
    3.0,
    3.6,
    2.6,
    2.2,
    2.8,
    1.6,
    1.2,
    3.2,
    2.8,
    2.6,
    4.2,
    2.6,
    2.2,
    4.6,
    2.4,
    3.6,
    2.6,
    4.6,
    2.6,
    3.6,
    4.6,
    1.6
  ],
  "gate_trust_rate": 0.8666666666666667,
  "gated_prediction_accuracy": 0.63,
  "signal_accuracy": 0.6433333333333333,
  "tom_belief_accuracy_in_gated": 0.6133333333333333,
  "dp_conflict_rate": 0.25666666666666665,
  "dp_intervention_rate": 0.25666666666666665,
  "cell": "het_dp_gated_atom_talk",
  "wall_time_s": 464.29855966567993,
  "config": {
    "game": "chicken",
    "n_agents": 2,
    "horizon": 5,
    "memory": 2,
    "models_homo": "Qwen/Qwen2.5-7B-Instruct",
    "temp_homo": 0.7,
    "tom_order": 1,
    "seed": 60,
    "cell_name": "het_dp_gated_atom_talk",
    "gate_trust_threshold": 0.6,
    "gate_ema_alpha": 0.3,
    "atom_warmup": 3,
    "homogeneous": false,
    "use_tom": true,
    "use_talk": true,
    "adaptive_tom": true,
    "gated_talk_tom": true,
    "diversity_preserving_gate": true
  },
  "team_mean_payoff": 2.2199999999999993
}