{
  "perspective_diversity": 0.16234278032802832,
  "cooperation_payoff": 2.5693333333333332,
  "cooperation_payoff_ci": [
    2.524,
    2.613333333333333
  ],
  "equilibrium_convergence": 0.96,
  "tom_prediction_accuracy": 0.77,
  "tom_prediction_accuracy_ci": [
    0.72,
    0.82
  ],
  "n_episodes": 30,
  "action_dist_agent1": [
    0.66,
    0.34
  ],
  "per_episode_payoffs": [
    2.6,
    2.44,
    2.6,
    2.6799999999999997,
    2.6,
    2.6,
    2.4400000000000004,
    2.6,
    2.68,
    2.6,
    2.56,
    2.68,
    2.5200000000000005,
    2.52,
    2.6400000000000006,
    2.44,
    2.6800000000000006,
    2.4,
    2.16,
    2.6800000000000006,
    2.5200000000000005,
    2.48,
    2.8,
    2.5200000000000005,
    2.56,
    2.6399999999999997,
    2.72,
    2.5200000000000005,
    2.7600000000000002,
    2.4400000000000004
  ],
  "gate_trust_rate": 0.99,
  "gated_prediction_accuracy": 0.92,
  "signal_accuracy": 0.93,
  "tom_belief_accuracy_in_gated": 0.77,
  "dp_conflict_rate": 0.2,
  "dp_intervention_rate": 0.2,
  "cell": "het_3arm",
  "gsaca_detected_structure": "coord",
  "gsaca_oracle_structure": "coord",
  "gsaca_detection_correct": true,
  "gsaca_split_score": -0.15000000000000036,
  "gsaca_warmup_episodes": 5,
  "gsaca_n_observations": 25,
  "gsaca_3arm_selected": "NoToM",
  "gsaca_3arm_tau": 0.2,
  "wall_time_s": 755.4227108955383,
  "config": {
    "game": "public_goods",
    "n_agents": 4,
    "horizon": 5,
    "memory": 2,
    "models_homo": "Qwen/Qwen2.5-7B-Instruct",
    "temp_homo": 0.7,
    "tom_order": 1,
    "seed": 45,
    "cell_name": "het_3arm",
    "gate_trust_threshold": 0.6,
    "gate_ema_alpha": 0.3,
    "atom_warmup": 3,
    "homogeneous": false,
    "use_tom": true,
    "use_talk": true,
    "adaptive_tom": true,
    "gated_talk_tom": true,
    "diversity_preserving_gate": true
  },
  "team_mean_payoff": 2.4610000000000003
}