{
  "perspective_diversity": 0.10421115884741997,
  "cooperation_payoff": 1.2666666666666668,
  "cooperation_payoff_ci": [
    0.9866666666666666,
    1.5466666666666666
  ],
  "equilibrium_convergence": 0.92,
  "tom_prediction_accuracy": 0.5333333333333333,
  "tom_prediction_accuracy_ci": [
    0.4766666666666667,
    0.59
  ],
  "n_episodes": 30,
  "action_dist_agent1": [
    0.37333333333333335,
    0.6266666666666667
  ],
  "per_episode_payoffs": [
    1.2,
    1.4,
    2.8,
    1.6,
    2.2,
    0.4,
    1.4,
    1.2,
    2.2,
    -0.4,
    1.0,
    0.4,
    0.2,
    1.4,
    1.4,
    2.0,
    1.6,
    1.4,
    0.6,
    0.8,
    1.8,
    1.6,
    1.2,
    2.0,
    0.2,
    2.4,
    2.2,
    0.0,
    1.6,
    0.2
  ],
  "gate_trust_rate": 0.6633333333333333,
  "gated_prediction_accuracy": 0.5433333333333333,
  "signal_accuracy": 0.56,
  "tom_belief_accuracy_in_gated": 0.5333333333333333,
  "dp_conflict_rate": 0.6,
  "dp_intervention_rate": 0.6,
  "cell": "het_dp_gated_atom_talk",
  "wall_time_s": 517.7764925956726,
  "config": {
    "game": "hawk_dove",
    "n_agents": 2,
    "horizon": 5,
    "memory": 2,
    "models_homo": "Qwen/Qwen2.5-7B-Instruct",
    "temp_homo": 0.7,
    "tom_order": 1,
    "seed": 45,
    "cell_name": "het_dp_gated_atom_talk",
    "gate_trust_threshold": 0.6,
    "gate_ema_alpha": 0.3,
    "atom_warmup": 3,
    "homogeneous": false,
    "use_tom": true,
    "use_talk": true,
    "adaptive_tom": true,
    "gated_talk_tom": true,
    "diversity_preserving_gate": true
  },
  "team_mean_payoff": 0.9266666666666669
}