{
  "perspective_diversity": 0.42478388339436995,
  "cooperation_payoff": 3.253333333333332,
  "cooperation_payoff_ci": [
    2.8466666666666662,
    3.619999999999999
  ],
  "equilibrium_convergence": 0.9866666666666666,
  "tom_prediction_accuracy": 0.6533333333333333,
  "tom_prediction_accuracy_ci": [
    0.6,
    0.7066666666666667
  ],
  "n_episodes": 30,
  "action_dist_agent1": [
    0.26,
    0.74
  ],
  "per_episode_payoffs": [
    3.6,
    3.6,
    2.8,
    0.6,
    0.8,
    2.0,
    4.6,
    3.2,
    4.2,
    4.6,
    3.6,
    1.6,
    4.6,
    2.6,
    3.2,
    3.6,
    4.2,
    2.2,
    3.6,
    3.6,
    4.6,
    3.6,
    4.6,
    3.2,
    2.6,
    3.6,
    1.6,
    3.8,
    3.6,
    3.6
  ],
  "gate_trust_rate": 0.8666666666666667,
  "gated_prediction_accuracy": 0.6533333333333333,
  "signal_accuracy": 0.6533333333333333,
  "tom_belief_accuracy_in_gated": 0.6533333333333333,
  "dp_conflict_rate": 0.26666666666666666,
  "dp_intervention_rate": 0.26666666666666666,
  "cell": "het_gsaca",
  "gsaca_detected_structure": "anti_coord",
  "gsaca_oracle_structure": "anti_coord",
  "gsaca_detection_correct": true,
  "gsaca_split_score": 1.5,
  "gsaca_warmup_episodes": 2,
  "gsaca_n_observations": 10,
  "wall_time_s": 469.06206727027893,
  "config": {
    "game": "chicken",
    "n_agents": 2,
    "horizon": 5,
    "memory": 2,
    "models_homo": "Qwen/Qwen2.5-7B-Instruct",
    "temp_homo": 0.7,
    "tom_order": 1,
    "seed": 42,
    "cell_name": "het_gsaca",
    "gate_trust_threshold": 0.6,
    "gate_ema_alpha": 0.3,
    "atom_warmup": 3,
    "homogeneous": false,
    "use_tom": true,
    "use_talk": true,
    "adaptive_tom": true,
    "gated_talk_tom": true,
    "diversity_preserving_gate": true
  },
  "team_mean_payoff": 2.3600000000000003
}