{
  "perspective_diversity": 0.11819462465949862,
  "cooperation_payoff": 1.7800000000000002,
  "cooperation_payoff_ci": [
    1.486666666666667,
    2.053499999999999
  ],
  "equilibrium_convergence": 0.9866666666666667,
  "tom_prediction_accuracy": 0.6433333333333333,
  "tom_prediction_accuracy_ci": [
    0.59,
    0.6966666666666667
  ],
  "n_episodes": 30,
  "action_dist_agent1": [
    0.78,
    0.22
  ],
  "per_episode_payoffs": [
    1.2,
    2.2,
    2.6,
    1.0,
    2.4,
    2.2,
    2.2,
    0.6,
    2.6,
    0.6,
    1.4,
    3.0,
    0.6,
    2.6,
    1.4,
    2.8,
    2.2,
    1.8,
    0.6,
    1.2,
    2.6,
    2.8,
    2.8,
    1.6,
    1.2,
    1.6,
    2.4,
    0.6,
    1.6,
    1.0
  ],
  "gate_trust_rate": 0.9866666666666667,
  "gated_prediction_accuracy": 0.77,
  "signal_accuracy": 0.7766666666666666,
  "tom_belief_accuracy_in_gated": 0.6433333333333333,
  "dp_conflict_rate": 0.38,
  "dp_intervention_rate": 0.38,
  "cell": "het_dp_gated_atom_talk",
  "wall_time_s": 503.26824474334717,
  "config": {
    "game": "battle_of_the_sexes",
    "n_agents": 2,
    "horizon": 5,
    "memory": 2,
    "models_homo": "Qwen/Qwen2.5-7B-Instruct",
    "temp_homo": 0.7,
    "tom_order": 1,
    "seed": 46,
    "cell_name": "het_dp_gated_atom_talk",
    "gate_trust_threshold": 0.3,
    "gate_ema_alpha": 0.3,
    "atom_warmup": 3,
    "homogeneous": false,
    "use_tom": true,
    "use_talk": true,
    "adaptive_tom": true,
    "gated_talk_tom": true,
    "diversity_preserving_gate": true
  },
  "team_mean_payoff": 1.6166666666666667
}