{
  "perspective_diversity": 0.03254895134820768,
  "cooperation_payoff": 1.3066666666666669,
  "cooperation_payoff_ci": [
    1.0066666666666668,
    1.6133333333333333
  ],
  "equilibrium_convergence": 0.9199999999999999,
  "tom_prediction_accuracy": 0.5233333333333333,
  "tom_prediction_accuracy_ci": [
    0.47,
    0.5833333333333334
  ],
  "n_episodes": 30,
  "action_dist_agent1": [
    0.4666666666666667,
    0.5333333333333333
  ],
  "per_episode_payoffs": [
    3.0,
    0.6,
    1.4,
    1.4,
    1.4,
    0.6,
    1.6,
    1.0,
    0.8,
    2.8,
    0.8,
    0.8,
    1.2,
    0.6,
    2.2,
    1.0,
    1.4,
    2.2,
    3.0,
    0.2,
    0.4,
    1.4,
    2.0,
    2.6,
    1.2,
    -0.6,
    1.6,
    0.6,
    1.4,
    0.6
  ],
  "gate_trust_rate": 0.7266666666666667,
  "gated_prediction_accuracy": 0.5233333333333333,
  "signal_accuracy": 0.5366666666666666,
  "tom_belief_accuracy_in_gated": 0.5233333333333333,
  "dp_conflict_rate": 0.44,
  "dp_intervention_rate": 0.44,
  "cell": "het_gated_atom_talk",
  "wall_time_s": 479.4239032268524,
  "config": {
    "game": "hawk_dove",
    "n_agents": 2,
    "horizon": 5,
    "memory": 2,
    "models_homo": "Qwen/Qwen2.5-7B-Instruct",
    "temp_homo": 0.7,
    "tom_order": 1,
    "seed": 43,
    "cell_name": "het_gated_atom_talk",
    "gate_trust_threshold": 0.6,
    "gate_ema_alpha": 0.3,
    "atom_warmup": 3,
    "homogeneous": false,
    "use_tom": true,
    "use_talk": true,
    "adaptive_tom": true,
    "gated_talk_tom": true,
    "diversity_preserving_gate": false
  },
  "team_mean_payoff": 1.1166666666666667
}