{
  "perspective_diversity": 0.2775614824294762,
  "cooperation_payoff": 2.8533333333333326,
  "cooperation_payoff_ci": [
    2.4599999999999995,
    3.273333333333332
  ],
  "equilibrium_convergence": 0.9866666666666666,
  "tom_prediction_accuracy": 0.6933333333333334,
  "tom_prediction_accuracy_ci": [
    0.64,
    0.7433333333333333
  ],
  "n_episodes": 30,
  "action_dist_agent1": [
    0.26,
    0.74
  ],
  "per_episode_payoffs": [
    2.6,
    4.6,
    0.6,
    2.8,
    1.6,
    2.2,
    4.6,
    3.6,
    2.0,
    4.6,
    3.2,
    1.8,
    4.6,
    2.6,
    3.2,
    1.8,
    2.6,
    1.2,
    4.6,
    2.6,
    2.8,
    3.6,
    1.6,
    2.4,
    1.2,
    4.6,
    2.6,
    3.2,
    2.6,
    3.6
  ],
  "gate_trust_rate": 0.98,
  "gated_prediction_accuracy": 0.6633333333333333,
  "signal_accuracy": 0.6633333333333333,
  "tom_belief_accuracy_in_gated": 0.6933333333333334,
  "dp_conflict_rate": 0.25,
  "dp_intervention_rate": 0.25,
  "cell": "het_dp_gated_atom_talk",
  "wall_time_s": 460.4465265274048,
  "config": {
    "game": "chicken",
    "n_agents": 2,
    "horizon": 5,
    "memory": 2,
    "models_homo": "Qwen/Qwen2.5-7B-Instruct",
    "temp_homo": 0.7,
    "tom_order": 1,
    "seed": 46,
    "cell_name": "het_dp_gated_atom_talk",
    "gate_trust_threshold": 0.45,
    "gate_ema_alpha": 0.3,
    "atom_warmup": 3,
    "homogeneous": false,
    "use_tom": true,
    "use_talk": true,
    "adaptive_tom": true,
    "gated_talk_tom": true,
    "diversity_preserving_gate": true
  },
  "team_mean_payoff": 2.1199999999999997
}