{
  "perspective_diversity": 0.07855493547628371,
  "cooperation_payoff": 2.6179999999999994,
  "cooperation_payoff_ci": [
    2.5540000000000003,
    2.682
  ],
  "equilibrium_convergence": 0.98,
  "tom_prediction_accuracy": 0.66,
  "tom_prediction_accuracy_ci": [
    0.6333333333333333,
    0.6858333333333333
  ],
  "n_episodes": 20,
  "action_dist_agent1": [
    0.77,
    0.23
  ],
  "per_episode_payoffs": [
    2.56,
    2.6,
    2.44,
    2.6,
    2.4799999999999995,
    2.76,
    2.72,
    2.72,
    2.8800000000000003,
    2.6399999999999997,
    2.76,
    2.6399999999999997,
    2.56,
    2.4400000000000004,
    2.52,
    2.68,
    2.7600000000000002,
    2.3600000000000003,
    2.84,
    2.4000000000000004
  ],
  "gate_trust_rate": 0.9466666666666667,
  "gated_prediction_accuracy": 0.8008333333333333,
  "signal_accuracy": 0.8375,
  "tom_belief_accuracy_in_gated": 0.66,
  "dp_conflict_rate": 0.2875,
  "dp_intervention_rate": 0.2875,
  "cell": "het_dp_gated_atom_talk",
  "wall_time_s": 2823.274778366089,
  "config": {
    "game": "public_goods",
    "n_agents": 4,
    "horizon": 5,
    "memory": 2,
    "models_homo": "Qwen/Qwen2.5-7B-Instruct",
    "temp_homo": 0.7,
    "tom_order": 1,
    "seed": 42,
    "cell_name": "het_dp_gated_atom_talk",
    "gate_trust_threshold": 0.6,
    "gate_ema_alpha": 0.3,
    "atom_warmup": 3,
    "homogeneous": false,
    "use_tom": true,
    "use_talk": true,
    "adaptive_tom": true,
    "gated_talk_tom": true,
    "diversity_preserving_gate": true
  },
  "team_mean_payoff": 2.5205
}