{
  "perspective_diversity": 0.20088067018274358,
  "cooperation_payoff": 2.786666666666666,
  "cooperation_payoff_ci": [
    2.4066666666666667,
    3.1733333333333325
  ],
  "equilibrium_convergence": 0.9733333333333334,
  "tom_prediction_accuracy": 0.6433333333333333,
  "tom_prediction_accuracy_ci": [
    0.5866666666666667,
    0.7
  ],
  "n_episodes": 30,
  "action_dist_agent1": [
    0.29333333333333333,
    0.7066666666666667
  ],
  "per_episode_payoffs": [
    2.6,
    2.2,
    1.6,
    2.6,
    2.6,
    1.0,
    2.6,
    3.6,
    2.2,
    4.2,
    3.6,
    1.6,
    1.8,
    3.6,
    4.6,
    3.2,
    3.6,
    4.6,
    3.6,
    4.2,
    2.2,
    1.4,
    0.6,
    3.6,
    4.6,
    2.0,
    1.6,
    3.6,
    2.6,
    1.8
  ],
  "gate_trust_rate": 0.89,
  "gated_prediction_accuracy": 0.6766666666666666,
  "signal_accuracy": 0.6733333333333333,
  "tom_belief_accuracy_in_gated": 0.6433333333333333,
  "dp_conflict_rate": 0.2633333333333333,
  "dp_intervention_rate": 0.2633333333333333,
  "cell": "het_dp_gated_atom_talk",
  "wall_time_s": 465.4946789741516,
  "config": {
    "game": "chicken",
    "n_agents": 2,
    "horizon": 5,
    "memory": 2,
    "models_homo": "Qwen/Qwen2.5-7B-Instruct",
    "temp_homo": 0.7,
    "tom_order": 1,
    "seed": 46,
    "cell_name": "het_dp_gated_atom_talk",
    "gate_trust_threshold": 0.6,
    "gate_ema_alpha": 0.3,
    "atom_warmup": 3,
    "homogeneous": false,
    "use_tom": true,
    "use_talk": true,
    "adaptive_tom": true,
    "gated_talk_tom": true,
    "diversity_preserving_gate": true
  },
  "team_mean_payoff": 2.1599999999999997
}