{
  "perspective_diversity": 0.5558578031378323,
  "cooperation_payoff": 2.786666666666666,
  "cooperation_payoff_ci": [
    2.726666666666666,
    2.8399999999999994
  ],
  "equilibrium_convergence": 0.8933333333333333,
  "tom_prediction_accuracy": 0.86,
  "tom_prediction_accuracy_ci": [
    0.82,
    0.8966666666666666
  ],
  "n_episodes": 30,
  "action_dist_agent1": [
    0.7866666666666666,
    0.21333333333333335
  ],
  "per_episode_payoffs": [
    2.6,
    2.6,
    2.8,
    2.6,
    2.8,
    2.6,
    2.6,
    2.8,
    3.0,
    2.8,
    2.6,
    3.0,
    2.6,
    3.0,
    2.6,
    3.0,
    2.8,
    2.8,
    2.8,
    2.6,
    2.8,
    3.0,
    3.0,
    2.8,
    3.0,
    2.6,
    3.0,
    2.8,
    2.8,
    2.8
  ],
  "gate_trust_rate": 0.99,
  "gated_prediction_accuracy": 0.8933333333333333,
  "signal_accuracy": 0.8966666666666666,
  "tom_belief_accuracy_in_gated": 0.86,
  "dp_conflict_rate": 0.056666666666666664,
  "dp_intervention_rate": 0.056666666666666664,
  "cell": "het_dp_gated_atom_talk",
  "wall_time_s": 574.3540041446686,
  "config": {
    "game": "stag_hunt",
    "n_agents": 2,
    "horizon": 5,
    "memory": 2,
    "models_homo": "Qwen/Qwen2.5-7B-Instruct",
    "temp_homo": 0.7,
    "tom_order": 1,
    "seed": 51,
    "cell_name": "het_dp_gated_atom_talk",
    "gate_trust_threshold": 0.6,
    "gate_ema_alpha": 0.3,
    "atom_warmup": 3,
    "homogeneous": false,
    "use_tom": true,
    "use_talk": true,
    "adaptive_tom": true,
    "gated_talk_tom": true,
    "diversity_preserving_gate": true
  },
  "team_mean_payoff": 2.5799999999999996
}