{
  "perspective_diversity": 0.13094218981472128,
  "cooperation_payoff": 2.28,
  "cooperation_payoff_ci": [
    2.0798333333333336,
    2.4799999999999995
  ],
  "equilibrium_convergence": 0.8799999999999999,
  "tom_prediction_accuracy": 0.6166666666666667,
  "tom_prediction_accuracy_ci": [
    0.56,
    0.6733333333333333
  ],
  "n_episodes": 30,
  "action_dist_agent1": [
    0.5,
    0.5
  ],
  "per_episode_payoffs": [
    2.6,
    1.6,
    3.0,
    2.0,
    2.6,
    2.2,
    1.6,
    3.0,
    2.6,
    3.2,
    2.2,
    2.0,
    2.2,
    2.6,
    2.2,
    2.6,
    2.6,
    1.6,
    1.8,
    2.8,
    0.8,
    3.0,
    2.4,
    2.8,
    2.6,
    1.0,
    2.2,
    2.2,
    1.8,
    2.6
  ],
  "gate_trust_rate": 0.9366666666666666,
  "gated_prediction_accuracy": 0.7133333333333334,
  "signal_accuracy": 0.71,
  "tom_belief_accuracy_in_gated": 0.6166666666666667,
  "dp_conflict_rate": 0.2733333333333333,
  "dp_intervention_rate": 0.2733333333333333,
  "cell": "het_dp_gated_atom_talk",
  "wall_time_s": 522.4346187114716,
  "config": {
    "game": "deadlock",
    "n_agents": 2,
    "horizon": 5,
    "memory": 2,
    "models_homo": "Qwen/Qwen2.5-7B-Instruct",
    "temp_homo": 0.7,
    "tom_order": 1,
    "seed": 42,
    "cell_name": "het_dp_gated_atom_talk",
    "homogeneous": false,
    "use_tom": true,
    "use_talk": true,
    "adaptive_tom": true,
    "gated_talk_tom": true,
    "diversity_preserving_gate": true
  },
  "team_mean_payoff": 1.7999999999999996
}