{
  "perspective_diversity": 0.07455588106570929,
  "cooperation_payoff": 2.18,
  "cooperation_payoff_ci": [
    2.02,
    2.3466666666666667
  ],
  "equilibrium_convergence": 0.9333333333333333,
  "tom_prediction_accuracy": 0.67,
  "tom_prediction_accuracy_ci": [
    0.6166666666666667,
    0.7233333333333334
  ],
  "n_episodes": 30,
  "action_dist_agent1": [
    0.5533333333333333,
    0.44666666666666666
  ],
  "per_episode_payoffs": [
    1.6,
    2.0,
    2.0,
    2.8,
    2.8,
    2.4,
    3.2,
    2.0,
    2.4,
    2.2,
    2.2,
    3.0,
    1.4,
    2.2,
    2.0,
    2.2,
    1.8,
    1.8,
    2.0,
    2.2,
    2.4,
    2.4,
    1.8,
    2.8,
    2.2,
    1.2,
    2.0,
    2.6,
    2.0,
    1.8
  ],
  "gate_trust_rate": 0.97,
  "gated_prediction_accuracy": 0.7466666666666667,
  "signal_accuracy": 0.73,
  "tom_belief_accuracy_in_gated": 0.67,
  "dp_conflict_rate": 0.24,
  "dp_intervention_rate": 0.24,
  "cell": "het_gated_atom_talk",
  "wall_time_s": 501.8209557533264,
  "config": {
    "game": "deadlock",
    "n_agents": 2,
    "horizon": 5,
    "memory": 2,
    "models_homo": "Qwen/Qwen2.5-7B-Instruct",
    "temp_homo": 0.7,
    "tom_order": 1,
    "seed": 46,
    "cell_name": "het_gated_atom_talk",
    "homogeneous": false,
    "use_tom": true,
    "use_talk": true,
    "adaptive_tom": true,
    "gated_talk_tom": true,
    "diversity_preserving_gate": false
  },
  "team_mean_payoff": 1.8199999999999998
}