{
  "perspective_diversity": 0.019065374913529123,
  "cooperation_payoff": 1.9733333333333332,
  "cooperation_payoff_ci": [
    1.8066666666666664,
    2.1599999999999993
  ],
  "equilibrium_convergence": 0.8933333333333333,
  "tom_prediction_accuracy": 0.66,
  "tom_prediction_accuracy_ci": [
    0.6033333333333334,
    0.7133333333333334
  ],
  "n_episodes": 30,
  "action_dist_agent1": [
    0.29333333333333333,
    0.7066666666666667
  ],
  "per_episode_payoffs": [
    1.4,
    0.8,
    1.6,
    2.2,
    2.6,
    1.8,
    2.0,
    2.4,
    1.8,
    1.6,
    2.8,
    2.2,
    2.8,
    2.2,
    1.6,
    2.6,
    1.8,
    1.0,
    2.4,
    1.6,
    2.2,
    1.6,
    2.2,
    1.8,
    2.4,
    2.0,
    2.2,
    1.8,
    2.0,
    1.8
  ],
  "gate_trust_rate": 0.9766666666666667,
  "gated_prediction_accuracy": 0.88,
  "signal_accuracy": 0.89,
  "tom_belief_accuracy_in_gated": 0.66,
  "dp_conflict_rate": 0.37,
  "dp_intervention_rate": 0.37,
  "cell": "hom_gated_atom_talk",
  "wall_time_s": 824.4590933322906,
  "config": {
    "game": "battle_of_the_sexes",
    "n_agents": 2,
    "horizon": 5,
    "memory": 2,
    "models_homo": "THUDM/GLM-4-9B-0414",
    "temp_homo": 0.7,
    "tom_order": 1,
    "seed": 42,
    "cell_name": "hom_gated_atom_talk",
    "gate_trust_threshold": 0.6,
    "gate_ema_alpha": 0.3,
    "atom_warmup": 3,
    "homogeneous": true,
    "use_tom": true,
    "use_talk": true,
    "adaptive_tom": true,
    "gated_talk_tom": true,
    "diversity_preserving_gate": false
  },
  "team_mean_payoff": 2.1333333333333333
}