{
  "perspective_diversity": 0.029793857466475185,
  "cooperation_payoff": 1.6533333333333333,
  "cooperation_payoff_ci": [
    1.4466666666666665,
    1.8334999999999995
  ],
  "equilibrium_convergence": 1.0,
  "tom_prediction_accuracy": 0.8333333333333334,
  "tom_prediction_accuracy_ci": [
    0.79,
    0.8734166666666662
  ],
  "n_episodes": 30,
  "action_dist_agent1": [
    0.9066666666666666,
    0.09333333333333334
  ],
  "per_episode_payoffs": [
    1.6,
    2.0,
    1.6,
    0.4,
    2.0,
    1.6,
    1.6,
    1.6,
    2.0,
    1.6,
    2.0,
    1.2,
    2.0,
    2.0,
    0.2,
    1.6,
    2.2,
    2.0,
    2.2,
    2.0,
    1.6,
    0.8,
    0.8,
    2.0,
    2.2,
    2.0,
    2.0,
    0.8,
    2.0,
    2.0
  ],
  "gate_trust_rate": 0.9533333333333334,
  "gated_prediction_accuracy": 0.8333333333333334,
  "signal_accuracy": 0.82,
  "tom_belief_accuracy_in_gated": 0.8333333333333334,
  "dp_conflict_rate": 0.16,
  "dp_intervention_rate": 0.16,
  "cell": "hom_dp_gated_atom_talk",
  "wall_time_s": 790.8456008434296,
  "config": {
    "game": "hawk_dove",
    "n_agents": 2,
    "horizon": 5,
    "memory": 2,
    "models_homo": "THUDM/GLM-4-9B-0414",
    "temp_homo": 0.7,
    "tom_order": 1,
    "seed": 46,
    "cell_name": "hom_dp_gated_atom_talk",
    "gate_trust_threshold": 0.6,
    "gate_ema_alpha": 0.3,
    "atom_warmup": 3,
    "homogeneous": true,
    "use_tom": true,
    "use_talk": true,
    "adaptive_tom": true,
    "gated_talk_tom": true,
    "diversity_preserving_gate": true
  },
  "team_mean_payoff": 1.7833333333333337
}