{
  "perspective_diversity": 0.23914537475810985,
  "cooperation_payoff": 2.493333333333333,
  "cooperation_payoff_ci": [
    2.26,
    2.726666666666666
  ],
  "equilibrium_convergence": 0.9466666666666667,
  "tom_prediction_accuracy": 0.6,
  "tom_prediction_accuracy_ci": [
    0.5433333333333333,
    0.6566666666666666
  ],
  "n_episodes": 30,
  "action_dist_agent1": [
    0.4533333333333333,
    0.5466666666666666
  ],
  "per_episode_payoffs": [
    2.6,
    2.8,
    1.6,
    3.2,
    3.2,
    1.8,
    3.0,
    2.4,
    2.8,
    1.8,
    2.6,
    1.6,
    2.0,
    2.0,
    3.2,
    3.0,
    1.8,
    3.2,
    3.6,
    3.2,
    3.6,
    1.4,
    1.6,
    2.2,
    2.2,
    1.8,
    2.0,
    3.2,
    2.6,
    2.8
  ],
  "gate_trust_rate": 0.9233333333333333,
  "gated_prediction_accuracy": 0.69,
  "signal_accuracy": 0.6933333333333334,
  "tom_belief_accuracy_in_gated": 0.6,
  "dp_conflict_rate": 0.29333333333333333,
  "dp_intervention_rate": 0.29333333333333333,
  "cell": "het_gsaca",
  "gsaca_detected_structure": "anti_coord",
  "gsaca_oracle_structure": "anti_coord",
  "gsaca_detection_correct": true,
  "gsaca_split_score": 0.23076923076923084,
  "gsaca_warmup_episodes": 5,
  "gsaca_n_observations": 25,
  "wall_time_s": 547.3104562759399,
  "config": {
    "game": "deadlock",
    "n_agents": 2,
    "horizon": 5,
    "memory": 2,
    "models_homo": "Qwen/Qwen2.5-7B-Instruct",
    "temp_homo": 0.7,
    "tom_order": 1,
    "seed": 44,
    "cell_name": "het_gsaca",
    "gate_trust_threshold": 0.6,
    "gate_ema_alpha": 0.3,
    "atom_warmup": 3,
    "homogeneous": false,
    "use_tom": true,
    "use_talk": true,
    "adaptive_tom": true,
    "gated_talk_tom": true,
    "diversity_preserving_gate": true
  },
  "team_mean_payoff": 1.8533333333333328
}