{
  "perspective_diversity": 0.23767453383294546,
  "cooperation_payoff": 1.6133333333333335,
  "cooperation_payoff_ci": [
    1.3800000000000006,
    1.8400000000000003
  ],
  "equilibrium_convergence": 0.9199999999999999,
  "tom_prediction_accuracy": 0.56,
  "tom_prediction_accuracy_ci": [
    0.5033333333333333,
    0.6166666666666667
  ],
  "n_episodes": 30,
  "action_dist_agent1": [
    0.8133333333333334,
    0.18666666666666668
  ],
  "per_episode_payoffs": [
    0.6,
    1.0,
    2.6,
    2.2,
    2.2,
    2.8,
    1.6,
    2.2,
    1.0,
    2.2,
    2.2,
    1.6,
    1.0,
    1.2,
    1.0,
    1.8,
    0.6,
    1.0,
    1.6,
    2.2,
    1.6,
    1.8,
    1.2,
    2.6,
    1.6,
    1.2,
    0.6,
    1.6,
    2.4,
    1.2
  ],
  "gate_trust_rate": 0.97,
  "gated_prediction_accuracy": 0.7333333333333333,
  "signal_accuracy": 0.75,
  "tom_belief_accuracy_in_gated": 0.56,
  "dp_conflict_rate": 0.3433333333333333,
  "dp_intervention_rate": 0.3433333333333333,
  "cell": "het_dp_gated_atom_talk",
  "wall_time_s": 483.4515702724457,
  "config": {
    "game": "battle_of_the_sexes",
    "n_agents": 2,
    "horizon": 5,
    "memory": 2,
    "models_homo": "Qwen/Qwen2.5-7B-Instruct",
    "temp_homo": 0.7,
    "tom_order": 1,
    "seed": 43,
    "cell_name": "het_dp_gated_atom_talk",
    "gate_trust_threshold": 0.45,
    "gate_ema_alpha": 0.3,
    "atom_warmup": 3,
    "homogeneous": false,
    "use_tom": true,
    "use_talk": true,
    "adaptive_tom": true,
    "gated_talk_tom": true,
    "diversity_preserving_gate": true
  },
  "team_mean_payoff": 1.4666666666666666
}