{
  "perspective_diversity": 0.4780146714604919,
  "cooperation_payoff": 3.2466666666666657,
  "cooperation_payoff_ci": [
    2.879833333333332,
    3.5999999999999988
  ],
  "equilibrium_convergence": 0.9066666666666666,
  "tom_prediction_accuracy": 0.6866666666666666,
  "tom_prediction_accuracy_ci": [
    0.6333333333333333,
    0.74
  ],
  "n_episodes": 30,
  "action_dist_agent1": [
    0.23333333333333334,
    0.7666666666666667
  ],
  "per_episode_payoffs": [
    3.6,
    3.6,
    2.6,
    3.6,
    4.6,
    2.4,
    2.4,
    4.6,
    4.6,
    2.6,
    4.6,
    2.6,
    3.6,
    3.6,
    1.8,
    2.2,
    2.6,
    2.2,
    2.6,
    4.6,
    2.6,
    4.6,
    2.6,
    4.6,
    2.2,
    2.6,
    3.6,
    3.6,
    1.0,
    5.0
  ],
  "gate_trust_rate": 0.8966666666666666,
  "gated_prediction_accuracy": 0.6933333333333334,
  "signal_accuracy": 0.6633333333333333,
  "tom_belief_accuracy_in_gated": 0.6866666666666666,
  "dp_conflict_rate": 0.25666666666666665,
  "dp_intervention_rate": 0.25666666666666665,
  "cell": "het_gsaca",
  "gsaca_detected_structure": "anti_coord",
  "gsaca_oracle_structure": "anti_coord",
  "gsaca_detection_correct": true,
  "gsaca_split_score": 1.4,
  "gsaca_warmup_episodes": 8,
  "gsaca_n_observations": 40,
  "wall_time_s": 459.36269426345825,
  "config": {
    "game": "chicken",
    "n_agents": 2,
    "horizon": 5,
    "memory": 2,
    "models_homo": "Qwen/Qwen2.5-7B-Instruct",
    "temp_homo": 0.7,
    "tom_order": 1,
    "seed": 46,
    "cell_name": "het_gsaca",
    "gate_trust_threshold": 0.6,
    "gate_ema_alpha": 0.3,
    "atom_warmup": 3,
    "homogeneous": false,
    "use_tom": true,
    "use_talk": true,
    "adaptive_tom": true,
    "gated_talk_tom": true,
    "diversity_preserving_gate": true
  },
  "team_mean_payoff": 2.2999999999999994
}