seed,cell,perspective_diversity,cooperation_payoff,payoff_ci_lo,payoff_ci_hi,equilibrium_convergence,tom_prediction_accuracy,tom_ci_lo,tom_ci_hi,n_episodes,wall_time_s
1,hom_notom,0.15365168075656566,2.2733333333333334,1.9465000000000001,2.586666666666667,1.0,nan,nan,nan,30,26.3
1,hom_tom,0.05310319043132472,2.2533333333333334,2.0733333333333337,2.4466666666666668,1.0,0.69,0.6366666666666667,0.74,30,103.1
1,het_notom,1.7992251120851521,0.5866666666666664,0.5000000000000001,0.6799999999999999,1.0,nan,nan,nan,30,17.7
1,het_tom,0.5477037506618654,1.2933333333333332,1.0733333333333337,1.506666666666667,0.9866666666666667,0.5466666666666666,0.4899166666666668,0.6033333333333334,30,106.0