{
  "perspective_diversity": 0.10619537307201152,
  "cooperation_payoff": 1.253685788666143,
  "cooperation_payoff_ci": [
    0.85197348483414,
    1.6115121183129273
  ],
  "equilibrium_convergence": 0.9333333333333333,
  "tom_prediction_accuracy": 0.61,
  "tom_prediction_accuracy_ci": [
    0.5533333333333333,
    0.6633333333333333
  ],
  "n_episodes": 30,
  "action_dist_agent1": [
    0.42,
    0.58
  ],
  "per_episode_payoffs": [
    2.420712928463364,
    1.6604971652090104,
    0.48713380211123375,
    -0.25479599544642195,
    -1.2998349650193588,
    0.9188932816552866,
    1.6179184617043094,
    1.6088175044775834,
    2.949932826778528,
    0.361194423942114,
    0.08500165906008963,
    0.2536784309069319,
    -0.4966333072042361,
    1.7747801017115967,
    2.0557962067087994,
    0.6436006700339181,
    1.7544479361678385,
    1.250818214730393,
    0.8691438669956213,
    2.220275513676622,
    2.1743757409756634,
    2.648903622514646,
    2.595090359259345,
    0.4830702968668141,
    1.936835173374061,
    1.420634140272716,
    2.2436738142900166,
    -0.11271711693044217,
    1.8681439370817305,
    1.4711849656165057
  ],
  "gate_trust_rate": 0.83,
  "gated_prediction_accuracy": 0.6566666666666666,
  "signal_accuracy": 0.6333333333333333,
  "tom_belief_accuracy_in_gated": 0.61,
  "dp_conflict_rate": 0.4033333333333333,
  "dp_intervention_rate": 0.4033333333333333,
  "cell": "het_gsaca",
  "gsaca_detected_structure": "anti_coord",
  "gsaca_oracle_structure": "anti_coord",
  "gsaca_detection_correct": true,
  "gsaca_split_score": 1.5179365646188774,
  "gsaca_warmup_episodes": 5,
  "gsaca_n_observations": 25,
  "wall_time_s": 465.13121223449707,
  "config": {
    "game": "hawk_dove",
    "n_agents": 2,
    "horizon": 5,
    "memory": 2,
    "models_homo": "Qwen/Qwen2.5-7B-Instruct",
    "temp_homo": 0.7,
    "tom_order": 1,
    "seed": 45,
    "cell_name": "het_gsaca",
    "gate_trust_threshold": 0.6,
    "gate_ema_alpha": 0.3,
    "atom_warmup": 3,
    "homogeneous": false,
    "use_tom": true,
    "use_talk": true,
    "adaptive_tom": true,
    "gated_talk_tom": true,
    "diversity_preserving_gate": true
  },
  "team_mean_payoff": 0.9697029028262616
}