{
  "perspective_diversity": 0.029349507703019747,
  "cooperation_payoff": 2.5420000000000007,
  "cooperation_payoff_ci": [
    2.508,
    2.5740000000000003
  ],
  "equilibrium_convergence": 0.94,
  "tom_prediction_accuracy": 0.7958333333333333,
  "tom_prediction_accuracy_ci": [
    0.7733125000000001,
    0.8183333333333334
  ],
  "n_episodes": 20,
  "action_dist_agent1": [
    0.97,
    0.03
  ],
  "per_episode_payoffs": [
    2.6399999999999997,
    2.48,
    2.4800000000000004,
    2.4400000000000004,
    2.4400000000000004,
    2.6,
    2.6,
    2.6,
    2.6,
    2.6,
    2.3600000000000003,
    2.6,
    2.52,
    2.4400000000000004,
    2.6,
    2.52,
    2.6,
    2.52,
    2.6,
    2.6
  ],
  "gate_trust_rate": 0.8944444444444445,
  "gated_prediction_accuracy": 0.7055555555555556,
  "signal_accuracy": 0.7666666666666667,
  "tom_belief_accuracy_in_gated": 0.6055555555555555,
  "dp_conflict_rate": 0.38333333333333336,
  "dp_intervention_rate": 0.38333333333333336,
  "cell": "het_gsaca",
  "gsaca_detected_structure": "coord",
  "gsaca_oracle_structure": "coord",
  "gsaca_detection_correct": true,
  "gsaca_split_score": -0.2142857142857144,
  "gsaca_warmup_episodes": 3,
  "gsaca_n_observations": 15,
  "wall_time_s": 2533.641932487488,
  "config": {
    "game": "public_goods",
    "n_agents": 4,
    "horizon": 5,
    "memory": 2,
    "models_homo": "Qwen/Qwen2.5-7B-Instruct",
    "temp_homo": 0.7,
    "tom_order": 1,
    "seed": 59,
    "cell_name": "het_gsaca",
    "gate_trust_threshold": 0.6,
    "gate_ema_alpha": 0.3,
    "atom_warmup": 3,
    "homogeneous": false,
    "use_tom": true,
    "use_talk": true,
    "adaptive_tom": true,
    "gated_talk_tom": true,
    "diversity_preserving_gate": true
  },
  "team_mean_payoff": 2.567
}