{
  "perspective_diversity": 0.3585132978017216,
  "cooperation_payoff": 3.0266666666666664,
  "cooperation_payoff_ci": [
    2.586666666666666,
    3.459999999999999
  ],
  "equilibrium_convergence": 0.9466666666666667,
  "tom_prediction_accuracy": 0.6633333333333333,
  "tom_prediction_accuracy_ci": [
    0.61,
    0.7134166666666663
  ],
  "n_episodes": 30,
  "action_dist_agent1": [
    0.26666666666666666,
    0.7333333333333333
  ],
  "per_episode_payoffs": [
    2.2,
    4.6,
    3.6,
    3.6,
    2.6,
    1.8,
    4.6,
    2.6,
    2.2,
    1.2,
    2.6,
    4.6,
    4.2,
    3.6,
    3.6,
    2.2,
    3.6,
    4.6,
    1.6,
    1.0,
    1.8,
    2.2,
    2.2,
    3.6,
    1.6,
    4.6,
    1.2,
    4.6,
    4.2,
    4.2
  ],
  "gate_trust_rate": 0.8966666666666666,
  "gated_prediction_accuracy": 0.68,
  "signal_accuracy": 0.6766666666666666,
  "tom_belief_accuracy_in_gated": 0.6633333333333333,
  "dp_conflict_rate": 0.25333333333333335,
  "dp_intervention_rate": 0.25333333333333335,
  "cell": "het_combo_anti",
  "wall_time_s": 642.3640687465668,
  "config": {
    "game": "chicken",
    "n_agents": 2,
    "horizon": 5,
    "memory": 2,
    "models_homo": "Qwen/Qwen2.5-7B-Instruct",
    "temp_homo": 0.7,
    "tom_order": 1,
    "seed": 44,
    "cell_name": "het_combo_anti",
    "gate_trust_threshold": 0.6,
    "gate_ema_alpha": 0.3,
    "atom_warmup": 3,
    "homogeneous": false,
    "use_tom": true,
    "use_talk": true,
    "adaptive_tom": true,
    "gated_talk_tom": true,
    "diversity_preserving_gate": true,
    "role_asymmetric_hint": true,
    "history_split_hint": true,
    "adaptive_intervention": true,
    "adaptive_interv_threshold": 0.3
  },
  "team_mean_payoff": 2.2
}