{
  "perspective_diversity": 0.10234672590292238,
  "cooperation_payoff": 2.193333333333334,
  "cooperation_payoff_ci": [
    2.02,
    2.3733333333333335
  ],
  "equilibrium_convergence": 0.9333333333333333,
  "tom_prediction_accuracy": 0.7133333333333334,
  "tom_prediction_accuracy_ci": [
    0.66,
    0.7633333333333333
  ],
  "n_episodes": 30,
  "action_dist_agent1": [
    0.5133333333333333,
    0.4866666666666667
  ],
  "per_episode_payoffs": [
    2.0,
    2.8,
    2.2,
    3.2,
    1.6,
    2.0,
    1.6,
    2.2,
    1.4,
    2.4,
    2.0,
    2.2,
    1.8,
    2.4,
    2.0,
    2.4,
    2.4,
    2.0,
    2.6,
    1.6,
    3.2,
    2.0,
    2.2,
    2.2,
    1.4,
    2.2,
    3.2,
    1.8,
    2.0,
    2.8
  ],
  "gate_trust_rate": 0.9733333333333334,
  "gated_prediction_accuracy": 0.79,
  "signal_accuracy": 0.7833333333333333,
  "tom_belief_accuracy_in_gated": 0.7133333333333334,
  "dp_conflict_rate": 0.2633333333333333,
  "dp_intervention_rate": 0.2633333333333333,
  "cell": "het_gated_atom_talk",
  "wall_time_s": 561.5066645145416,
  "config": {
    "game": "deadlock",
    "n_agents": 2,
    "horizon": 5,
    "memory": 2,
    "models_homo": "Qwen/Qwen2.5-7B-Instruct",
    "temp_homo": 0.7,
    "tom_order": 1,
    "seed": 45,
    "cell_name": "het_gated_atom_talk",
    "gate_trust_threshold": 0.6,
    "gate_ema_alpha": 0.3,
    "atom_warmup": 3,
    "homogeneous": false,
    "use_tom": true,
    "use_talk": true,
    "adaptive_tom": true,
    "gated_talk_tom": true,
    "diversity_preserving_gate": false
  },
  "team_mean_payoff": 1.7666666666666666
}