{
  "perspective_diversity": 0.024713106907862686,
  "cooperation_payoff": 2.533333333333333,
  "cooperation_payoff_ci": [
    2.2733333333333334,
    2.7800000000000002
  ],
  "equilibrium_convergence": 0.9066666666666667,
  "tom_prediction_accuracy": 0.7066666666666667,
  "tom_prediction_accuracy_ci": [
    0.6533333333333333,
    0.7566666666666667
  ],
  "n_episodes": 30,
  "action_dist_agent1": [
    0.5666666666666667,
    0.43333333333333335
  ],
  "per_episode_payoffs": [
    1.8,
    2.2,
    3.0,
    4.0,
    3.0,
    3.2,
    1.0,
    2.0,
    2.4,
    3.0,
    3.0,
    2.2,
    3.0,
    2.2,
    2.8,
    2.6,
    1.6,
    1.0,
    1.4,
    3.0,
    3.0,
    3.2,
    3.0,
    3.0,
    3.0,
    3.0,
    1.4,
    3.0,
    2.0,
    3.0
  ],
  "gate_trust_rate": 0.8933333333333333,
  "gated_prediction_accuracy": 0.7266666666666667,
  "signal_accuracy": 0.7066666666666667,
  "tom_belief_accuracy_in_gated": 0.7066666666666667,
  "dp_conflict_rate": 0.25333333333333335,
  "dp_intervention_rate": 0.25333333333333335,
  "cell": "het_gated_atom_talk",
  "wall_time_s": 483.58450174331665,
  "config": {
    "game": "chicken",
    "n_agents": 2,
    "horizon": 5,
    "memory": 2,
    "models_homo": "Qwen/Qwen2.5-7B-Instruct",
    "temp_homo": 0.7,
    "tom_order": 1,
    "seed": 60,
    "cell_name": "het_gated_atom_talk",
    "gate_trust_threshold": 0.6,
    "gate_ema_alpha": 0.3,
    "atom_warmup": 3,
    "homogeneous": false,
    "use_tom": true,
    "use_talk": true,
    "adaptive_tom": true,
    "gated_talk_tom": true,
    "diversity_preserving_gate": false
  },
  "team_mean_payoff": 2.3200000000000003
}