{
  "perspective_diversity": 0.2325601157602463,
  "cooperation_payoff": 2.4533333333333336,
  "cooperation_payoff_ci": [
    2.2266666666666666,
    2.68
  ],
  "equilibrium_convergence": 0.9733333333333334,
  "tom_prediction_accuracy": 0.6133333333333333,
  "tom_prediction_accuracy_ci": [
    0.56,
    0.6666666666666666
  ],
  "n_episodes": 30,
  "action_dist_agent1": [
    0.4666666666666667,
    0.5333333333333333
  ],
  "per_episode_payoffs": [
    3.2,
    1.6,
    1.0,
    1.8,
    3.2,
    3.2,
    2.8,
    2.2,
    2.2,
    1.6,
    2.4,
    3.0,
    2.4,
    3.0,
    2.6,
    2.2,
    2.8,
    3.0,
    2.6,
    1.2,
    3.2,
    1.8,
    2.2,
    3.0,
    2.6,
    3.2,
    1.2,
    2.8,
    3.2,
    2.4
  ],
  "gate_trust_rate": 0.93,
  "gated_prediction_accuracy": 0.7133333333333334,
  "signal_accuracy": 0.69,
  "tom_belief_accuracy_in_gated": 0.6133333333333333,
  "dp_conflict_rate": 0.3233333333333333,
  "dp_intervention_rate": 0.3233333333333333,
  "cell": "het_role_asym",
  "wall_time_s": 463.7687385082245,
  "config": {
    "game": "deadlock",
    "n_agents": 2,
    "horizon": 5,
    "memory": 2,
    "models_homo": "Qwen/Qwen2.5-7B-Instruct",
    "temp_homo": 0.7,
    "tom_order": 1,
    "seed": 42,
    "cell_name": "het_role_asym",
    "gate_trust_threshold": 0.6,
    "gate_ema_alpha": 0.3,
    "atom_warmup": 3,
    "homogeneous": false,
    "use_tom": true,
    "use_talk": true,
    "adaptive_tom": true,
    "gated_talk_tom": true,
    "diversity_preserving_gate": true,
    "role_asymmetric_hint": true
  },
  "team_mean_payoff": 1.8266666666666667
}