{
  "perspective_diversity": 0.2231435513130847,
  "cooperation_payoff": 2.453333333333333,
  "cooperation_payoff_ci": [
    2.2733333333333334,
    2.626833333333332
  ],
  "equilibrium_convergence": 0.9066666666666667,
  "tom_prediction_accuracy": 0.6433333333333333,
  "tom_prediction_accuracy_ci": [
    0.5866666666666667,
    0.6967499999999995
  ],
  "n_episodes": 30,
  "action_dist_agent1": [
    0.5,
    0.5
  ],
  "per_episode_payoffs": [
    1.2,
    2.4,
    3.2,
    3.2,
    2.8,
    2.4,
    2.0,
    2.2,
    2.2,
    2.8,
    2.8,
    2.0,
    2.8,
    1.8,
    2.2,
    2.2,
    2.2,
    3.0,
    2.2,
    2.0,
    2.6,
    2.8,
    3.2,
    1.6,
    3.2,
    2.4,
    1.8,
    3.2,
    2.6,
    2.6
  ],
  "gate_trust_rate": 0.9866666666666667,
  "gated_prediction_accuracy": 0.75,
  "signal_accuracy": 0.7433333333333333,
  "tom_belief_accuracy_in_gated": 0.6433333333333333,
  "dp_conflict_rate": 0.19333333333333333,
  "dp_intervention_rate": 0.19333333333333333,
  "cell": "het_adapt_interv",
  "wall_time_s": 562.5561697483063,
  "config": {
    "game": "deadlock",
    "n_agents": 2,
    "horizon": 5,
    "memory": 2,
    "models_homo": "Qwen/Qwen2.5-7B-Instruct",
    "temp_homo": 0.7,
    "tom_order": 1,
    "seed": 46,
    "cell_name": "het_adapt_interv",
    "gate_trust_threshold": 0.6,
    "gate_ema_alpha": 0.3,
    "atom_warmup": 3,
    "homogeneous": false,
    "use_tom": true,
    "use_talk": true,
    "adaptive_tom": true,
    "gated_talk_tom": true,
    "diversity_preserving_gate": true,
    "adaptive_intervention": true,
    "adaptive_interv_threshold": 0.3
  },
  "team_mean_payoff": 1.853333333333333
}