{
  "perspective_diversity": 0.01593890391898725,
  "cooperation_payoff": 1.9600000000000002,
  "cooperation_payoff_ci": [
    1.7333333333333334,
    2.1600000000000006
  ],
  "equilibrium_convergence": 1.0,
  "tom_prediction_accuracy": 0.6733333333333333,
  "tom_prediction_accuracy_ci": [
    0.6233333333333333,
    0.7266666666666667
  ],
  "n_episodes": 30,
  "action_dist_agent1": [
    0.56,
    0.44
  ],
  "per_episode_payoffs": [
    2.6,
    2.6,
    2.0,
    2.0,
    2.6,
    2.0,
    2.4,
    2.4,
    2.0,
    0.8,
    0.4,
    2.0,
    1.8,
    2.2,
    2.2,
    2.0,
    1.6,
    1.4,
    1.8,
    1.8,
    2.0,
    3.0,
    2.4,
    2.0,
    0.8,
    1.4,
    1.2,
    2.2,
    3.0,
    2.2
  ],
  "gate_trust_rate": 0.9133333333333333,
  "gated_prediction_accuracy": 0.6966666666666667,
  "signal_accuracy": 0.6633333333333333,
  "tom_belief_accuracy_in_gated": 0.6733333333333333,
  "dp_conflict_rate": 0.27,
  "dp_intervention_rate": 0.27,
  "cell": "het_gated_atom_talk",
  "wall_time_s": 551.4305939674377,
  "config": {
    "game": "deadlock",
    "n_agents": 2,
    "horizon": 5,
    "memory": 2,
    "models_homo": "Qwen/Qwen2.5-7B-Instruct",
    "temp_homo": 0.7,
    "tom_order": 1,
    "seed": 44,
    "cell_name": "het_gated_atom_talk",
    "gate_trust_threshold": 0.6,
    "gate_ema_alpha": 0.3,
    "atom_warmup": 3,
    "homogeneous": false,
    "use_tom": true,
    "use_talk": true,
    "adaptive_tom": true,
    "gated_talk_tom": true,
    "diversity_preserving_gate": false
  },
  "team_mean_payoff": 1.7866666666666662
}