{
  "perspective_diversity": 0.115547464716613,
  "cooperation_payoff": 2.6439999999999997,
  "cooperation_payoff_ci": [
    2.6,
    2.684
  ],
  "equilibrium_convergence": 0.96,
  "tom_prediction_accuracy": 0.6583333333333333,
  "tom_prediction_accuracy_ci": [
    0.6316666666666667,
    0.685
  ],
  "n_episodes": 20,
  "action_dist_agent1": [
    0.78,
    0.22
  ],
  "per_episode_payoffs": [
    2.6,
    2.8,
    2.4799999999999995,
    2.6399999999999997,
    2.6,
    2.7600000000000002,
    2.52,
    2.72,
    2.64,
    2.5599999999999996,
    2.4400000000000004,
    2.6399999999999997,
    2.7199999999999998,
    2.7600000000000002,
    2.6,
    2.6,
    2.64,
    2.7600000000000002,
    2.7600000000000002,
    2.6399999999999997
  ],
  "gate_trust_rate": 0.9575,
  "gated_prediction_accuracy": 0.8375,
  "signal_accuracy": 0.865,
  "tom_belief_accuracy_in_gated": 0.6583333333333333,
  "dp_conflict_rate": 0.29333333333333333,
  "dp_intervention_rate": 0.29333333333333333,
  "cell": "het_gated_atom_talk",
  "wall_time_s": 2794.8984804153442,
  "config": {
    "game": "public_goods",
    "n_agents": 4,
    "horizon": 5,
    "memory": 2,
    "models_homo": "Qwen/Qwen2.5-7B-Instruct",
    "temp_homo": 0.7,
    "tom_order": 1,
    "seed": 44,
    "cell_name": "het_gated_atom_talk",
    "homogeneous": false,
    "use_tom": true,
    "use_talk": true,
    "adaptive_tom": true,
    "gated_talk_tom": true,
    "diversity_preserving_gate": false
  },
  "team_mean_payoff": 2.534
}