{
  "perspective_diversity": 0.13288427225484403,
  "cooperation_payoff": 1.9533333333333331,
  "cooperation_payoff_ci": [
    1.7733333333333334,
    2.1133333333333337
  ],
  "equilibrium_convergence": 0.9866666666666667,
  "tom_prediction_accuracy": 0.8033333333333333,
  "tom_prediction_accuracy_ci": [
    0.7566666666666667,
    0.8466666666666667
  ],
  "n_episodes": 30,
  "action_dist_agent1": [
    0.7266666666666667,
    0.2733333333333333
  ],
  "per_episode_payoffs": [
    1.6,
    2.6,
    3.0,
    2.0,
    2.0,
    1.2,
    2.2,
    2.0,
    2.0,
    2.0,
    2.2,
    2.4,
    2.0,
    1.4,
    2.0,
    1.0,
    2.0,
    1.8,
    2.0,
    2.8,
    0.4,
    2.0,
    2.0,
    2.0,
    1.8,
    2.0,
    2.0,
    2.0,
    2.0,
    2.2
  ],
  "gate_trust_rate": 0.9366666666666666,
  "gated_prediction_accuracy": 0.8166666666666667,
  "signal_accuracy": 0.7866666666666666,
  "tom_belief_accuracy_in_gated": 0.8033333333333333,
  "dp_conflict_rate": 0.17,
  "dp_intervention_rate": 0.17,
  "cell": "hom_dp_gated_atom_talk",
  "wall_time_s": 1006.270791053772,
  "config": {
    "game": "hawk_dove",
    "n_agents": 2,
    "horizon": 5,
    "memory": 2,
    "models_homo": "THUDM/GLM-4-9B-0414",
    "temp_homo": 0.7,
    "tom_order": 1,
    "seed": 44,
    "cell_name": "hom_dp_gated_atom_talk",
    "gate_trust_threshold": 0.6,
    "gate_ema_alpha": 0.3,
    "atom_warmup": 3,
    "homogeneous": true,
    "use_tom": true,
    "use_talk": true,
    "adaptive_tom": true,
    "gated_talk_tom": true,
    "diversity_preserving_gate": true
  },
  "team_mean_payoff": 1.6833333333333336
}