{
  "perspective_diversity": 0.17379522510189116,
  "cooperation_payoff": 1.5533333333333335,
  "cooperation_payoff_ci": [
    1.2265000000000001,
    1.8533333333333337
  ],
  "equilibrium_convergence": 0.9333333333333333,
  "tom_prediction_accuracy": 0.6,
  "tom_prediction_accuracy_ci": [
    0.5433333333333333,
    0.6533333333333333
  ],
  "n_episodes": 30,
  "action_dist_agent1": [
    0.78,
    0.22
  ],
  "per_episode_payoffs": [
    2.6,
    2.2,
    2.8,
    2.2,
    1.6,
    2.8,
    2.2,
    0.6,
    0.0,
    0.6,
    2.8,
    0.6,
    2.2,
    1.2,
    0.6,
    0.6,
    0.0,
    2.8,
    2.2,
    1.2,
    1.2,
    1.0,
    2.6,
    1.6,
    1.0,
    1.0,
    0.6,
    2.8,
    1.4,
    1.6
  ],
  "gate_trust_rate": 0.9133333333333333,
  "gated_prediction_accuracy": 0.7333333333333333,
  "signal_accuracy": 0.7533333333333333,
  "tom_belief_accuracy_in_gated": 0.6,
  "dp_conflict_rate": 0.3333333333333333,
  "dp_intervention_rate": 0.3333333333333333,
  "cell": "het_dp_gated_atom_talk",
  "wall_time_s": 500.8557825088501,
  "config": {
    "game": "battle_of_the_sexes",
    "n_agents": 2,
    "horizon": 5,
    "memory": 2,
    "models_homo": "Qwen/Qwen2.5-7B-Instruct",
    "temp_homo": 0.7,
    "tom_order": 1,
    "seed": 51,
    "cell_name": "het_dp_gated_atom_talk",
    "gate_trust_threshold": 0.6,
    "gate_ema_alpha": 0.3,
    "atom_warmup": 3,
    "homogeneous": false,
    "use_tom": true,
    "use_talk": true,
    "adaptive_tom": true,
    "gated_talk_tom": true,
    "diversity_preserving_gate": true
  },
  "team_mean_payoff": 1.4166666666666667
}