{
  "perspective_diversity": 0.07088695662600915,
  "cooperation_payoff": 2.4846168137253954,
  "cooperation_payoff_ci": [
    2.3599448820408573,
    2.5968059970112134
  ],
  "equilibrium_convergence": 0.9600000000000001,
  "tom_prediction_accuracy": 0.7633333333333333,
  "tom_prediction_accuracy_ci": [
    0.7383125,
    0.7866666666666666
  ],
  "n_episodes": 20,
  "action_dist_agent1": [
    0.94,
    0.06
  ],
  "per_episode_payoffs": [
    2.6403449804401573,
    2.284794538356247,
    1.8703868552484408,
    2.7164443553547475,
    2.533365699482018,
    2.3312737996558552,
    2.599702506994049,
    2.537154862552776,
    2.653571174100412,
    2.6064526822154184,
    2.306629431887299,
    2.1715045752000743,
    2.5863140063062624,
    1.9790113848983666,
    2.722787211531675,
    2.7456922945369695,
    2.188133775896034,
    2.7378442129737257,
    2.8559518265353145,
    2.624976100342063
  ],
  "gate_trust_rate": 0.9166666666666666,
  "gated_prediction_accuracy": 0.7333333333333333,
  "signal_accuracy": 0.8166666666666667,
  "tom_belief_accuracy_in_gated": 0.6,
  "dp_conflict_rate": 0.29444444444444445,
  "dp_intervention_rate": 0.29444444444444445,
  "cell": "het_gsaca",
  "gsaca_detected_structure": "coord",
  "gsaca_oracle_structure": "coord",
  "gsaca_detection_correct": true,
  "gsaca_split_score": -0.2789438024834179,
  "gsaca_warmup_episodes": 3,
  "gsaca_n_observations": 15,
  "wall_time_s": 2839.7258372306824,
  "config": {
    "game": "public_goods",
    "n_agents": 4,
    "horizon": 5,
    "memory": 2,
    "models_homo": "Qwen/Qwen2.5-7B-Instruct",
    "temp_homo": 0.7,
    "tom_order": 1,
    "seed": 45,
    "cell_name": "het_gsaca",
    "gate_trust_threshold": 0.6,
    "gate_ema_alpha": 0.3,
    "atom_warmup": 3,
    "homogeneous": false,
    "use_tom": true,
    "use_talk": true,
    "adaptive_tom": true,
    "gated_talk_tom": true,
    "diversity_preserving_gate": true
  },
  "team_mean_payoff": 2.553920530287639
}