{
  "perspective_diversity": 0.02273325610666216,
  "cooperation_payoff": 2.173685788666143,
  "cooperation_payoff_ci": [
    1.878454800388013,
    2.4571861868425833
  ],
  "equilibrium_convergence": 0.9866666666666666,
  "tom_prediction_accuracy": 0.8166666666666667,
  "tom_prediction_accuracy_ci": [
    0.7765833333333334,
    0.8566666666666667
  ],
  "n_episodes": 30,
  "action_dist_agent1": [
    0.8466666666666667,
    0.15333333333333332
  ],
  "per_episode_payoffs": [
    1.020712928463364,
    3.260497165209011,
    1.4871338021112337,
    0.5452040045535781,
    -0.2998349650193588,
    2.918893281655287,
    2.0179184617043098,
    2.808817504477583,
    3.149932826778528,
    2.5611944239421143,
    2.0850016590600897,
    2.053678430906932,
    2.5033666927957645,
    2.7747801017115967,
    3.0557962067087994,
    1.2436006700339182,
    2.1544479361678386,
    2.6508182147303936,
    2.669143866995621,
    2.620275513676622,
    1.1743757409756637,
    2.6489036225146463,
    2.9950903592593447,
    2.2830702968668137,
    1.7368351733740615,
    3.0206341402727164,
    2.4436738142900163,
    1.0872828830695578,
    1.8681439370817305,
    2.671184965616506
  ],
  "gate_trust_rate": 0.86,
  "gated_prediction_accuracy": 0.66,
  "signal_accuracy": 0.68,
  "tom_belief_accuracy_in_gated": 0.64,
  "dp_conflict_rate": 0.32,
  "dp_intervention_rate": 0.32,
  "cell": "het_gsaca",
  "gsaca_detected_structure": "coord",
  "gsaca_oracle_structure": "coord",
  "gsaca_detection_correct": true,
  "gsaca_split_score": -2.811110551932079,
  "gsaca_warmup_episodes": 5,
  "gsaca_n_observations": 25,
  "wall_time_s": 477.1677198410034,
  "config": {
    "game": "battle_of_the_sexes",
    "n_agents": 2,
    "horizon": 5,
    "memory": 2,
    "models_homo": "Qwen/Qwen2.5-7B-Instruct",
    "temp_homo": 0.7,
    "tom_order": 1,
    "seed": 44,
    "cell_name": "het_gsaca",
    "gate_trust_threshold": 0.6,
    "gate_ema_alpha": 0.3,
    "atom_warmup": 3,
    "homogeneous": false,
    "use_tom": true,
    "use_talk": true,
    "adaptive_tom": true,
    "gated_talk_tom": true,
    "diversity_preserving_gate": true
  },
  "team_mean_payoff": 1.9263695694929284
}