{
  "perspective_diversity": 0.055814290201877594,
  "cooperation_payoff": 2.5119999999999996,
  "cooperation_payoff_ci": [
    2.4639999999999995,
    2.5620000000000003
  ],
  "equilibrium_convergence": 0.92,
  "tom_prediction_accuracy": NaN,
  "tom_prediction_accuracy_ci": [
    NaN,
    NaN
  ],
  "n_episodes": 20,
  "action_dist_agent1": [
    0.66,
    0.34
  ],
  "per_episode_payoffs": [
    2.5600000000000005,
    2.4400000000000004,
    2.6,
    2.5200000000000005,
    2.6399999999999997,
    2.5200000000000005,
    2.72,
    2.32,
    2.44,
    2.56,
    2.3600000000000003,
    2.5200000000000005,
    2.3200000000000003,
    2.56,
    2.72,
    2.44,
    2.4,
    2.6399999999999997,
    2.48,
    2.4799999999999995
  ],
  "gate_trust_rate": NaN,
  "gated_prediction_accuracy": NaN,
  "signal_accuracy": NaN,
  "tom_belief_accuracy_in_gated": NaN,
  "dp_conflict_rate": NaN,
  "dp_intervention_rate": NaN,
  "cell": "het_payoff_prompt",
  "wall_time_s": 67.12009644508362,
  "config": {
    "game": "public_goods",
    "n_agents": 4,
    "horizon": 5,
    "memory": 2,
    "models_homo": "Qwen/Qwen2.5-7B-Instruct",
    "temp_homo": 0.7,
    "tom_order": 1,
    "seed": 50,
    "cell_name": "het_payoff_prompt",
    "gate_trust_threshold": 0.6,
    "gate_ema_alpha": 0.3,
    "atom_warmup": 3,
    "homogeneous": false,
    "use_tom": false,
    "use_talk": false,
    "adaptive_tom": false,
    "payoff_in_prompt": true
  },
  "team_mean_payoff": 2.4395000000000002
}