{
  "perspective_diversity": 0.22398262722935494,
  "cooperation_payoff": 1.1466666666666667,
  "cooperation_payoff_ci": [
    1.0466666666666666,
    1.2468333333333326
  ],
  "equilibrium_convergence": 1.0,
  "tom_prediction_accuracy": 0.49666666666666665,
  "tom_prediction_accuracy_ci": [
    0.44333333333333336,
    0.55
  ],
  "n_episodes": 30,
  "action_dist_agent1": [
    0.7866666666666666,
    0.21333333333333335
  ],
  "per_episode_payoffs": [
    1.8,
    1.4,
    1.0,
    1.0,
    1.0,
    0.4,
    1.0,
    1.4,
    1.0,
    1.4,
    0.8,
    1.0,
    1.4,
    0.8,
    1.0,
    1.0,
    1.0,
    0.8,
    1.2,
    1.4,
    1.4,
    1.0,
    1.4,
    1.2,
    1.0,
    1.2,
    1.6,
    1.4,
    1.0,
    1.4
  ],
  "gate_trust_rate": 0.67,
  "gated_prediction_accuracy": 0.44,
  "signal_accuracy": 0.48333333333333334,
  "tom_belief_accuracy_in_gated": 0.49666666666666665,
  "dp_conflict_rate": 0.44666666666666666,
  "dp_intervention_rate": 0.44666666666666666,
  "cell": "hom_gated_atom_talk",
  "wall_time_s": 569.8526163101196,
  "config": {
    "game": "deadlock",
    "n_agents": 2,
    "horizon": 5,
    "memory": 2,
    "models_homo": "Qwen/Qwen2.5-7B-Instruct",
    "temp_homo": 0.7,
    "tom_order": 1,
    "seed": 43,
    "cell_name": "hom_gated_atom_talk",
    "gate_trust_threshold": 0.6,
    "gate_ema_alpha": 0.3,
    "atom_warmup": 3,
    "homogeneous": true,
    "use_tom": true,
    "use_talk": true,
    "adaptive_tom": true,
    "gated_talk_tom": true,
    "diversity_preserving_gate": false
  },
  "team_mean_payoff": 1.7999999999999998
}