{
  "perspective_diversity": 0.7584535401472942,
  "cooperation_payoff": 2.5480000000000005,
  "cooperation_payoff_ci": [
    2.51995,
    2.5720000000000005
  ],
  "equilibrium_convergence": 0.96,
  "tom_prediction_accuracy": 0.8266666666666667,
  "tom_prediction_accuracy_ci": [
    0.8058333333333333,
    0.8475
  ],
  "n_episodes": 20,
  "action_dist_agent1": [
    0.98,
    0.02
  ],
  "per_episode_payoffs": [
    2.56,
    2.56,
    2.52,
    2.3600000000000003,
    2.52,
    2.6,
    2.52,
    2.6,
    2.6,
    2.52,
    2.44,
    2.5200000000000005,
    2.6,
    2.6,
    2.6,
    2.52,
    2.6,
    2.52,
    2.6,
    2.6
  ],
  "gate_trust_rate": 0.9277777777777778,
  "gated_prediction_accuracy": 0.8111111111111111,
  "signal_accuracy": 0.8833333333333333,
  "tom_belief_accuracy_in_gated": 0.7166666666666667,
  "dp_conflict_rate": 0.23333333333333334,
  "dp_intervention_rate": 0.23333333333333334,
  "cell": "het_gsaca",
  "gsaca_detected_structure": "coord",
  "gsaca_oracle_structure": "coord",
  "gsaca_detection_correct": true,
  "gsaca_split_score": -0.21000000000000085,
  "gsaca_warmup_episodes": 3,
  "gsaca_n_observations": 15,
  "wall_time_s": 2799.78551197052,
  "config": {
    "game": "public_goods",
    "n_agents": 4,
    "horizon": 5,
    "memory": 2,
    "models_homo": "Qwen/Qwen2.5-7B-Instruct",
    "temp_homo": 0.7,
    "tom_order": 1,
    "seed": 55,
    "cell_name": "het_gsaca",
    "gate_trust_threshold": 0.6,
    "gate_ema_alpha": 0.3,
    "atom_warmup": 3,
    "homogeneous": false,
    "use_tom": true,
    "use_talk": true,
    "adaptive_tom": true,
    "gated_talk_tom": true,
    "diversity_preserving_gate": true
  },
  "team_mean_payoff": 2.5730000000000004
}