{
  "perspective_diversity": 0.2573165536321891,
  "cooperation_payoff": 2.826666666666666,
  "cooperation_payoff_ci": [
    2.453333333333333,
    3.206666666666666
  ],
  "equilibrium_convergence": 0.9466666666666667,
  "tom_prediction_accuracy": 0.6133333333333333,
  "tom_prediction_accuracy_ci": [
    0.56,
    0.67
  ],
  "n_episodes": 30,
  "action_dist_agent1": [
    0.28,
    0.72
  ],
  "per_episode_payoffs": [
    4.6,
    2.8,
    2.6,
    5.0,
    4.2,
    1.6,
    3.2,
    2.6,
    1.2,
    3.2,
    1.8,
    2.6,
    3.6,
    4.6,
    2.8,
    2.6,
    2.2,
    3.6,
    3.6,
    2.6,
    2.2,
    2.6,
    2.8,
    1.8,
    2.0,
    4.6,
    2.2,
    2.6,
    0.4,
    2.6
  ],
  "gate_trust_rate": 0.9566666666666667,
  "gated_prediction_accuracy": 0.6633333333333333,
  "signal_accuracy": 0.6466666666666666,
  "tom_belief_accuracy_in_gated": 0.6133333333333333,
  "dp_conflict_rate": 0.3,
  "dp_intervention_rate": 0.3,
  "cell": "het_dp_gated_atom_talk",
  "wall_time_s": 446.80664348602295,
  "config": {
    "game": "chicken",
    "n_agents": 2,
    "horizon": 5,
    "memory": 2,
    "models_homo": "Qwen/Qwen2.5-7B-Instruct",
    "temp_homo": 0.7,
    "tom_order": 1,
    "seed": 42,
    "cell_name": "het_dp_gated_atom_talk",
    "gate_trust_threshold": 0.45,
    "gate_ema_alpha": 0.3,
    "atom_warmup": 3,
    "homogeneous": false,
    "use_tom": true,
    "use_talk": true,
    "adaptive_tom": true,
    "gated_talk_tom": true,
    "diversity_preserving_gate": true
  },
  "team_mean_payoff": 2.1199999999999997
}