seed,cell,perspective_diversity,cooperation_payoff,payoff_ci_lo,payoff_ci_hi,equilibrium_convergence,tom_prediction_accuracy,tom_ci_lo,tom_ci_hi,n_episodes,wall_time_s
2,hom_notom,0.1527349833975238,2.2399999999999998,1.9133333333333333,2.566666666666667,1.0,nan,nan,nan,30,25.8
2,hom_tom,0.07033315932861034,2.06,1.866666666666667,2.2666666666666666,0.9866666666666667,0.6166666666666667,0.5633333333333334,0.67,30,99.8
2,het_notom,1.7068120571796253,0.5866666666666666,0.5066666666666667,0.6733333333333335,0.96,nan,nan,nan,30,17.4
2,het_tom,0.38487764652806356,1.4266666666666667,1.2200000000000002,1.6333333333333335,0.8933333333333333,0.5733333333333334,0.5199166666666668,0.6266666666666667,30,102.8