{
  "perspective_diversity": 0.07250807164999659,
  "cooperation_payoff": 2.546,
  "cooperation_payoff_ci": [
    2.506000000000001,
    2.5900000000000003
  ],
  "equilibrium_convergence": 0.9,
  "tom_prediction_accuracy": 0.7741666666666667,
  "tom_prediction_accuracy_ci": [
    0.7508333333333334,
    0.7975
  ],
  "n_episodes": 20,
  "action_dist_agent1": [
    0.95,
    0.05
  ],
  "per_episode_payoffs": [
    2.6,
    2.6799999999999997,
    2.8,
    2.6,
    2.52,
    2.6,
    2.6,
    2.52,
    2.3600000000000003,
    2.6,
    2.52,
    2.52,
    2.6,
    2.6,
    2.4400000000000004,
    2.5200000000000005,
    2.52,
    2.44,
    2.4400000000000004,
    2.4400000000000004
  ],
  "gate_trust_rate": 0.9333333333333333,
  "gated_prediction_accuracy": 0.8444444444444444,
  "signal_accuracy": 0.8666666666666667,
  "tom_belief_accuracy_in_gated": 0.6222222222222222,
  "dp_conflict_rate": 0.37777777777777777,
  "dp_intervention_rate": 0.37777777777777777,
  "cell": "het_gsaca",
  "gsaca_detected_structure": "coord",
  "gsaca_oracle_structure": "coord",
  "gsaca_detection_correct": true,
  "gsaca_split_score": -0.19285714285714262,
  "gsaca_warmup_episodes": 3,
  "gsaca_n_observations": 15,
  "wall_time_s": 2423.0577528476715,
  "config": {
    "game": "public_goods",
    "n_agents": 4,
    "horizon": 5,
    "memory": 2,
    "models_homo": "Qwen/Qwen2.5-7B-Instruct",
    "temp_homo": 0.7,
    "tom_order": 1,
    "seed": 49,
    "cell_name": "het_gsaca",
    "gate_trust_threshold": 0.6,
    "gate_ema_alpha": 0.3,
    "atom_warmup": 3,
    "homogeneous": false,
    "use_tom": true,
    "use_talk": true,
    "adaptive_tom": true,
    "gated_talk_tom": true,
    "diversity_preserving_gate": true
  },
  "team_mean_payoff": 2.561
}