{
  "perspective_diversity": 0.27786214405174003,
  "cooperation_payoff": 1.146666666666667,
  "cooperation_payoff_ci": [
    1.0333333333333332,
    1.2534999999999994
  ],
  "equilibrium_convergence": 0.9466666666666667,
  "tom_prediction_accuracy": 0.5133333333333333,
  "tom_prediction_accuracy_ci": [
    0.45666666666666667,
    0.5733333333333334
  ],
  "n_episodes": 30,
  "action_dist_agent1": [
    0.8266666666666667,
    0.17333333333333334
  ],
  "per_episode_payoffs": [
    1.0,
    1.2,
    0.8,
    1.0,
    0.8,
    0.8,
    1.4,
    1.8,
    1.2,
    0.4,
    1.2,
    0.8,
    1.4,
    1.2,
    1.2,
    0.8,
    1.0,
    0.8,
    1.4,
    0.8,
    1.4,
    1.4,
    1.0,
    1.6,
    1.2,
    1.6,
    1.0,
    1.4,
    1.6,
    1.2
  ],
  "gate_trust_rate": 0.6933333333333334,
  "gated_prediction_accuracy": 0.47,
  "signal_accuracy": 0.5166666666666667,
  "tom_belief_accuracy_in_gated": 0.5133333333333333,
  "dp_conflict_rate": 0.47,
  "dp_intervention_rate": 0.47,
  "cell": "hom_gated_atom_talk",
  "wall_time_s": 623.5629200935364,
  "config": {
    "game": "deadlock",
    "n_agents": 2,
    "horizon": 5,
    "memory": 2,
    "models_homo": "Qwen/Qwen2.5-7B-Instruct",
    "temp_homo": 0.7,
    "tom_order": 1,
    "seed": 44,
    "cell_name": "hom_gated_atom_talk",
    "gate_trust_threshold": 0.6,
    "gate_ema_alpha": 0.3,
    "atom_warmup": 3,
    "homogeneous": true,
    "use_tom": true,
    "use_talk": true,
    "adaptive_tom": true,
    "gated_talk_tom": true,
    "diversity_preserving_gate": false
  },
  "team_mean_payoff": 1.8666666666666665
}