{
  "perspective_diversity": 0.13456044856974136,
  "cooperation_payoff": 2.5940000000000003,
  "cooperation_payoff_ci": [
    2.524,
    2.6560500000000005
  ],
  "equilibrium_convergence": 0.94,
  "tom_prediction_accuracy": NaN,
  "tom_prediction_accuracy_ci": [
    NaN,
    NaN
  ],
  "n_episodes": 20,
  "action_dist_agent1": [
    0.61,
    0.39
  ],
  "per_episode_payoffs": [
    2.72,
    2.52,
    2.8,
    2.4000000000000004,
    2.8,
    2.4799999999999995,
    2.5200000000000005,
    2.4,
    2.72,
    2.6399999999999997,
    2.6800000000000006,
    2.52,
    2.72,
    2.2400000000000007,
    2.4400000000000004,
    2.72,
    2.6400000000000006,
    2.7600000000000002,
    2.64,
    2.52
  ],
  "gate_trust_rate": NaN,
  "gated_prediction_accuracy": NaN,
  "signal_accuracy": NaN,
  "tom_belief_accuracy_in_gated": NaN,
  "dp_conflict_rate": NaN,
  "dp_intervention_rate": NaN,
  "cell": "het_notom",
  "wall_time_s": 75.30786347389221,
  "config": {
    "game": "public_goods",
    "n_agents": 4,
    "horizon": 5,
    "memory": 2,
    "models_homo": "Qwen/Qwen2.5-7B-Instruct",
    "temp_homo": 0.7,
    "tom_order": 1,
    "seed": 43,
    "cell_name": "het_notom",
    "gate_trust_threshold": 0.6,
    "gate_ema_alpha": 0.3,
    "atom_warmup": 3,
    "homogeneous": false,
    "use_tom": false,
    "use_talk": false,
    "adaptive_tom": false
  },
  "team_mean_payoff": 2.4515000000000002
}