{
  "perspective_diversity": 0.1265992343914232,
  "cooperation_payoff": 1.533333333333333,
  "cooperation_payoff_ci": [
    1.1533333333333333,
    1.8799999999999997
  ],
  "equilibrium_convergence": 0.9466666666666668,
  "tom_prediction_accuracy": 0.6233333333333333,
  "tom_prediction_accuracy_ci": [
    0.5666666666666667,
    0.68
  ],
  "n_episodes": 30,
  "action_dist_agent1": [
    0.41333333333333333,
    0.5866666666666667
  ],
  "per_episode_payoffs": [
    0.2,
    2.4,
    0.8,
    0.0,
    2.2,
    2.2,
    2.0,
    1.6,
    0.8,
    2.0,
    0.6,
    -0.4,
    0.4,
    2.4,
    2.0,
    2.4,
    2.0,
    1.8,
    2.8,
    0.4,
    0.8,
    2.0,
    2.4,
    2.4,
    -0.4,
    0.8,
    2.8,
    2.8,
    2.8,
    1.0
  ],
  "gate_trust_rate": 0.8766666666666667,
  "gated_prediction_accuracy": 0.6566666666666666,
  "signal_accuracy": 0.6266666666666667,
  "tom_belief_accuracy_in_gated": 0.6233333333333333,
  "dp_conflict_rate": 0.2966666666666667,
  "dp_intervention_rate": 0.2966666666666667,
  "cell": "het_dp_gated_atom_talk",
  "wall_time_s": 497.80735874176025,
  "config": {
    "game": "hawk_dove",
    "n_agents": 2,
    "horizon": 5,
    "memory": 2,
    "models_homo": "Qwen/Qwen2.5-7B-Instruct",
    "temp_homo": 0.7,
    "tom_order": 1,
    "seed": 53,
    "cell_name": "het_dp_gated_atom_talk",
    "gate_trust_threshold": 0.6,
    "gate_ema_alpha": 0.3,
    "atom_warmup": 3,
    "homogeneous": false,
    "use_tom": true,
    "use_talk": true,
    "adaptive_tom": true,
    "gated_talk_tom": true,
    "diversity_preserving_gate": true
  },
  "team_mean_payoff": 1.1633333333333338
}