{
  "perspective_diversity": 0.3410452197690924,
  "cooperation_payoff": 1.6533333333333335,
  "cooperation_payoff_ci": [
    1.3466666666666671,
    1.9600000000000002
  ],
  "equilibrium_convergence": 0.9733333333333334,
  "tom_prediction_accuracy": 0.62,
  "tom_prediction_accuracy_ci": [
    0.5666666666666667,
    0.6733333333333333
  ],
  "n_episodes": 30,
  "action_dist_agent1": [
    0.8666666666666667,
    0.13333333333333333
  ],
  "per_episode_payoffs": [
    1.6,
    2.4,
    0.0,
    1.8,
    1.0,
    2.8,
    1.6,
    2.8,
    1.2,
    1.0,
    0.0,
    2.2,
    1.8,
    1.0,
    2.4,
    2.8,
    2.8,
    2.2,
    2.6,
    2.6,
    3.0,
    1.0,
    1.6,
    1.2,
    2.2,
    0.6,
    0.6,
    0.6,
    0.6,
    1.6
  ],
  "gate_trust_rate": 0.8966666666666666,
  "gated_prediction_accuracy": 0.77,
  "signal_accuracy": 0.7866666666666666,
  "tom_belief_accuracy_in_gated": 0.62,
  "dp_conflict_rate": 0.36,
  "dp_intervention_rate": 0.36,
  "cell": "het_dp_gated_atom_talk",
  "wall_time_s": 537.2631163597107,
  "config": {
    "game": "battle_of_the_sexes",
    "n_agents": 2,
    "horizon": 5,
    "memory": 2,
    "models_homo": "Qwen/Qwen2.5-7B-Instruct",
    "temp_homo": 0.7,
    "tom_order": 1,
    "seed": 56,
    "cell_name": "het_dp_gated_atom_talk",
    "gate_trust_threshold": 0.6,
    "gate_ema_alpha": 0.3,
    "atom_warmup": 3,
    "homogeneous": false,
    "use_tom": true,
    "use_talk": true,
    "adaptive_tom": true,
    "gated_talk_tom": true,
    "diversity_preserving_gate": true
  },
  "team_mean_payoff": 1.4833333333333334
}