method,seed,last_train_return,best_train_return,train_auc,stability_gap,last_test_return,best_test_return,last_llm_fd_shaping_triggers,last_llm_fd_shaping_penalty_total,last_llm_fd_shaping_terminal_bonus_total,last_llm_fd_shaping_episode_steps_total,last_llm_fd_shaping_avg_penalty_per_trigger,last_llm_fd_shaping_avg_steps_per_trigger,last_llm_fd_records
pbrs10_lbforaging_Foraging-10x10-3p-3f-v3_fa_pbrs_l002,10,0.4152,0.5397,0.2385611111111111,0.12449999999999994,0.4152,0.4152,11510.0,0.0,0.0,511632.0,0.0,44.45108601216334,2800.8
pbrs10_lbforaging_Foraging-10x10-3p-3f-v3_fa_pbrs_l002,11,0.2697,0.3322,0.16601111111111108,0.0625,0.2697,0.2697,10350.0,0.0,0.0,510768.0,0.0,49.3495652173913,2840.2
pbrs10_lbforaging_Foraging-10x10-3p-3f-v3_fa_pbrs_l002,12,0.2017,0.2871,0.14658333333333337,0.08540000000000003,0.2017,0.2017,10270.0,0.0,0.0,510365.0,0.0,49.694741966893865,2780.8
pbrs10_lbforaging_Foraging-10x10-3p-3f-v3_fa_pbrs_l002,13,0.2085,0.2402,0.15396666666666667,0.031700000000000006,0.2085,0.2085,10200.0,0.0,0.0,510255.0,0.0,50.025,2741.6
pbrs10_lbforaging_Foraging-10x10-3p-3f-v3_fa_pbrs_l002,14,0.2182,0.2855,0.11788888888888888,0.06729999999999997,0.2182,0.2182,10670.0,0.0,0.0,510910.0,0.0,47.882849109653236,2920.2
pbrs10_lbforaging_Foraging-10x10-3p-3f-v3_fa_pbrs_l002,15,0.3026,0.3846,0.18691666666666665,0.08200000000000002,0.3026,0.3026,11040.0,0.0,0.0,511068.0,0.0,46.292391304347824,2808.0
pbrs10_lbforaging_Foraging-10x10-3p-3f-v3_fa_pbrs_l002,16,0.1726,0.2575,0.1380722222222222,0.0849,0.1726,0.1726,10170.0,0.0,0.0,510517.0,0.0,50.19832841691249,2820.8
pbrs10_lbforaging_Foraging-10x10-3p-3f-v3_fa_pbrs_l002,9,0.1506,0.3128,0.13483888888888887,0.1622,0.1506,0.1506,10670.0,0.0,0.0,510838.0,0.0,47.87610121836926,2803.8
