{
  "perspective_diversity": 0.0008831689484765301,
  "cooperation_payoff": 2.14,
  "cooperation_payoff_ci": [
    1.853333333333333,
    2.399999999999999
  ],
  "equilibrium_convergence": 0.92,
  "tom_prediction_accuracy": 0.6666666666666666,
  "tom_prediction_accuracy_ci": [
    0.6133333333333333,
    0.72
  ],
  "n_episodes": 30,
  "action_dist_agent1": [
    0.6666666666666666,
    0.3333333333333333
  ],
  "per_episode_payoffs": [
    1.6,
    0.8,
    1.8,
    2.4,
    3.0,
    2.8,
    2.4,
    1.6,
    2.6,
    1.0,
    2.2,
    2.8,
    0.0,
    1.2,
    1.6,
    2.6,
    2.8,
    2.8,
    2.8,
    2.2,
    2.8,
    3.0,
    2.6,
    1.6,
    2.6,
    1.6,
    2.6,
    2.8,
    2.8,
    0.8
  ],
  "gate_trust_rate": 0.9766666666666667,
  "gated_prediction_accuracy": 0.88,
  "signal_accuracy": 0.8833333333333333,
  "tom_belief_accuracy_in_gated": 0.6666666666666666,
  "dp_conflict_rate": 0.30333333333333334,
  "dp_intervention_rate": 0.30333333333333334,
  "cell": "het_gated_atom_talk",
  "wall_time_s": 458.09604048728943,
  "config": {
    "game": "battle_of_the_sexes",
    "n_agents": 2,
    "horizon": 5,
    "memory": 2,
    "models_homo": "Qwen/Qwen2.5-7B-Instruct",
    "temp_homo": 0.7,
    "tom_order": 1,
    "seed": 47,
    "cell_name": "het_gated_atom_talk",
    "gate_trust_threshold": 0.6,
    "gate_ema_alpha": 0.3,
    "atom_warmup": 3,
    "homogeneous": false,
    "use_tom": true,
    "use_talk": true,
    "adaptive_tom": true,
    "gated_talk_tom": true,
    "diversity_preserving_gate": false
  },
  "team_mean_payoff": 1.9833333333333334
}