{
  "perspective_diversity": 0.0010275825968106087,
  "cooperation_payoff": 2.8568428943330706,
  "cooperation_payoff_ci": [
    2.7198003527933476,
    2.9686147065477857
  ],
  "equilibrium_convergence": 0.9733333333333333,
  "tom_prediction_accuracy": 0.9533333333333334,
  "tom_prediction_accuracy_ci": [
    0.93,
    0.9766666666666667
  ],
  "n_episodes": 30,
  "action_dist_agent1": [
    0.9733333333333334,
    0.02666666666666667
  ],
  "per_episode_payoffs": [
    2.4103564642316817,
    3.230248582604505,
    3.2435669010556167,
    1.772602002276789,
    2.5500825174903206,
    3.0594466408276433,
    3.1089592308521548,
    2.904408752238792,
    3.074966413389264,
    3.080597211971057,
    2.842500829530045,
    3.026839215453466,
    2.751683346397882,
    3.1873900508557984,
    3.0278981033543997,
    3.0218003350169593,
    2.877223968083919,
    3.1254091073651966,
    2.8345719334978106,
    3.110137756838311,
    2.687187870487832,
    3.124451811257323,
    1.7975451796296724,
    2.641535148433407,
    3.1684175866870308,
    3.010317070136358,
    2.7218369071450086,
    2.643641441534779,
    2.734071968540865,
    2.9355924828082527
  ],
  "gate_trust_rate": 0.96,
  "gated_prediction_accuracy": 0.9,
  "signal_accuracy": 0.94,
  "tom_belief_accuracy_in_gated": 0.88,
  "dp_conflict_rate": 0.06,
  "dp_intervention_rate": 0.06,
  "cell": "het_gsaca",
  "gsaca_detected_structure": "coord",
  "gsaca_oracle_structure": "coord",
  "gsaca_detection_correct": true,
  "gsaca_split_score": -1.8233807289192638,
  "gsaca_warmup_episodes": 5,
  "gsaca_n_observations": 25,
  "wall_time_s": 551.758620262146,
  "config": {
    "game": "stag_hunt",
    "n_agents": 2,
    "horizon": 5,
    "memory": 2,
    "models_homo": "Qwen/Qwen2.5-7B-Instruct",
    "temp_homo": 0.7,
    "tom_order": 1,
    "seed": 42,
    "cell_name": "het_gsaca",
    "gate_trust_threshold": 0.6,
    "gate_ema_alpha": 0.3,
    "atom_warmup": 3,
    "homogeneous": false,
    "use_tom": true,
    "use_talk": true,
    "adaptive_tom": true,
    "gated_talk_tom": true,
    "diversity_preserving_gate": true
  },
  "team_mean_payoff": 2.8781847847464648
}