{
  "perspective_diversity": 0.6032131105611929,
  "cooperation_payoff": 3.459999999999999,
  "cooperation_payoff_ci": [
    3.1333333333333324,
    3.8199999999999994
  ],
  "equilibrium_convergence": 0.9866666666666667,
  "tom_prediction_accuracy": 0.6933333333333334,
  "tom_prediction_accuracy_ci": [
    0.6433333333333333,
    0.7466666666666667
  ],
  "n_episodes": 30,
  "action_dist_agent1": [
    0.24666666666666667,
    0.7533333333333333
  ],
  "per_episode_payoffs": [
    3.2,
    3.6,
    4.2,
    2.2,
    4.6,
    1.6,
    2.2,
    4.2,
    2.2,
    2.6,
    3.6,
    2.6,
    4.6,
    4.6,
    4.6,
    3.6,
    3.6,
    2.4,
    2.6,
    5.0,
    4.6,
    2.8,
    3.2,
    4.6,
    4.6,
    2.6,
    4.6,
    3.6,
    2.8,
    2.6
  ],
  "gate_trust_rate": 0.9166666666666666,
  "gated_prediction_accuracy": 0.7033333333333334,
  "signal_accuracy": 0.6866666666666666,
  "tom_belief_accuracy_in_gated": 0.6933333333333334,
  "dp_conflict_rate": 0.22666666666666666,
  "dp_intervention_rate": 0.22666666666666666,
  "cell": "het_gsaca",
  "gsaca_detected_structure": "anti_coord",
  "gsaca_oracle_structure": "anti_coord",
  "gsaca_detection_correct": true,
  "gsaca_split_score": 2.0,
  "gsaca_warmup_episodes": 2,
  "gsaca_n_observations": 10,
  "wall_time_s": 500.000275850296,
  "config": {
    "game": "chicken",
    "n_agents": 2,
    "horizon": 5,
    "memory": 2,
    "models_homo": "Qwen/Qwen2.5-7B-Instruct",
    "temp_homo": 0.7,
    "tom_order": 1,
    "seed": 46,
    "cell_name": "het_gsaca",
    "gate_trust_threshold": 0.6,
    "gate_ema_alpha": 0.3,
    "atom_warmup": 3,
    "homogeneous": false,
    "use_tom": true,
    "use_talk": true,
    "adaptive_tom": true,
    "gated_talk_tom": true,
    "diversity_preserving_gate": true
  },
  "team_mean_payoff": 2.4200000000000004
}