{
  "perspective_diversity": 0.1587521052178315,
  "cooperation_payoff": 1.7999999999999998,
  "cooperation_payoff_ci": [
    1.5065000000000002,
    2.066666666666667
  ],
  "equilibrium_convergence": 1.0,
  "tom_prediction_accuracy": 0.6433333333333333,
  "tom_prediction_accuracy_ci": [
    0.59,
    0.6966666666666667
  ],
  "n_episodes": 30,
  "action_dist_agent1": [
    0.4666666666666667,
    0.5333333333333333
  ],
  "per_episode_payoffs": [
    2.0,
    2.4,
    2.4,
    1.6,
    0.8,
    0.8,
    1.2,
    2.0,
    2.6,
    1.6,
    0.0,
    1.4,
    2.0,
    2.8,
    1.2,
    2.8,
    2.2,
    2.8,
    0.6,
    1.6,
    1.6,
    2.2,
    2.8,
    1.4,
    2.6,
    2.4,
    0.4,
    2.0,
    1.0,
    2.8
  ],
  "gate_trust_rate": 0.84,
  "gated_prediction_accuracy": 0.6333333333333333,
  "signal_accuracy": 0.6066666666666667,
  "tom_belief_accuracy_in_gated": 0.6433333333333333,
  "dp_conflict_rate": 0.33,
  "dp_intervention_rate": 0.33,
  "cell": "het_dp_gated_atom_talk",
  "wall_time_s": 483.59210300445557,
  "config": {
    "game": "hawk_dove",
    "n_agents": 2,
    "horizon": 5,
    "memory": 2,
    "models_homo": "Qwen/Qwen2.5-7B-Instruct",
    "temp_homo": 0.7,
    "tom_order": 1,
    "seed": 60,
    "cell_name": "het_dp_gated_atom_talk",
    "gate_trust_threshold": 0.6,
    "gate_ema_alpha": 0.3,
    "atom_warmup": 3,
    "homogeneous": false,
    "use_tom": true,
    "use_talk": true,
    "adaptive_tom": true,
    "gated_talk_tom": true,
    "diversity_preserving_gate": true
  },
  "team_mean_payoff": 1.4000000000000006
}