{
  "perspective_diversity": 0.0685486246203631,
  "cooperation_payoff": 2.2564672549015805,
  "cooperation_payoff_ci": [
    1.8200431992520893,
    2.6410804555624674
  ],
  "equilibrium_convergence": 0.94,
  "tom_prediction_accuracy": 0.7175,
  "tom_prediction_accuracy_ci": [
    0.6925,
    0.7433333333333333
  ],
  "n_episodes": 20,
  "action_dist_agent1": [
    0.89,
    0.11
  ],
  "per_episode_payoffs": [
    2.961379921760626,
    0.4991781534249863,
    0.5215474209937638,
    3.02577742141899,
    3.0134627979280717,
    1.9650951986234204,
    2.598810027976196,
    2.3886194502111042,
    2.4942846964016487,
    2.625810728861672,
    1.626517727549195,
    1.5660183008002977,
    2.465256025225048,
    0.07604553959346605,
    2.531148846126697,
    3.1027691781478772,
    1.9525351035841354,
    3.1513768518949035,
    3.623807306141258,
    2.939904401368251
  ],
  "gate_trust_rate": 0.9111111111111111,
  "gated_prediction_accuracy": 0.7222222222222222,
  "signal_accuracy": 0.7666666666666667,
  "tom_belief_accuracy_in_gated": 0.5944444444444444,
  "dp_conflict_rate": 0.3611111111111111,
  "dp_intervention_rate": 0.3611111111111111,
  "cell": "het_gsaca",
  "gsaca_detected_structure": "coord",
  "gsaca_oracle_structure": "coord",
  "gsaca_detection_correct": true,
  "gsaca_split_score": -0.634666167947918,
  "gsaca_warmup_episodes": 3,
  "gsaca_n_observations": 15,
  "wall_time_s": 2723.0789103507996,
  "config": {
    "game": "public_goods",
    "n_agents": 4,
    "horizon": 5,
    "memory": 2,
    "models_homo": "Qwen/Qwen2.5-7B-Instruct",
    "temp_homo": 0.7,
    "tom_order": 1,
    "seed": 42,
    "cell_name": "het_gsaca",
    "gate_trust_threshold": 0.6,
    "gate_ema_alpha": 0.3,
    "atom_warmup": 3,
    "homogeneous": false,
    "use_tom": true,
    "use_talk": true,
    "adaptive_tom": true,
    "gated_talk_tom": true,
    "diversity_preserving_gate": true
  },
  "team_mean_payoff": 2.5086821211505543
}