{
  "perspective_diversity": 0.19667403274826908,
  "cooperation_payoff": 2.4133333333333336,
  "cooperation_payoff_ci": [
    2.18,
    2.6266666666666665
  ],
  "equilibrium_convergence": 0.92,
  "tom_prediction_accuracy": 0.61,
  "tom_prediction_accuracy_ci": [
    0.5533333333333333,
    0.6633333333333333
  ],
  "n_episodes": 30,
  "action_dist_agent1": [
    0.49333333333333335,
    0.5066666666666667
  ],
  "per_episode_payoffs": [
    2.8,
    1.4,
    2.2,
    0.6,
    2.8,
    1.8,
    2.2,
    1.8,
    1.8,
    3.2,
    2.0,
    2.0,
    2.6,
    3.2,
    3.2,
    2.6,
    2.2,
    2.4,
    2.6,
    3.0,
    1.8,
    2.2,
    2.8,
    2.6,
    3.0,
    2.2,
    3.2,
    2.0,
    3.2,
    3.0
  ],
  "gate_trust_rate": 0.8966666666666666,
  "gated_prediction_accuracy": 0.6733333333333333,
  "signal_accuracy": 0.6766666666666666,
  "tom_belief_accuracy_in_gated": 0.61,
  "dp_conflict_rate": 0.35333333333333333,
  "dp_intervention_rate": 0.35333333333333333,
  "cell": "het_hist_split",
  "wall_time_s": 566.8271765708923,
  "config": {
    "game": "deadlock",
    "n_agents": 2,
    "horizon": 5,
    "memory": 2,
    "models_homo": "Qwen/Qwen2.5-7B-Instruct",
    "temp_homo": 0.7,
    "tom_order": 1,
    "seed": 43,
    "cell_name": "het_hist_split",
    "gate_trust_threshold": 0.6,
    "gate_ema_alpha": 0.3,
    "atom_warmup": 3,
    "homogeneous": false,
    "use_tom": true,
    "use_talk": true,
    "adaptive_tom": true,
    "gated_talk_tom": true,
    "diversity_preserving_gate": true,
    "history_split_hint": true
  },
  "team_mean_payoff": 1.8399999999999996
}