{
  "perspective_diversity": 0.18380484188745685,
  "cooperation_payoff": 2.6599999999999993,
  "cooperation_payoff_ci": [
    2.2798333333333334,
    3.073333333333333
  ],
  "equilibrium_convergence": 1.0,
  "tom_prediction_accuracy": 0.6533333333333333,
  "tom_prediction_accuracy_ci": [
    0.5966666666666667,
    0.7066666666666667
  ],
  "n_episodes": 30,
  "action_dist_agent1": [
    0.30666666666666664,
    0.6933333333333334
  ],
  "per_episode_payoffs": [
    1.6,
    2.2,
    2.4,
    1.6,
    1.6,
    0.6,
    5.0,
    1.6,
    2.6,
    3.6,
    2.2,
    3.2,
    4.6,
    1.6,
    2.0,
    2.8,
    3.4,
    2.6,
    4.6,
    4.6,
    1.4,
    2.2,
    1.8,
    3.6,
    4.6,
    3.6,
    2.2,
    1.6,
    1.8,
    2.6
  ],
  "gate_trust_rate": 0.9066666666666666,
  "gated_prediction_accuracy": 0.6566666666666666,
  "signal_accuracy": 0.6566666666666666,
  "tom_belief_accuracy_in_gated": 0.6533333333333333,
  "dp_conflict_rate": 0.2833333333333333,
  "dp_intervention_rate": 0.2833333333333333,
  "cell": "het_dp_gated_atom_talk",
  "wall_time_s": 410.6824462413788,
  "config": {
    "game": "chicken",
    "n_agents": 2,
    "horizon": 5,
    "memory": 2,
    "models_homo": "Qwen/Qwen2.5-7B-Instruct",
    "temp_homo": 0.7,
    "tom_order": 1,
    "seed": 45,
    "cell_name": "het_dp_gated_atom_talk",
    "gate_trust_threshold": 0.6,
    "gate_ema_alpha": 0.3,
    "atom_warmup": 3,
    "homogeneous": false,
    "use_tom": true,
    "use_talk": true,
    "adaptive_tom": true,
    "gated_talk_tom": true,
    "diversity_preserving_gate": true
  },
  "team_mean_payoff": 2.0599999999999996
}