{
  "perspective_diversity": 0.11034873312761703,
  "cooperation_payoff": 2.586666666666667,
  "cooperation_payoff_ci": [
    2.3066666666666666,
    2.893333333333333
  ],
  "equilibrium_convergence": 0.9199999999999999,
  "tom_prediction_accuracy": 0.68,
  "tom_prediction_accuracy_ci": [
    0.6233333333333333,
    0.73
  ],
  "n_episodes": 30,
  "action_dist_agent1": [
    0.36,
    0.64
  ],
  "per_episode_payoffs": [
    3.6,
    2.0,
    2.2,
    3.0,
    3.0,
    4.0,
    3.0,
    2.4,
    1.0,
    4.0,
    2.2,
    3.0,
    2.0,
    3.0,
    3.0,
    3.0,
    3.0,
    1.0,
    1.0,
    2.2,
    4.0,
    1.0,
    2.2,
    2.4,
    3.2,
    2.2,
    3.0,
    2.8,
    3.0,
    2.2
  ],
  "gate_trust_rate": 0.85,
  "gated_prediction_accuracy": 0.6766666666666666,
  "signal_accuracy": 0.6066666666666667,
  "tom_belief_accuracy_in_gated": 0.68,
  "dp_conflict_rate": 0.24666666666666667,
  "dp_intervention_rate": 0.24666666666666667,
  "cell": "het_gated_atom_talk",
  "wall_time_s": 507.71964597702026,
  "config": {
    "game": "chicken",
    "n_agents": 2,
    "horizon": 5,
    "memory": 2,
    "models_homo": "Qwen/Qwen2.5-7B-Instruct",
    "temp_homo": 0.7,
    "tom_order": 1,
    "seed": 49,
    "cell_name": "het_gated_atom_talk",
    "gate_trust_threshold": 0.6,
    "gate_ema_alpha": 0.3,
    "atom_warmup": 3,
    "homogeneous": false,
    "use_tom": true,
    "use_talk": true,
    "adaptive_tom": true,
    "gated_talk_tom": true,
    "diversity_preserving_gate": false
  },
  "team_mean_payoff": 2.1199999999999997
}