{
  "perspective_diversity": 0.3215664807588917,
  "cooperation_payoff": 3.0066666666666664,
  "cooperation_payoff_ci": [
    2.6599999999999993,
    3.3399999999999994
  ],
  "equilibrium_convergence": 0.9866666666666666,
  "tom_prediction_accuracy": 0.6533333333333333,
  "tom_prediction_accuracy_ci": [
    0.5966666666666667,
    0.7066666666666667
  ],
  "n_episodes": 30,
  "action_dist_agent1": [
    0.26,
    0.74
  ],
  "per_episode_payoffs": [
    2.4,
    4.6,
    3.6,
    3.6,
    2.2,
    1.8,
    1.2,
    3.6,
    3.2,
    2.6,
    4.6,
    3.6,
    2.6,
    4.6,
    3.2,
    4.6,
    4.0,
    3.2,
    2.6,
    3.2,
    2.2,
    4.0,
    1.6,
    2.6,
    2.6,
    3.6,
    1.6,
    1.8,
    2.0,
    3.2
  ],
  "gate_trust_rate": 0.8733333333333333,
  "gated_prediction_accuracy": 0.6433333333333333,
  "signal_accuracy": 0.6366666666666667,
  "tom_belief_accuracy_in_gated": 0.6533333333333333,
  "dp_conflict_rate": 0.2966666666666667,
  "dp_intervention_rate": 0.2966666666666667,
  "cell": "het_3arm",
  "gsaca_detected_structure": "anti_coord",
  "gsaca_oracle_structure": "anti_coord",
  "gsaca_detection_correct": true,
  "gsaca_split_score": 1.875,
  "gsaca_warmup_episodes": 5,
  "gsaca_n_observations": 25,
  "gsaca_3arm_selected": "CGA",
  "gsaca_3arm_tau": 0.4,
  "wall_time_s": 499.6698443889618,
  "config": {
    "game": "chicken",
    "n_agents": 2,
    "horizon": 5,
    "memory": 2,
    "models_homo": "Qwen/Qwen2.5-7B-Instruct",
    "temp_homo": 0.7,
    "tom_order": 1,
    "seed": 46,
    "cell_name": "het_3arm",
    "gate_trust_threshold": 0.6,
    "gate_ema_alpha": 0.3,
    "atom_warmup": 3,
    "homogeneous": false,
    "use_tom": true,
    "use_talk": true,
    "adaptive_tom": true,
    "gated_talk_tom": true,
    "diversity_preserving_gate": true
  },
  "team_mean_payoff": 2.2199999999999998
}