{
  "perspective_diversity": 0.03646417091815909,
  "cooperation_payoff": 2.578,
  "cooperation_payoff_ci": [
    2.5300000000000002,
    2.6239999999999997
  ],
  "equilibrium_convergence": 0.9400000000000001,
  "tom_prediction_accuracy": 0.68,
  "tom_prediction_accuracy_ci": [
    0.6525,
    0.705
  ],
  "n_episodes": 20,
  "action_dist_agent1": [
    0.81,
    0.19
  ],
  "per_episode_payoffs": [
    2.6399999999999997,
    2.56,
    2.56,
    2.5199999999999996,
    2.72,
    2.64,
    2.6399999999999997,
    2.6000000000000005,
    2.2800000000000002,
    2.6399999999999997,
    2.4400000000000004,
    2.6800000000000006,
    2.4400000000000004,
    2.5200000000000005,
    2.6399999999999997,
    2.6399999999999997,
    2.6,
    2.56,
    2.7600000000000002,
    2.48
  ],
  "gate_trust_rate": 0.9491666666666667,
  "gated_prediction_accuracy": 0.8191666666666667,
  "signal_accuracy": 0.845,
  "tom_belief_accuracy_in_gated": 0.68,
  "dp_conflict_rate": 0.275,
  "dp_intervention_rate": 0.275,
  "cell": "het_dp_gated_atom_talk",
  "wall_time_s": 2911.518573999405,
  "config": {
    "game": "public_goods",
    "n_agents": 4,
    "horizon": 5,
    "memory": 2,
    "models_homo": "Qwen/Qwen2.5-7B-Instruct",
    "temp_homo": 0.7,
    "tom_order": 1,
    "seed": 51,
    "cell_name": "het_dp_gated_atom_talk",
    "gate_trust_threshold": 0.6,
    "gate_ema_alpha": 0.3,
    "atom_warmup": 3,
    "homogeneous": false,
    "use_tom": true,
    "use_talk": true,
    "adaptive_tom": true,
    "gated_talk_tom": true,
    "diversity_preserving_gate": true
  },
  "team_mean_payoff": 2.5204999999999997
}