{
  "perspective_diversity": 0.3976769875025679,
  "cooperation_payoff": 2.626666666666667,
  "cooperation_payoff_ci": [
    2.4466666666666668,
    2.786666666666667
  ],
  "equilibrium_convergence": 0.8933333333333333,
  "tom_prediction_accuracy": 0.6133333333333333,
  "tom_prediction_accuracy_ci": [
    0.5633333333333334,
    0.6633333333333333
  ],
  "n_episodes": 30,
  "action_dist_agent1": [
    0.44,
    0.56
  ],
  "per_episode_payoffs": [
    3.2,
    2.8,
    3.0,
    2.6,
    2.4,
    2.6,
    2.8,
    1.6,
    1.8,
    3.0,
    3.2,
    2.6,
    2.0,
    2.2,
    2.8,
    1.8,
    3.2,
    2.4,
    2.6,
    3.2,
    2.6,
    2.0,
    2.6,
    3.0,
    3.2,
    3.2,
    3.2,
    3.0,
    2.0,
    2.2
  ],
  "gate_trust_rate": 0.95,
  "gated_prediction_accuracy": 0.7066666666666667,
  "signal_accuracy": 0.7033333333333334,
  "tom_belief_accuracy_in_gated": 0.6133333333333333,
  "dp_conflict_rate": 0.29,
  "dp_intervention_rate": 0.29,
  "cell": "het_dp_gated_atom_talk",
  "wall_time_s": 580.5001606941223,
  "config": {
    "game": "deadlock",
    "n_agents": 2,
    "horizon": 5,
    "memory": 2,
    "models_homo": "Qwen/Qwen2.5-7B-Instruct",
    "temp_homo": 0.7,
    "tom_order": 1,
    "seed": 50,
    "cell_name": "het_dp_gated_atom_talk",
    "gate_trust_threshold": 0.6,
    "gate_ema_alpha": 0.3,
    "atom_warmup": 3,
    "homogeneous": false,
    "use_tom": true,
    "use_talk": true,
    "adaptive_tom": true,
    "gated_talk_tom": true,
    "diversity_preserving_gate": true
  },
  "team_mean_payoff": 1.8399999999999999
}