{
  "perspective_diversity": 0.16647566215107323,
  "cooperation_payoff": 2.3400000000000003,
  "cooperation_payoff_ci": [
    2.113166666666667,
    2.5466666666666664
  ],
  "equilibrium_convergence": 0.9333333333333333,
  "tom_prediction_accuracy": 0.63,
  "tom_prediction_accuracy_ci": [
    0.5766666666666667,
    0.6833333333333333
  ],
  "n_episodes": 30,
  "action_dist_agent1": [
    0.46,
    0.54
  ],
  "per_episode_payoffs": [
    2.6,
    2.6,
    2.8,
    2.2,
    2.6,
    3.0,
    2.6,
    2.2,
    2.0,
    3.0,
    2.4,
    2.6,
    2.4,
    2.6,
    3.2,
    0.4,
    2.6,
    2.6,
    1.8,
    3.2,
    2.6,
    2.6,
    2.6,
    1.6,
    2.2,
    0.6,
    1.8,
    2.4,
    2.4,
    2.0
  ],
  "gate_trust_rate": 0.9266666666666666,
  "gated_prediction_accuracy": 0.7033333333333334,
  "signal_accuracy": 0.6966666666666667,
  "tom_belief_accuracy_in_gated": 0.63,
  "dp_conflict_rate": 0.32,
  "dp_intervention_rate": 0.32,
  "cell": "het_dp_gated_atom_talk",
  "wall_time_s": 561.1675329208374,
  "config": {
    "game": "deadlock",
    "n_agents": 2,
    "horizon": 5,
    "memory": 2,
    "models_homo": "Qwen/Qwen2.5-7B-Instruct",
    "temp_homo": 0.7,
    "tom_order": 1,
    "seed": 46,
    "cell_name": "het_dp_gated_atom_talk",
    "gate_trust_threshold": 0.6,
    "gate_ema_alpha": 0.3,
    "atom_warmup": 3,
    "homogeneous": false,
    "use_tom": true,
    "use_talk": true,
    "adaptive_tom": true,
    "gated_talk_tom": true,
    "diversity_preserving_gate": true
  },
  "team_mean_payoff": 1.7933333333333332
}