{
  "perspective_diversity": 0.7256473376749335,
  "cooperation_payoff": 3.6399999999999997,
  "cooperation_payoff_ci": [
    3.2666666666666657,
    3.993333333333332
  ],
  "equilibrium_convergence": 0.9733333333333334,
  "tom_prediction_accuracy": 0.67,
  "tom_prediction_accuracy_ci": [
    0.6166666666666667,
    0.7200833333333329
  ],
  "n_episodes": 30,
  "action_dist_agent1": [
    0.24,
    0.76
  ],
  "per_episode_payoffs": [
    1.6,
    2.0,
    3.6,
    2.6,
    3.6,
    3.6,
    5.0,
    4.6,
    3.6,
    4.6,
    2.2,
    4.6,
    3.6,
    4.6,
    4.6,
    3.6,
    4.2,
    4.6,
    4.6,
    4.6,
    4.6,
    4.6,
    3.2,
    2.6,
    2.6,
    2.2,
    2.8,
    4.6,
    1.8,
    4.2
  ],
  "gate_trust_rate": 0.9333333333333333,
  "gated_prediction_accuracy": 0.6966666666666667,
  "signal_accuracy": 0.6966666666666667,
  "tom_belief_accuracy_in_gated": 0.67,
  "dp_conflict_rate": 0.21333333333333335,
  "dp_intervention_rate": 0.21333333333333335,
  "cell": "het_dp_gated_atom_talk",
  "wall_time_s": 525.8702003955841,
  "config": {
    "game": "chicken",
    "n_agents": 2,
    "horizon": 5,
    "memory": 2,
    "models_homo": "Qwen/Qwen2.5-7B-Instruct",
    "temp_homo": 0.7,
    "tom_order": 1,
    "seed": 45,
    "cell_name": "het_dp_gated_atom_talk",
    "gate_trust_threshold": 0.6,
    "gate_ema_alpha": 0.2,
    "atom_warmup": 3,
    "homogeneous": false,
    "use_tom": true,
    "use_talk": true,
    "adaptive_tom": true,
    "gated_talk_tom": true,
    "diversity_preserving_gate": true
  },
  "team_mean_payoff": 2.52
}