{
  "perspective_diversity": 0.5093185190775876,
  "cooperation_payoff": 3.2333333333333325,
  "cooperation_payoff_ci": [
    2.82,
    3.5999999999999996
  ],
  "equilibrium_convergence": 0.9866666666666667,
  "tom_prediction_accuracy": 0.6766666666666666,
  "tom_prediction_accuracy_ci": [
    0.6233333333333333,
    0.73
  ],
  "n_episodes": 30,
  "action_dist_agent1": [
    0.23333333333333334,
    0.7666666666666667
  ],
  "per_episode_payoffs": [
    3.6,
    4.6,
    2.6,
    4.6,
    4.6,
    3.6,
    3.6,
    4.6,
    3.6,
    3.6,
    3.6,
    1.6,
    3.2,
    1.2,
    2.2,
    4.2,
    2.8,
    3.6,
    0.6,
    3.6,
    2.2,
    2.6,
    4.2,
    3.6,
    4.6,
    2.6,
    2.2,
    4.2,
    2.6,
    2.6
  ],
  "gate_trust_rate": 0.9433333333333334,
  "gated_prediction_accuracy": 0.7233333333333334,
  "signal_accuracy": 0.7066666666666667,
  "tom_belief_accuracy_in_gated": 0.6766666666666666,
  "dp_conflict_rate": 0.23,
  "dp_intervention_rate": 0.23,
  "cell": "het_adapt_interv",
  "wall_time_s": 602.9787471294403,
  "config": {
    "game": "chicken",
    "n_agents": 2,
    "horizon": 5,
    "memory": 2,
    "models_homo": "Qwen/Qwen2.5-7B-Instruct",
    "temp_homo": 0.7,
    "tom_order": 1,
    "seed": 46,
    "cell_name": "het_adapt_interv",
    "gate_trust_threshold": 0.6,
    "gate_ema_alpha": 0.3,
    "atom_warmup": 3,
    "homogeneous": false,
    "use_tom": true,
    "use_talk": true,
    "adaptive_tom": true,
    "gated_talk_tom": true,
    "diversity_preserving_gate": true,
    "adaptive_intervention": true,
    "adaptive_interv_threshold": 0.3
  },
  "team_mean_payoff": 2.2599999999999993
}