{
  "perspective_diversity": 0.013102160818634564,
  "cooperation_payoff": 2.1701762276664045,
  "cooperation_payoff_ci": [
    1.8382710104283835,
    2.4668604325043395
  ],
  "equilibrium_convergence": 0.9733333333333334,
  "tom_prediction_accuracy": 0.8,
  "tom_prediction_accuracy_ci": [
    0.7532500000000001,
    0.8433333333333334
  ],
  "n_episodes": 30,
  "action_dist_agent1": [
    0.8266666666666667,
    0.17333333333333334
  ],
  "per_episode_payoffs": [
    1.410356464231682,
    1.830248582604505,
    1.8435669010556168,
    -0.6273979977232109,
    1.1500825174903206,
    2.259446640827643,
    1.908959230852155,
    2.904408752238792,
    3.074966413389264,
    3.080597211971057,
    0.8425008295300449,
    1.426839215453466,
    2.5516833463978816,
    3.1873900508557984,
    3.0278981033543997,
    2.4218003350169592,
    1.677223968083919,
    0.7254091073651967,
    1.6345719334978104,
    3.110137756838311,
    2.687187870487832,
    3.124451811257323,
    2.9975451796296726,
    2.641535148433407,
    2.5684175866870307,
    3.010317070136358,
    2.3218369071450082,
    1.843641441534779,
    2.134071968540865,
    2.335592482808253
  ],
  "gate_trust_rate": 0.88,
  "gated_prediction_accuracy": 0.66,
  "signal_accuracy": 0.74,
  "tom_belief_accuracy_in_gated": 0.6,
  "dp_conflict_rate": 0.3,
  "dp_intervention_rate": 0.3,
  "cell": "het_gsaca",
  "gsaca_detected_structure": "coord",
  "gsaca_oracle_structure": "coord",
  "gsaca_detection_correct": true,
  "gsaca_split_score": -2.4794170422756308,
  "gsaca_warmup_episodes": 5,
  "gsaca_n_observations": 25,
  "wall_time_s": 530.4718713760376,
  "config": {
    "game": "battle_of_the_sexes",
    "n_agents": 2,
    "horizon": 5,
    "memory": 2,
    "models_homo": "Qwen/Qwen2.5-7B-Instruct",
    "temp_homo": 0.7,
    "tom_order": 1,
    "seed": 42,
    "cell_name": "het_gsaca",
    "gate_trust_threshold": 0.6,
    "gate_ema_alpha": 0.3,
    "atom_warmup": 3,
    "homogeneous": false,
    "use_tom": true,
    "use_talk": true,
    "adaptive_tom": true,
    "gated_talk_tom": true,
    "diversity_preserving_gate": true
  },
  "team_mean_payoff": 1.9048514514131305
}