{
  "perspective_diversity": 0.15214299435806006,
  "cooperation_payoff": 2.5466666666666673,
  "cooperation_payoff_ci": [
    2.293333333333334,
    2.8066666666666666
  ],
  "equilibrium_convergence": 0.7866666666666666,
  "tom_prediction_accuracy": 0.6533333333333333,
  "tom_prediction_accuracy_ci": [
    0.6,
    0.7066666666666667
  ],
  "n_episodes": 30,
  "action_dist_agent1": [
    0.3333333333333333,
    0.6666666666666666
  ],
  "per_episode_payoffs": [
    4.0,
    1.0,
    3.2,
    2.8,
    3.2,
    2.4,
    3.0,
    3.0,
    4.0,
    1.4,
    2.6,
    3.0,
    2.0,
    2.6,
    3.2,
    1.6,
    2.0,
    1.6,
    2.0,
    3.6,
    2.0,
    2.2,
    3.0,
    2.0,
    2.6,
    2.2,
    2.4,
    3.2,
    2.4,
    2.2
  ],
  "gate_trust_rate": 0.8666666666666667,
  "gated_prediction_accuracy": 0.6633333333333333,
  "signal_accuracy": 0.6433333333333333,
  "tom_belief_accuracy_in_gated": 0.6533333333333333,
  "dp_conflict_rate": 0.23,
  "dp_intervention_rate": 0.23,
  "cell": "het_gated_atom_talk",
  "wall_time_s": 480.07208919525146,
  "config": {
    "game": "chicken",
    "n_agents": 2,
    "horizon": 5,
    "memory": 2,
    "models_homo": "Qwen/Qwen2.5-7B-Instruct",
    "temp_homo": 0.7,
    "tom_order": 1,
    "seed": 51,
    "cell_name": "het_gated_atom_talk",
    "gate_trust_threshold": 0.6,
    "gate_ema_alpha": 0.3,
    "atom_warmup": 3,
    "homogeneous": false,
    "use_tom": true,
    "use_talk": true,
    "adaptive_tom": true,
    "gated_talk_tom": true,
    "diversity_preserving_gate": false
  },
  "team_mean_payoff": 1.9999999999999998
}