{
  "perspective_diversity": 0.4137105271603375,
  "cooperation_payoff": 3.1599999999999993,
  "cooperation_payoff_ci": [
    2.7799999999999994,
    3.540166666666665
  ],
  "equilibrium_convergence": 0.96,
  "tom_prediction_accuracy": 0.6766666666666666,
  "tom_prediction_accuracy_ci": [
    0.6233333333333333,
    0.73
  ],
  "n_episodes": 30,
  "action_dist_agent1": [
    0.2733333333333333,
    0.7266666666666667
  ],
  "per_episode_payoffs": [
    3.6,
    1.6,
    1.6,
    4.6,
    3.6,
    4.2,
    1.8,
    3.8,
    2.2,
    2.6,
    3.6,
    4.6,
    2.2,
    4.6,
    2.2,
    3.6,
    2.6,
    4.6,
    4.6,
    2.6,
    4.6,
    2.2,
    1.6,
    3.2,
    4.6,
    3.6,
    2.8,
    2.6,
    2.6,
    2.2
  ],
  "gate_trust_rate": 0.9966666666666667,
  "gated_prediction_accuracy": 0.72,
  "signal_accuracy": 0.7233333333333334,
  "tom_belief_accuracy_in_gated": 0.6766666666666666,
  "dp_conflict_rate": 0.28,
  "dp_intervention_rate": 0.28,
  "cell": "het_dp_gated_atom_talk",
  "wall_time_s": 436.1742377281189,
  "config": {
    "game": "chicken",
    "n_agents": 2,
    "horizon": 5,
    "memory": 2,
    "models_homo": "Qwen/Qwen2.5-7B-Instruct",
    "temp_homo": 0.7,
    "tom_order": 1,
    "seed": 45,
    "cell_name": "het_dp_gated_atom_talk",
    "gate_trust_threshold": 0.3,
    "gate_ema_alpha": 0.3,
    "atom_warmup": 3,
    "homogeneous": false,
    "use_tom": true,
    "use_talk": true,
    "adaptive_tom": true,
    "gated_talk_tom": true,
    "diversity_preserving_gate": true
  },
  "team_mean_payoff": 2.28
}