{
  "perspective_diversity": 0.27806769285382693,
  "cooperation_payoff": 2.506666666666667,
  "cooperation_payoff_ci": [
    2.3066666666666666,
    2.713333333333333
  ],
  "equilibrium_convergence": 0.9466666666666667,
  "tom_prediction_accuracy": 0.6266666666666667,
  "tom_prediction_accuracy_ci": [
    0.57,
    0.6833333333333333
  ],
  "n_episodes": 30,
  "action_dist_agent1": [
    0.4533333333333333,
    0.5466666666666666
  ],
  "per_episode_payoffs": [
    2.6,
    2.6,
    2.2,
    1.8,
    2.2,
    1.6,
    2.2,
    2.0,
    3.2,
    3.2,
    3.2,
    2.0,
    2.0,
    2.2,
    3.6,
    2.6,
    3.2,
    2.8,
    3.0,
    2.0,
    3.2,
    2.4,
    2.6,
    2.2,
    2.0,
    3.6,
    3.2,
    2.0,
    2.2,
    1.6
  ],
  "gate_trust_rate": 0.9533333333333334,
  "gated_prediction_accuracy": 0.73,
  "signal_accuracy": 0.7166666666666667,
  "tom_belief_accuracy_in_gated": 0.6266666666666667,
  "dp_conflict_rate": 0.3233333333333333,
  "dp_intervention_rate": 0.3233333333333333,
  "cell": "het_gsaca",
  "gsaca_detected_structure": "anti_coord",
  "gsaca_oracle_structure": "anti_coord",
  "gsaca_detection_correct": true,
  "gsaca_split_score": 0.2941176470588236,
  "gsaca_warmup_episodes": 5,
  "gsaca_n_observations": 25,
  "wall_time_s": 590.8677399158478,
  "config": {
    "game": "deadlock",
    "n_agents": 2,
    "horizon": 5,
    "memory": 2,
    "models_homo": "Qwen/Qwen2.5-7B-Instruct",
    "temp_homo": 0.7,
    "tom_order": 1,
    "seed": 42,
    "cell_name": "het_gsaca",
    "gate_trust_threshold": 0.6,
    "gate_ema_alpha": 0.3,
    "atom_warmup": 3,
    "homogeneous": false,
    "use_tom": true,
    "use_talk": true,
    "adaptive_tom": true,
    "gated_talk_tom": true,
    "diversity_preserving_gate": true
  },
  "team_mean_payoff": 1.8266666666666667
}