{
  "perspective_diversity": 0.49742078734610295,
  "cooperation_payoff": 2.6866666666666656,
  "cooperation_payoff_ci": [
    2.593333333333333,
    2.766833333333332
  ],
  "equilibrium_convergence": 0.88,
  "tom_prediction_accuracy": 0.8166666666666667,
  "tom_prediction_accuracy_ci": [
    0.7733333333333333,
    0.86
  ],
  "n_episodes": 30,
  "action_dist_agent1": [
    0.7266666666666667,
    0.2733333333333333
  ],
  "per_episode_payoffs": [
    2.8,
    2.8,
    2.8,
    2.6,
    2.6,
    2.6,
    3.0,
    3.0,
    2.6,
    2.2,
    2.8,
    3.0,
    3.0,
    2.8,
    2.6,
    2.6,
    2.6,
    2.6,
    3.0,
    2.6,
    2.8,
    2.6,
    2.6,
    2.6,
    3.0,
    2.6,
    1.8,
    2.8,
    2.6,
    2.6
  ],
  "gate_trust_rate": 0.98,
  "gated_prediction_accuracy": 0.86,
  "signal_accuracy": 0.8733333333333333,
  "tom_belief_accuracy_in_gated": 0.8166666666666667,
  "dp_conflict_rate": 0.10333333333333333,
  "dp_intervention_rate": 0.10333333333333333,
  "cell": "het_dp_gated_atom_talk",
  "wall_time_s": 521.2037386894226,
  "config": {
    "game": "stag_hunt",
    "n_agents": 2,
    "horizon": 5,
    "memory": 2,
    "models_homo": "Qwen/Qwen2.5-7B-Instruct",
    "temp_homo": 0.7,
    "tom_order": 1,
    "seed": 44,
    "cell_name": "het_dp_gated_atom_talk",
    "homogeneous": false,
    "use_tom": true,
    "use_talk": true,
    "adaptive_tom": true,
    "gated_talk_tom": true,
    "diversity_preserving_gate": true
  },
  "team_mean_payoff": 2.433333333333333
}