{
  "perspective_diversity": 0.17838099737193366,
  "cooperation_payoff": 1.6800000000000002,
  "cooperation_payoff_ci": [
    1.4266666666666667,
    1.9200000000000002
  ],
  "equilibrium_convergence": 0.9866666666666667,
  "tom_prediction_accuracy": 0.6,
  "tom_prediction_accuracy_ci": [
    0.5433333333333333,
    0.65
  ],
  "n_episodes": 30,
  "action_dist_agent1": [
    0.8066666666666666,
    0.19333333333333333
  ],
  "per_episode_payoffs": [
    2.6,
    0.6,
    2.8,
    1.0,
    1.6,
    2.2,
    2.2,
    1.2,
    2.8,
    1.8,
    1.2,
    2.8,
    1.8,
    1.6,
    2.2,
    1.2,
    1.6,
    2.2,
    0.6,
    1.4,
    1.0,
    1.0,
    1.0,
    3.0,
    2.2,
    1.0,
    1.2,
    2.2,
    0.6,
    1.8
  ],
  "gate_trust_rate": 0.98,
  "gated_prediction_accuracy": 0.75,
  "signal_accuracy": 0.7566666666666667,
  "tom_belief_accuracy_in_gated": 0.6,
  "dp_conflict_rate": 0.3566666666666667,
  "dp_intervention_rate": 0.3566666666666667,
  "cell": "het_dp_gated_atom_talk",
  "wall_time_s": 509.0722987651825,
  "config": {
    "game": "battle_of_the_sexes",
    "n_agents": 2,
    "horizon": 5,
    "memory": 2,
    "models_homo": "Qwen/Qwen2.5-7B-Instruct",
    "temp_homo": 0.7,
    "tom_order": 1,
    "seed": 42,
    "cell_name": "het_dp_gated_atom_talk",
    "gate_trust_threshold": 0.3,
    "gate_ema_alpha": 0.3,
    "atom_warmup": 3,
    "homogeneous": false,
    "use_tom": true,
    "use_talk": true,
    "adaptive_tom": true,
    "gated_talk_tom": true,
    "diversity_preserving_gate": true
  },
  "team_mean_payoff": 1.5166666666666666
}