{
  "perspective_diversity": 9.782544819590937e-05,
  "cooperation_payoff": 2.133333333333333,
  "cooperation_payoff_ci": [
    1.833333333333333,
    2.413333333333333
  ],
  "equilibrium_convergence": 0.88,
  "tom_prediction_accuracy": 0.7066666666666667,
  "tom_prediction_accuracy_ci": [
    0.6533333333333333,
    0.7566666666666667
  ],
  "n_episodes": 30,
  "action_dist_agent1": [
    0.6466666666666666,
    0.35333333333333333
  ],
  "per_episode_payoffs": [
    2.8,
    2.8,
    1.2,
    2.6,
    1.4,
    2.8,
    2.6,
    3.0,
    2.8,
    2.8,
    2.6,
    1.6,
    2.8,
    0.6,
    2.6,
    2.6,
    1.6,
    1.0,
    2.2,
    2.8,
    3.0,
    2.2,
    2.8,
    0.8,
    0.8,
    2.6,
    0.8,
    0.4,
    2.6,
    2.8
  ],
  "gate_trust_rate": 0.9566666666666667,
  "gated_prediction_accuracy": 0.8533333333333334,
  "signal_accuracy": 0.8566666666666667,
  "tom_belief_accuracy_in_gated": 0.7066666666666667,
  "dp_conflict_rate": 0.25666666666666665,
  "dp_intervention_rate": 0.25666666666666665,
  "cell": "het_gated_atom_talk",
  "wall_time_s": 489.8588297367096,
  "config": {
    "game": "battle_of_the_sexes",
    "n_agents": 2,
    "horizon": 5,
    "memory": 2,
    "models_homo": "Qwen/Qwen2.5-7B-Instruct",
    "temp_homo": 0.7,
    "tom_order": 1,
    "seed": 44,
    "cell_name": "het_gated_atom_talk",
    "homogeneous": false,
    "use_tom": true,
    "use_talk": true,
    "adaptive_tom": true,
    "gated_talk_tom": true,
    "diversity_preserving_gate": false
  },
  "team_mean_payoff": 1.9833333333333334
}