{
  "perspective_diversity": 0.32260592453647674,
  "cooperation_payoff": 3.026666666666666,
  "cooperation_payoff_ci": [
    2.626666666666666,
    3.4201666666666646
  ],
  "equilibrium_convergence": 0.96,
  "tom_prediction_accuracy": 0.6766666666666666,
  "tom_prediction_accuracy_ci": [
    0.6233333333333333,
    0.73
  ],
  "n_episodes": 30,
  "action_dist_agent1": [
    0.2733333333333333,
    0.7266666666666667
  ],
  "per_episode_payoffs": [
    2.6,
    2.6,
    4.6,
    4.6,
    1.2,
    2.6,
    4.6,
    4.6,
    3.6,
    2.2,
    1.6,
    2.8,
    3.6,
    0.4,
    2.8,
    2.6,
    2.0,
    2.2,
    3.6,
    3.6,
    4.6,
    2.6,
    4.6,
    3.2,
    3.6,
    4.6,
    1.8,
    2.6,
    2.6,
    2.2
  ],
  "gate_trust_rate": 0.8866666666666667,
  "gated_prediction_accuracy": 0.6633333333333333,
  "signal_accuracy": 0.6433333333333333,
  "tom_belief_accuracy_in_gated": 0.6766666666666666,
  "dp_conflict_rate": 0.24666666666666667,
  "dp_intervention_rate": 0.24666666666666667,
  "cell": "het_gsaca",
  "gsaca_detected_structure": "anti_coord",
  "gsaca_oracle_structure": "anti_coord",
  "gsaca_detection_correct": true,
  "gsaca_split_score": 1.7142857142857142,
  "gsaca_warmup_episodes": 3,
  "gsaca_n_observations": 15,
  "wall_time_s": 471.7086579799652,
  "config": {
    "game": "chicken",
    "n_agents": 2,
    "horizon": 5,
    "memory": 2,
    "models_homo": "Qwen/Qwen2.5-7B-Instruct",
    "temp_homo": 0.7,
    "tom_order": 1,
    "seed": 43,
    "cell_name": "het_gsaca",
    "gate_trust_threshold": 0.6,
    "gate_ema_alpha": 0.3,
    "atom_warmup": 3,
    "homogeneous": false,
    "use_tom": true,
    "use_talk": true,
    "adaptive_tom": true,
    "gated_talk_tom": true,
    "diversity_preserving_gate": true
  },
  "team_mean_payoff": 2.2399999999999998
}