{
  "perspective_diversity": 0.13406263691903467,
  "cooperation_payoff": 2.766666666666667,
  "cooperation_payoff_ci": [
    2.3933333333333335,
    3.1199999999999997
  ],
  "equilibrium_convergence": 1.0,
  "tom_prediction_accuracy": 0.6933333333333334,
  "tom_prediction_accuracy_ci": [
    0.64,
    0.7466666666666667
  ],
  "n_episodes": 30,
  "action_dist_agent1": [
    0.41333333333333333,
    0.5866666666666667
  ],
  "per_episode_payoffs": [
    2.4,
    3.0,
    2.0,
    3.6,
    3.0,
    5.0,
    4.0,
    3.0,
    3.0,
    0.6,
    3.2,
    2.2,
    2.0,
    2.2,
    4.0,
    1.4,
    3.0,
    3.0,
    2.2,
    4.0,
    2.0,
    4.0,
    2.2,
    2.2,
    3.0,
    4.0,
    1.0,
    1.2,
    4.2,
    2.4
  ],
  "gate_trust_rate": 0.8866666666666667,
  "gated_prediction_accuracy": 0.6766666666666666,
  "signal_accuracy": 0.6566666666666666,
  "tom_belief_accuracy_in_gated": 0.6933333333333334,
  "dp_conflict_rate": 0.23666666666666666,
  "dp_intervention_rate": 0.23666666666666666,
  "cell": "het_gated_atom_talk",
  "wall_time_s": 521.7701308727264,
  "config": {
    "game": "chicken",
    "n_agents": 2,
    "horizon": 5,
    "memory": 2,
    "models_homo": "Qwen/Qwen2.5-7B-Instruct",
    "temp_homo": 0.7,
    "tom_order": 1,
    "seed": 42,
    "cell_name": "het_gated_atom_talk",
    "gate_trust_threshold": 0.6,
    "gate_ema_alpha": 0.3,
    "atom_warmup": 3,
    "homogeneous": false,
    "use_tom": true,
    "use_talk": true,
    "adaptive_tom": true,
    "gated_talk_tom": true,
    "diversity_preserving_gate": false
  },
  "team_mean_payoff": 2.2600000000000002
}