{
  "perspective_diversity": 0.08109302162130405,
  "cooperation_payoff": 1.346666666666667,
  "cooperation_payoff_ci": [
    1.1133333333333335,
    1.5866666666666664
  ],
  "equilibrium_convergence": 0.8933333333333333,
  "tom_prediction_accuracy": 0.5533333333333333,
  "tom_prediction_accuracy_ci": [
    0.5,
    0.6133333333333333
  ],
  "n_episodes": 30,
  "action_dist_agent1": [
    0.4,
    0.6
  ],
  "per_episode_payoffs": [
    0.8,
    0.8,
    1.2,
    1.4,
    1.6,
    3.0,
    1.2,
    2.2,
    0.6,
    1.2,
    0.2,
    1.4,
    1.0,
    1.6,
    2.0,
    1.4,
    2.2,
    0.6,
    1.0,
    0.8,
    2.2,
    1.6,
    1.6,
    1.4,
    0.6,
    0.8,
    1.6,
    2.0,
    0.2,
    2.2
  ],
  "gate_trust_rate": 0.79,
  "gated_prediction_accuracy": 0.5433333333333333,
  "signal_accuracy": 0.54,
  "tom_belief_accuracy_in_gated": 0.5533333333333333,
  "dp_conflict_rate": 0.34,
  "dp_intervention_rate": 0.34,
  "cell": "het_gated_atom_talk",
  "wall_time_s": 457.7697846889496,
  "config": {
    "game": "hawk_dove",
    "n_agents": 2,
    "horizon": 5,
    "memory": 2,
    "models_homo": "Qwen/Qwen2.5-7B-Instruct",
    "temp_homo": 0.7,
    "tom_order": 1,
    "seed": 43,
    "cell_name": "het_gated_atom_talk",
    "homogeneous": false,
    "use_tom": true,
    "use_talk": true,
    "adaptive_tom": true,
    "gated_talk_tom": true,
    "diversity_preserving_gate": false
  },
  "team_mean_payoff": 1.0466666666666666
}