{
  "perspective_diversity": 0.03444291622506255,
  "cooperation_payoff": 2.40923362745079,
  "cooperation_payoff_ci": [
    2.1652921741938,
    2.6202869475978305
  ],
  "equilibrium_convergence": 0.92,
  "tom_prediction_accuracy": 0.5391666666666667,
  "tom_prediction_accuracy_ci": [
    0.51,
    0.5666666666666667
  ],
  "n_episodes": 20,
  "action_dist_agent1": [
    0.7,
    0.3
  ],
  "per_episode_payoffs": [
    2.7206899608803132,
    1.4095890767124932,
    1.300773710496882,
    2.912888710709495,
    2.7067313989640356,
    2.26254759931171,
    2.559405013988098,
    2.754309725105552,
    2.5871423482008247,
    2.532905364430836,
    1.8932588637745975,
    2.2630091504001486,
    2.372628012612524,
    1.278022769796733,
    2.6055744230633486,
    3.0513845890739386,
    2.256267551792068,
    2.915688425947452,
    3.111903653070629,
    2.6899522006841257
  ],
  "gate_trust_rate": 0.8808333333333334,
  "gated_prediction_accuracy": 0.6466666666666666,
  "signal_accuracy": 0.7175,
  "tom_belief_accuracy_in_gated": 0.5391666666666667,
  "dp_conflict_rate": 0.37333333333333335,
  "dp_intervention_rate": 0.37333333333333335,
  "cell": "het_gsaca",
  "gsaca_detected_structure": "anti_coord",
  "gsaca_oracle_structure": "coord",
  "gsaca_detection_correct": false,
  "gsaca_split_score": 0.15041116197525106,
  "gsaca_warmup_episodes": 3,
  "gsaca_n_observations": 15,
  "wall_time_s": 2556.576135158539,
  "config": {
    "game": "public_goods",
    "n_agents": 4,
    "horizon": 5,
    "memory": 2,
    "models_homo": "Qwen/Qwen2.5-7B-Instruct",
    "temp_homo": 0.7,
    "tom_order": 1,
    "seed": 44,
    "cell_name": "het_gsaca",
    "gate_trust_threshold": 0.6,
    "gate_ema_alpha": 0.3,
    "atom_warmup": 3,
    "homogeneous": false,
    "use_tom": true,
    "use_talk": true,
    "adaptive_tom": true,
    "gated_talk_tom": true,
    "diversity_preserving_gate": true
  },
  "team_mean_payoff": 2.455341060575276
}