{
  "perspective_diversity": 0.33288057989229036,
  "cooperation_payoff": 2.939999999999999,
  "cooperation_payoff_ci": [
    2.513333333333333,
    3.3599999999999994
  ],
  "equilibrium_convergence": 0.9466666666666667,
  "tom_prediction_accuracy": 0.66,
  "tom_prediction_accuracy_ci": [
    0.6066666666666667,
    0.7133333333333334
  ],
  "n_episodes": 30,
  "action_dist_agent1": [
    0.25333333333333335,
    0.7466666666666667
  ],
  "per_episode_payoffs": [
    3.6,
    2.0,
    1.8,
    4.6,
    3.6,
    4.6,
    1.8,
    4.6,
    3.2,
    2.2,
    1.8,
    2.2,
    1.6,
    3.0,
    4.6,
    2.6,
    1.8,
    1.6,
    4.6,
    3.6,
    3.6,
    1.6,
    3.6,
    2.6,
    3.6,
    0.8,
    4.6,
    4.6,
    2.6,
    1.2
  ],
  "gate_trust_rate": 0.92,
  "gated_prediction_accuracy": 0.6933333333333334,
  "signal_accuracy": 0.7,
  "tom_belief_accuracy_in_gated": 0.66,
  "dp_conflict_rate": 0.24666666666666667,
  "dp_intervention_rate": 0.24666666666666667,
  "cell": "het_dp_gated_atom_talk",
  "wall_time_s": 469.8152222633362,
  "config": {
    "game": "chicken",
    "n_agents": 2,
    "horizon": 5,
    "memory": 2,
    "models_homo": "Qwen/Qwen2.5-7B-Instruct",
    "temp_homo": 0.7,
    "tom_order": 1,
    "seed": 44,
    "cell_name": "het_dp_gated_atom_talk",
    "gate_trust_threshold": 0.6,
    "gate_ema_alpha": 0.3,
    "atom_warmup": 3,
    "homogeneous": false,
    "use_tom": true,
    "use_talk": true,
    "adaptive_tom": true,
    "gated_talk_tom": true,
    "diversity_preserving_gate": true
  },
  "team_mean_payoff": 2.1399999999999997
}