{
  "perspective_diversity": 0.2895252933651752,
  "cooperation_payoff": 2.986666666666666,
  "cooperation_payoff_ci": [
    2.6466666666666665,
    3.3201666666666654
  ],
  "equilibrium_convergence": 0.9866666666666667,
  "tom_prediction_accuracy": 0.6266666666666667,
  "tom_prediction_accuracy_ci": [
    0.5733333333333334,
    0.6833333333333333
  ],
  "n_episodes": 30,
  "action_dist_agent1": [
    0.2866666666666667,
    0.7133333333333334
  ],
  "per_episode_payoffs": [
    2.6,
    0.8,
    4.2,
    2.6,
    4.6,
    2.2,
    2.2,
    2.6,
    1.4,
    2.6,
    3.6,
    4.6,
    2.6,
    2.4,
    2.4,
    3.6,
    3.6,
    3.6,
    2.6,
    3.6,
    3.6,
    2.0,
    2.8,
    3.6,
    2.6,
    2.0,
    3.2,
    4.6,
    4.6,
    2.2
  ],
  "gate_trust_rate": 0.9066666666666666,
  "gated_prediction_accuracy": 0.6366666666666667,
  "signal_accuracy": 0.6633333333333333,
  "tom_belief_accuracy_in_gated": 0.6266666666666667,
  "dp_conflict_rate": 0.2833333333333333,
  "dp_intervention_rate": 0.2833333333333333,
  "cell": "het_gsaca",
  "gsaca_detected_structure": "anti_coord",
  "gsaca_oracle_structure": "anti_coord",
  "gsaca_detection_correct": true,
  "gsaca_split_score": 1.9090909090909092,
  "gsaca_warmup_episodes": 5,
  "gsaca_n_observations": 25,
  "wall_time_s": 450.76910638809204,
  "config": {
    "game": "chicken",
    "n_agents": 2,
    "horizon": 5,
    "memory": 2,
    "models_homo": "Qwen/Qwen2.5-7B-Instruct",
    "temp_homo": 0.7,
    "tom_order": 1,
    "seed": 44,
    "cell_name": "het_gsaca",
    "gate_trust_threshold": 0.6,
    "gate_ema_alpha": 0.3,
    "atom_warmup": 3,
    "homogeneous": false,
    "use_tom": true,
    "use_talk": true,
    "adaptive_tom": true,
    "gated_talk_tom": true,
    "diversity_preserving_gate": true
  },
  "team_mean_payoff": 2.2399999999999998
}