{
  "perspective_diversity": 0.0014464951093186018,
  "cooperation_payoff": 1.7866666666666664,
  "cooperation_payoff_ci": [
    1.6333333333333337,
    1.9533333333333331
  ],
  "equilibrium_convergence": 0.8933333333333333,
  "tom_prediction_accuracy": 0.5433333333333333,
  "tom_prediction_accuracy_ci": [
    0.4866666666666667,
    0.6
  ],
  "n_episodes": 30,
  "action_dist_agent1": [
    0.5466666666666666,
    0.4533333333333333
  ],
  "per_episode_payoffs": [
    1.4,
    1.2,
    1.6,
    1.4,
    1.8,
    1.0,
    1.8,
    1.4,
    1.6,
    2.0,
    1.2,
    1.2,
    1.8,
    1.2,
    2.2,
    2.2,
    2.0,
    2.2,
    2.2,
    2.0,
    1.4,
    2.2,
    3.0,
    1.6,
    1.8,
    2.0,
    2.4,
    2.2,
    1.8,
    1.8
  ],
  "gate_trust_rate": 0.84,
  "gated_prediction_accuracy": 0.6,
  "signal_accuracy": 0.66,
  "tom_belief_accuracy_in_gated": 0.5433333333333333,
  "dp_conflict_rate": 0.43666666666666665,
  "dp_intervention_rate": 0.43666666666666665,
  "cell": "hom_dp_gated_atom_talk",
  "wall_time_s": 511.58149909973145,
  "config": {
    "game": "deadlock",
    "n_agents": 2,
    "horizon": 5,
    "memory": 2,
    "models_homo": "Qwen/Qwen2.5-7B-Instruct",
    "temp_homo": 0.7,
    "tom_order": 1,
    "seed": 42,
    "cell_name": "hom_dp_gated_atom_talk",
    "gate_trust_threshold": 0.6,
    "gate_ema_alpha": 0.3,
    "atom_warmup": 3,
    "homogeneous": true,
    "use_tom": true,
    "use_talk": true,
    "adaptive_tom": true,
    "gated_talk_tom": true,
    "diversity_preserving_gate": true
  },
  "team_mean_payoff": 1.7333333333333334
}