{
  "perspective_diversity": 0.38779864093885225,
  "cooperation_payoff": 1.0133333333333332,
  "cooperation_payoff_ci": [
    0.8999999999999999,
    1.1266666666666665
  ],
  "equilibrium_convergence": 1.0,
  "tom_prediction_accuracy": 0.5733333333333334,
  "tom_prediction_accuracy_ci": [
    0.5166666666666667,
    0.63
  ],
  "n_episodes": 30,
  "action_dist_agent1": [
    0.84,
    0.16
  ],
  "per_episode_payoffs": [
    0.6,
    0.8,
    0.8,
    1.4,
    1.0,
    1.2,
    1.0,
    1.2,
    0.8,
    1.4,
    1.0,
    1.0,
    0.8,
    0.8,
    1.0,
    1.4,
    0.4,
    1.4,
    1.6,
    0.4,
    1.2,
    1.2,
    1.0,
    0.8,
    0.8,
    1.4,
    1.0,
    0.4,
    1.4,
    1.2
  ],
  "gate_trust_rate": 0.6433333333333333,
  "gated_prediction_accuracy": 0.52,
  "signal_accuracy": 0.47,
  "tom_belief_accuracy_in_gated": 0.5733333333333334,
  "dp_conflict_rate": 0.4766666666666667,
  "dp_intervention_rate": 0.4766666666666667,
  "cell": "hom_gated_atom_talk",
  "wall_time_s": 569.9979689121246,
  "config": {
    "game": "deadlock",
    "n_agents": 2,
    "horizon": 5,
    "memory": 2,
    "models_homo": "Qwen/Qwen2.5-7B-Instruct",
    "temp_homo": 0.7,
    "tom_order": 1,
    "seed": 45,
    "cell_name": "hom_gated_atom_talk",
    "gate_trust_threshold": 0.6,
    "gate_ema_alpha": 0.3,
    "atom_warmup": 3,
    "homogeneous": true,
    "use_tom": true,
    "use_talk": true,
    "adaptive_tom": true,
    "gated_talk_tom": true,
    "diversity_preserving_gate": false
  },
  "team_mean_payoff": 1.8666666666666663
}