{
  "perspective_diversity": 0.02349102107885863,
  "cooperation_payoff": 1.9733333333333336,
  "cooperation_payoff_ci": [
    1.8,
    2.146666666666667
  ],
  "equilibrium_convergence": 0.9333333333333333,
  "tom_prediction_accuracy": 0.7066666666666667,
  "tom_prediction_accuracy_ci": [
    0.6533333333333333,
    0.76
  ],
  "n_episodes": 30,
  "action_dist_agent1": [
    0.5133333333333333,
    0.4866666666666667
  ],
  "per_episode_payoffs": [
    2.4,
    2.2,
    1.6,
    2.2,
    2.0,
    1.8,
    1.6,
    2.4,
    2.0,
    2.0,
    1.8,
    1.6,
    2.0,
    1.4,
    2.2,
    1.2,
    2.0,
    2.2,
    3.0,
    2.0,
    1.8,
    1.6,
    0.4,
    2.0,
    2.0,
    1.8,
    2.2,
    2.6,
    2.2,
    3.0
  ],
  "gate_trust_rate": 0.94,
  "gated_prediction_accuracy": 0.73,
  "signal_accuracy": 0.7033333333333334,
  "tom_belief_accuracy_in_gated": 0.7066666666666667,
  "dp_conflict_rate": 0.29,
  "dp_intervention_rate": 0.29,
  "cell": "het_gated_atom_talk",
  "wall_time_s": 500.5092589855194,
  "config": {
    "game": "deadlock",
    "n_agents": 2,
    "horizon": 5,
    "memory": 2,
    "models_homo": "Qwen/Qwen2.5-7B-Instruct",
    "temp_homo": 0.7,
    "tom_order": 1,
    "seed": 61,
    "cell_name": "het_gated_atom_talk",
    "gate_trust_threshold": 0.6,
    "gate_ema_alpha": 0.3,
    "atom_warmup": 3,
    "homogeneous": false,
    "use_tom": true,
    "use_talk": true,
    "adaptive_tom": true,
    "gated_talk_tom": true,
    "diversity_preserving_gate": false
  },
  "team_mean_payoff": 1.7599999999999996
}