{
  "perspective_diversity": 0.03670672249996895,
  "cooperation_payoff": 1.1340382439989518,
  "cooperation_payoff_ci": [
    0.7156585906049867,
    1.5440955305713824
  ],
  "equilibrium_convergence": 0.9733333333333333,
  "tom_prediction_accuracy": 0.6066666666666667,
  "tom_prediction_accuracy_ci": [
    0.5533333333333333,
    0.6600833333333329
  ],
  "n_episodes": 30,
  "action_dist_agent1": [
    0.49333333333333335,
    0.5066666666666667
  ],
  "per_episode_payoffs": [
    1.8414258569267279,
    1.9209943304180208,
    2.9742676042224674,
    -1.9095919908928436,
    -0.9996699300387174,
    2.237786563310573,
    2.035836923408619,
    2.4176350089551666,
    0.4998656535570557,
    1.322388847884228,
    2.1700033181201794,
    1.3073568618138638,
    -0.9932666144084722,
    2.149560203423194,
    1.511592413417598,
    0.887201340067836,
    1.3088958723356767,
    3.3016364294607867,
    -0.2617122660087575,
    0.6405510273532444,
    0.34875148195132744,
    2.297807245029292,
    -0.009819281481310949,
    0.166140593733628,
    1.4736703467481225,
    2.441268280545432,
    0.687347628580033,
    0.5745657661391157,
    0.7362878741634612,
    0.9423699312330118
  ],
  "gate_trust_rate": 0.79,
  "gated_prediction_accuracy": 0.65,
  "signal_accuracy": 0.62,
  "tom_belief_accuracy_in_gated": 0.6066666666666667,
  "dp_conflict_rate": 0.44666666666666666,
  "dp_intervention_rate": 0.44666666666666666,
  "cell": "het_gsaca",
  "gsaca_detected_structure": "anti_coord",
  "gsaca_oracle_structure": "anti_coord",
  "gsaca_detection_correct": true,
  "gsaca_split_score": 1.4190326637692872,
  "gsaca_warmup_episodes": 5,
  "gsaca_n_observations": 25,
  "wall_time_s": 495.9621250629425,
  "config": {
    "game": "hawk_dove",
    "n_agents": 2,
    "horizon": 5,
    "memory": 2,
    "models_homo": "Qwen/Qwen2.5-7B-Instruct",
    "temp_homo": 0.7,
    "tom_order": 1,
    "seed": 44,
    "cell_name": "het_gsaca",
    "gate_trust_threshold": 0.6,
    "gate_ema_alpha": 0.3,
    "atom_warmup": 3,
    "homogeneous": false,
    "use_tom": true,
    "use_talk": true,
    "adaptive_tom": true,
    "gated_talk_tom": true,
    "diversity_preserving_gate": true
  },
  "team_mean_payoff": 1.0460724723191897
}