{
  "perspective_diversity": 0.17953067591489252,
  "cooperation_payoff": 2.3866666666666663,
  "cooperation_payoff_ci": [
    2.173333333333333,
    2.6
  ],
  "equilibrium_convergence": 0.9333333333333333,
  "tom_prediction_accuracy": 0.6366666666666667,
  "tom_prediction_accuracy_ci": [
    0.5833333333333334,
    0.6933333333333334
  ],
  "n_episodes": 30,
  "action_dist_agent1": [
    0.47333333333333333,
    0.5266666666666666
  ],
  "per_episode_payoffs": [
    3.2,
    2.2,
    1.0,
    1.8,
    3.2,
    2.6,
    2.4,
    2.6,
    1.8,
    2.4,
    2.6,
    2.6,
    3.6,
    2.6,
    3.2,
    2.0,
    2.8,
    1.4,
    1.8,
    1.8,
    2.0,
    2.8,
    2.0,
    1.4,
    2.0,
    2.6,
    2.2,
    3.2,
    2.8,
    3.0
  ],
  "gate_trust_rate": 0.9233333333333333,
  "gated_prediction_accuracy": 0.7033333333333334,
  "signal_accuracy": 0.6933333333333334,
  "tom_belief_accuracy_in_gated": 0.6366666666666667,
  "dp_conflict_rate": 0.29,
  "dp_intervention_rate": 0.29,
  "cell": "het_gsaca",
  "gsaca_detected_structure": "anti_coord",
  "gsaca_oracle_structure": "anti_coord",
  "gsaca_detection_correct": true,
  "gsaca_split_score": 0.25,
  "gsaca_warmup_episodes": 5,
  "gsaca_n_observations": 25,
  "wall_time_s": 517.6759362220764,
  "config": {
    "game": "deadlock",
    "n_agents": 2,
    "horizon": 5,
    "memory": 2,
    "models_homo": "Qwen/Qwen2.5-7B-Instruct",
    "temp_homo": 0.7,
    "tom_order": 1,
    "seed": 46,
    "cell_name": "het_gsaca",
    "homogeneous": false,
    "use_tom": true,
    "use_talk": true,
    "adaptive_tom": true,
    "gated_talk_tom": true,
    "diversity_preserving_gate": true
  },
  "team_mean_payoff": 1.8266666666666664
}