{
  "perspective_diversity": 0.3209821855351097,
  "cooperation_payoff": 2.7066666666666657,
  "cooperation_payoff_ci": [
    2.619999999999999,
    2.7866666666666666
  ],
  "equilibrium_convergence": 0.9733333333333333,
  "tom_prediction_accuracy": 0.8366666666666667,
  "tom_prediction_accuracy_ci": [
    0.7933333333333333,
    0.8766666666666667
  ],
  "n_episodes": 30,
  "action_dist_agent1": [
    0.7466666666666667,
    0.25333333333333335
  ],
  "per_episode_payoffs": [
    3.0,
    2.6,
    2.4,
    2.0,
    2.6,
    2.8,
    3.0,
    3.0,
    2.6,
    3.0,
    2.6,
    2.6,
    2.2,
    2.8,
    2.6,
    2.8,
    2.6,
    2.6,
    3.0,
    2.8,
    2.6,
    3.0,
    2.6,
    3.0,
    2.6,
    2.6,
    2.8,
    2.6,
    3.0,
    2.8
  ],
  "gate_trust_rate": 0.9866666666666667,
  "gated_prediction_accuracy": 0.8733333333333333,
  "signal_accuracy": 0.88,
  "tom_belief_accuracy_in_gated": 0.8366666666666667,
  "dp_conflict_rate": 0.09,
  "dp_intervention_rate": 0.09,
  "cell": "het_dp_gated_atom_talk",
  "wall_time_s": 540.2545263767242,
  "config": {
    "game": "stag_hunt",
    "n_agents": 2,
    "horizon": 5,
    "memory": 2,
    "models_homo": "Qwen/Qwen2.5-7B-Instruct",
    "temp_homo": 0.7,
    "tom_order": 1,
    "seed": 54,
    "cell_name": "het_dp_gated_atom_talk",
    "gate_trust_threshold": 0.6,
    "gate_ema_alpha": 0.3,
    "atom_warmup": 3,
    "homogeneous": false,
    "use_tom": true,
    "use_talk": true,
    "adaptive_tom": true,
    "gated_talk_tom": true,
    "diversity_preserving_gate": true
  },
  "team_mean_payoff": 2.4866666666666664
}