{
  "perspective_diversity": 0.003217555569566509,
  "cooperation_payoff": 2.3666666666666667,
  "cooperation_payoff_ci": [
    2.126666666666667,
    2.5933333333333333
  ],
  "equilibrium_convergence": 0.9733333333333333,
  "tom_prediction_accuracy": 0.7366666666666667,
  "tom_prediction_accuracy_ci": [
    0.6866666666666666,
    0.7866666666666666
  ],
  "n_episodes": 30,
  "action_dist_agent1": [
    0.8,
    0.2
  ],
  "per_episode_payoffs": [
    1.6,
    0.6,
    2.2,
    2.2,
    2.4,
    2.4,
    3.0,
    2.2,
    2.8,
    1.0,
    3.0,
    1.0,
    3.0,
    2.8,
    3.0,
    2.8,
    2.4,
    2.8,
    2.8,
    2.8,
    2.8,
    2.2,
    3.0,
    1.4,
    2.2,
    2.8,
    1.8,
    2.2,
    2.8,
    3.0
  ],
  "gate_trust_rate": 0.7333333333333333,
  "gated_prediction_accuracy": 0.43333333333333335,
  "signal_accuracy": 0.6333333333333333,
  "tom_belief_accuracy_in_gated": 0.36666666666666664,
  "dp_conflict_rate": 0.5333333333333333,
  "dp_intervention_rate": 0.5333333333333333,
  "cell": "het_gsaca",
  "gsaca_detected_structure": "coord",
  "gsaca_oracle_structure": "coord",
  "gsaca_detection_correct": true,
  "gsaca_split_score": -2.5,
  "gsaca_warmup_episodes": 3,
  "gsaca_n_observations": 15,
  "wall_time_s": 466.8894774913788,
  "config": {
    "game": "battle_of_the_sexes",
    "n_agents": 2,
    "horizon": 5,
    "memory": 2,
    "models_homo": "Qwen/Qwen2.5-7B-Instruct",
    "temp_homo": 0.7,
    "tom_order": 1,
    "seed": 42,
    "cell_name": "het_gsaca",
    "gate_trust_threshold": 0.6,
    "gate_ema_alpha": 0.3,
    "atom_warmup": 3,
    "homogeneous": false,
    "use_tom": true,
    "use_talk": true,
    "adaptive_tom": true,
    "gated_talk_tom": true,
    "diversity_preserving_gate": true
  },
  "team_mean_payoff": 2.0833333333333335
}