{
  "perspective_diversity": 0.06557077717462642,
  "cooperation_payoff": 1.0799999999999998,
  "cooperation_payoff_ci": [
    0.9866666666666666,
    1.2000000000000002
  ],
  "equilibrium_convergence": 0.9466666666666668,
  "tom_prediction_accuracy": 0.5066666666666667,
  "tom_prediction_accuracy_ci": [
    0.45,
    0.5633333333333334
  ],
  "n_episodes": 30,
  "action_dist_agent1": [
    0.41333333333333333,
    0.5866666666666667
  ],
  "per_episode_payoffs": [
    1.2,
    1.2,
    1.2,
    1.0,
    1.4,
    0.8,
    1.2,
    1.2,
    1.0,
    1.0,
    1.2,
    0.8,
    1.0,
    0.6,
    0.8,
    1.2,
    1.2,
    1.0,
    2.2,
    1.0,
    1.4,
    1.0,
    1.0,
    1.2,
    1.2,
    1.0,
    0.6,
    1.0,
    0.8,
    1.0
  ],
  "gate_trust_rate": 0.5133333333333333,
  "gated_prediction_accuracy": 0.46,
  "signal_accuracy": 0.43333333333333335,
  "tom_belief_accuracy_in_gated": 0.5066666666666667,
  "dp_conflict_rate": 0.6133333333333333,
  "dp_intervention_rate": 0.6133333333333333,
  "cell": "hom_gsaca",
  "gsaca_detected_structure": "anti_coord",
  "gsaca_oracle_structure": "anti_coord",
  "gsaca_detection_correct": true,
  "gsaca_split_score": 1.3,
  "gsaca_warmup_episodes": 5,
  "gsaca_n_observations": 25,
  "wall_time_s": 563.9250066280365,
  "config": {
    "game": "hawk_dove",
    "n_agents": 2,
    "horizon": 5,
    "memory": 2,
    "models_homo": "Qwen/Qwen2.5-7B-Instruct",
    "temp_homo": 0.7,
    "tom_order": 1,
    "seed": 42,
    "cell_name": "hom_gsaca",
    "gate_trust_threshold": 0.6,
    "gate_ema_alpha": 0.3,
    "atom_warmup": 3,
    "homogeneous": true,
    "use_tom": true,
    "use_talk": true,
    "adaptive_tom": true,
    "gated_talk_tom": true,
    "diversity_preserving_gate": true
  },
  "team_mean_payoff": 0.81
}