{
  "perspective_diversity": 0.00041477823118369304,
  "cooperation_payoff": 2.2866666666666666,
  "cooperation_payoff_ci": [
    2.033333333333333,
    2.526666666666666
  ],
  "equilibrium_convergence": 0.9733333333333333,
  "tom_prediction_accuracy": 0.7366666666666667,
  "tom_prediction_accuracy_ci": [
    0.6866666666666666,
    0.7866666666666666
  ],
  "n_episodes": 30,
  "action_dist_agent1": [
    0.68,
    0.32
  ],
  "per_episode_payoffs": [
    2.8,
    2.6,
    1.4,
    2.8,
    2.6,
    1.2,
    2.8,
    2.8,
    2.8,
    2.8,
    2.6,
    1.8,
    2.8,
    2.8,
    2.2,
    0.4,
    2.8,
    2.4,
    2.8,
    3.0,
    2.8,
    2.2,
    2.2,
    1.6,
    2.8,
    1.6,
    2.2,
    1.2,
    2.8,
    1.0
  ],
  "gate_trust_rate": 0.9666666666666667,
  "gated_prediction_accuracy": 0.8733333333333333,
  "signal_accuracy": 0.86,
  "tom_belief_accuracy_in_gated": 0.7366666666666667,
  "dp_conflict_rate": 0.29,
  "dp_intervention_rate": 0.29,
  "cell": "het_gated_atom_talk",
  "wall_time_s": 567.2502682209015,
  "config": {
    "game": "battle_of_the_sexes",
    "n_agents": 2,
    "horizon": 5,
    "memory": 2,
    "models_homo": "Qwen/Qwen2.5-7B-Instruct",
    "temp_homo": 0.7,
    "tom_order": 1,
    "seed": 42,
    "cell_name": "het_gated_atom_talk",
    "homogeneous": false,
    "use_tom": true,
    "use_talk": true,
    "adaptive_tom": true,
    "gated_talk_tom": true,
    "diversity_preserving_gate": false
  },
  "team_mean_payoff": 2.1
}