{
  "perspective_diversity": 0.17953067591489252,
  "cooperation_payoff": 2.3733333333333335,
  "cooperation_payoff_ci": [
    2.113333333333334,
    2.5933333333333337
  ],
  "equilibrium_convergence": 0.88,
  "tom_prediction_accuracy": 0.6666666666666666,
  "tom_prediction_accuracy_ci": [
    0.6133333333333333,
    0.72
  ],
  "n_episodes": 30,
  "action_dist_agent1": [
    0.47333333333333333,
    0.5266666666666666
  ],
  "per_episode_payoffs": [
    2.6,
    2.2,
    3.2,
    1.6,
    3.0,
    2.2,
    2.6,
    0.6,
    2.2,
    1.4,
    3.2,
    2.2,
    2.6,
    2.6,
    1.4,
    1.6,
    2.0,
    3.2,
    3.2,
    2.2,
    2.2,
    3.2,
    3.2,
    2.2,
    2.4,
    1.4,
    2.6,
    3.0,
    2.0,
    3.2
  ],
  "gate_trust_rate": 0.9,
  "gated_prediction_accuracy": 0.7266666666666667,
  "signal_accuracy": 0.68,
  "tom_belief_accuracy_in_gated": 0.6666666666666666,
  "dp_conflict_rate": 0.30666666666666664,
  "dp_intervention_rate": 0.30666666666666664,
  "cell": "het_3arm",
  "gsaca_detected_structure": "anti_coord",
  "gsaca_oracle_structure": "anti_coord",
  "gsaca_detection_correct": true,
  "gsaca_split_score": 0.19999999999999996,
  "gsaca_warmup_episodes": 5,
  "gsaca_n_observations": 25,
  "gsaca_3arm_selected": "CGA",
  "gsaca_3arm_tau": 0.0,
  "wall_time_s": 546.1949803829193,
  "config": {
    "game": "deadlock",
    "n_agents": 2,
    "horizon": 5,
    "memory": 2,
    "models_homo": "Qwen/Qwen2.5-7B-Instruct",
    "temp_homo": 0.7,
    "tom_order": 1,
    "seed": 42,
    "cell_name": "het_3arm",
    "gate_trust_threshold": 0.6,
    "gate_ema_alpha": 0.3,
    "atom_warmup": 3,
    "homogeneous": false,
    "use_tom": true,
    "use_talk": true,
    "adaptive_tom": true,
    "gated_talk_tom": true,
    "diversity_preserving_gate": true
  },
  "team_mean_payoff": 1.8133333333333332
}