{
  "perspective_diversity": 0.09370349516744474,
  "cooperation_payoff": 2.6399999999999997,
  "cooperation_payoff_ci": [
    2.5759999999999996,
    2.696
  ],
  "equilibrium_convergence": 0.9199999999999999,
  "tom_prediction_accuracy": 0.6083333333333333,
  "tom_prediction_accuracy_ci": [
    0.5808333333333333,
    0.6358333333333334
  ],
  "n_episodes": 20,
  "action_dist_agent1": [
    0.74,
    0.26
  ],
  "per_episode_payoffs": [
    2.3600000000000003,
    2.7199999999999998,
    2.6800000000000006,
    2.7600000000000002,
    2.7199999999999998,
    2.7199999999999998,
    2.7199999999999998,
    2.72,
    2.4800000000000004,
    2.56,
    2.56,
    2.76,
    2.7600000000000002,
    2.5599999999999996,
    2.5599999999999996,
    2.6799999999999997,
    2.8,
    2.2800000000000002,
    2.5599999999999996,
    2.84
  ],
  "gate_trust_rate": 0.9375,
  "gated_prediction_accuracy": 0.7691666666666667,
  "signal_accuracy": 0.82,
  "tom_belief_accuracy_in_gated": 0.6083333333333333,
  "dp_conflict_rate": 0.33,
  "dp_intervention_rate": 0.33,
  "cell": "het_dp_gated_atom_talk",
  "wall_time_s": 2703.6056740283966,
  "config": {
    "game": "public_goods",
    "n_agents": 4,
    "horizon": 5,
    "memory": 2,
    "models_homo": "Qwen/Qwen2.5-7B-Instruct",
    "temp_homo": 0.7,
    "tom_order": 1,
    "seed": 58,
    "cell_name": "het_dp_gated_atom_talk",
    "gate_trust_threshold": 0.6,
    "gate_ema_alpha": 0.3,
    "atom_warmup": 3,
    "homogeneous": false,
    "use_tom": true,
    "use_talk": true,
    "adaptive_tom": true,
    "gated_talk_tom": true,
    "diversity_preserving_gate": true
  },
  "team_mean_payoff": 2.5174999999999996
}