{
  "perspective_diversity": 0.016574003820266622,
  "cooperation_payoff": 2.653333333333333,
  "cooperation_payoff_ci": [
    2.3666666666666663,
    2.9468333333333323
  ],
  "equilibrium_convergence": 0.96,
  "tom_prediction_accuracy": 0.6366666666666667,
  "tom_prediction_accuracy_ci": [
    0.5833333333333334,
    0.69
  ],
  "n_episodes": 30,
  "action_dist_agent1": [
    0.5933333333333334,
    0.4066666666666667
  ],
  "per_episode_payoffs": [
    4.2,
    1.6,
    2.4,
    3.0,
    3.8,
    2.6,
    3.0,
    3.0,
    2.2,
    2.6,
    4.0,
    1.0,
    2.4,
    3.0,
    4.2,
    1.6,
    2.8,
    2.8,
    2.4,
    1.8,
    1.6,
    3.0,
    3.0,
    2.0,
    1.6,
    3.0,
    2.8,
    2.6,
    3.6,
    2.0
  ],
  "gate_trust_rate": 0.8166666666666667,
  "gated_prediction_accuracy": 0.7033333333333334,
  "signal_accuracy": 0.6466666666666666,
  "tom_belief_accuracy_in_gated": 0.6366666666666667,
  "dp_conflict_rate": 0.39666666666666667,
  "dp_intervention_rate": 0.39666666666666667,
  "cell": "hom_dp_gated_atom_talk",
  "wall_time_s": 824.513729095459,
  "config": {
    "game": "chicken",
    "n_agents": 2,
    "horizon": 5,
    "memory": 2,
    "models_homo": "THUDM/GLM-4-9B-0414",
    "temp_homo": 0.7,
    "tom_order": 1,
    "seed": 43,
    "cell_name": "hom_dp_gated_atom_talk",
    "gate_trust_threshold": 0.6,
    "gate_ema_alpha": 0.3,
    "atom_warmup": 3,
    "homogeneous": true,
    "use_tom": true,
    "use_talk": true,
    "adaptive_tom": true,
    "gated_talk_tom": true,
    "diversity_preserving_gate": true
  },
  "team_mean_payoff": 2.48
}