{
  "perspective_diversity": 0.14340733661744196,
  "cooperation_payoff": 2.610666666666667,
  "cooperation_payoff_ci": [
    2.5693333333333337,
    2.6546666666666665
  ],
  "equilibrium_convergence": 0.92,
  "tom_prediction_accuracy": 0.5933333333333334,
  "tom_prediction_accuracy_ci": [
    0.5366666666666666,
    0.65
  ],
  "n_episodes": 30,
  "action_dist_agent1": [
    0.6666666666666666,
    0.3333333333333333
  ],
  "per_episode_payoffs": [
    2.56,
    2.56,
    2.56,
    2.56,
    2.4800000000000004,
    2.6,
    2.4,
    2.6,
    2.6000000000000005,
    2.5200000000000005,
    2.6399999999999997,
    2.44,
    2.4800000000000004,
    2.52,
    2.6800000000000006,
    2.5200000000000005,
    2.6,
    2.5200000000000005,
    2.6800000000000006,
    2.7600000000000002,
    2.56,
    2.6000000000000005,
    2.6,
    2.8,
    2.7600000000000007,
    2.7600000000000002,
    2.7600000000000002,
    2.5200000000000005,
    2.8,
    2.88
  ],
  "gate_trust_rate": 0.94,
  "gated_prediction_accuracy": 0.78,
  "signal_accuracy": 0.84,
  "tom_belief_accuracy_in_gated": 0.5933333333333334,
  "dp_conflict_rate": 0.3333333333333333,
  "dp_intervention_rate": 0.3333333333333333,
  "cell": "het_3arm",
  "gsaca_detected_structure": "coord",
  "gsaca_oracle_structure": "coord",
  "gsaca_detection_correct": true,
  "gsaca_split_score": -0.18461538461538485,
  "gsaca_warmup_episodes": 5,
  "gsaca_n_observations": 25,
  "gsaca_3arm_selected": "NoToM",
  "gsaca_3arm_tau": 0.6,
  "wall_time_s": 837.8267192840576,
  "config": {
    "game": "public_goods",
    "n_agents": 4,
    "horizon": 5,
    "memory": 2,
    "models_homo": "Qwen/Qwen2.5-7B-Instruct",
    "temp_homo": 0.7,
    "tom_order": 1,
    "seed": 42,
    "cell_name": "het_3arm",
    "gate_trust_threshold": 0.6,
    "gate_ema_alpha": 0.3,
    "atom_warmup": 3,
    "homogeneous": false,
    "use_tom": true,
    "use_talk": true,
    "adaptive_tom": true,
    "gated_talk_tom": true,
    "diversity_preserving_gate": true
  },
  "team_mean_payoff": 2.479
}