{
  "perspective_diversity": 0.21670570981831255,
  "cooperation_payoff": 1.4599999999999997,
  "cooperation_payoff_ci": [
    1.1600000000000001,
    1.78
  ],
  "equilibrium_convergence": 0.9866666666666667,
  "tom_prediction_accuracy": 0.6566666666666666,
  "tom_prediction_accuracy_ci": [
    0.6033333333333334,
    0.71
  ],
  "n_episodes": 30,
  "action_dist_agent1": [
    0.8333333333333334,
    0.16666666666666666
  ],
  "per_episode_payoffs": [
    1.4,
    1.2,
    3.0,
    0.6,
    1.6,
    0.6,
    1.0,
    0.6,
    2.4,
    0.6,
    1.6,
    1.2,
    1.0,
    0.0,
    0.6,
    1.0,
    1.8,
    3.0,
    2.6,
    1.0,
    2.2,
    0.6,
    3.0,
    3.0,
    0.6,
    1.8,
    1.8,
    0.6,
    2.4,
    1.0
  ],
  "gate_trust_rate": 0.69,
  "gated_prediction_accuracy": 0.6533333333333333,
  "signal_accuracy": 0.6966666666666667,
  "tom_belief_accuracy_in_gated": 0.6566666666666666,
  "dp_conflict_rate": 0.4,
  "dp_intervention_rate": 0.4,
  "cell": "het_dp_gated_atom_talk",
  "wall_time_s": 533.2729098796844,
  "config": {
    "game": "battle_of_the_sexes",
    "n_agents": 2,
    "horizon": 5,
    "memory": 2,
    "models_homo": "Qwen/Qwen2.5-7B-Instruct",
    "temp_homo": 0.7,
    "tom_order": 1,
    "seed": 46,
    "cell_name": "het_dp_gated_atom_talk",
    "gate_trust_threshold": 0.9,
    "gate_ema_alpha": 0.3,
    "atom_warmup": 3,
    "homogeneous": false,
    "use_tom": true,
    "use_talk": true,
    "adaptive_tom": true,
    "gated_talk_tom": true,
    "diversity_preserving_gate": true
  },
  "team_mean_payoff": 1.2833333333333334
}