{
  "perspective_diversity": 0.3015375568490105,
  "cooperation_payoff": 2.9799999999999995,
  "cooperation_payoff_ci": [
    2.5933333333333333,
    3.386666666666666
  ],
  "equilibrium_convergence": 0.9466666666666668,
  "tom_prediction_accuracy": 0.6333333333333333,
  "tom_prediction_accuracy_ci": [
    0.5766666666666667,
    0.69
  ],
  "n_episodes": 30,
  "action_dist_agent1": [
    0.29333333333333333,
    0.7066666666666667
  ],
  "per_episode_payoffs": [
    4.6,
    1.6,
    2.8,
    1.8,
    1.8,
    4.6,
    1.0,
    2.6,
    2.2,
    3.6,
    2.8,
    3.6,
    3.6,
    3.2,
    2.0,
    2.2,
    3.2,
    3.6,
    4.6,
    2.2,
    2.6,
    2.2,
    5.0,
    3.6,
    3.0,
    2.6,
    1.2,
    4.6,
    2.4,
    4.6
  ],
  "gate_trust_rate": 0.8966666666666666,
  "gated_prediction_accuracy": 0.67,
  "signal_accuracy": 0.66,
  "tom_belief_accuracy_in_gated": 0.6333333333333333,
  "dp_conflict_rate": 0.26666666666666666,
  "dp_intervention_rate": 0.26666666666666666,
  "cell": "het_3arm",
  "gsaca_detected_structure": "anti_coord",
  "gsaca_oracle_structure": "anti_coord",
  "gsaca_detection_correct": true,
  "gsaca_split_score": 1.8461538461538463,
  "gsaca_warmup_episodes": 5,
  "gsaca_n_observations": 25,
  "gsaca_3arm_selected": "CGA",
  "gsaca_3arm_tau": 0.6,
  "wall_time_s": 435.5999972820282,
  "config": {
    "game": "chicken",
    "n_agents": 2,
    "horizon": 5,
    "memory": 2,
    "models_homo": "Qwen/Qwen2.5-7B-Instruct",
    "temp_homo": 0.7,
    "tom_order": 1,
    "seed": 43,
    "cell_name": "het_3arm",
    "gate_trust_threshold": 0.6,
    "gate_ema_alpha": 0.3,
    "atom_warmup": 3,
    "homogeneous": false,
    "use_tom": true,
    "use_talk": true,
    "adaptive_tom": true,
    "gated_talk_tom": true,
    "diversity_preserving_gate": true
  },
  "team_mean_payoff": 2.2199999999999998
}