{
  "perspective_diversity": 0.005027274187384051,
  "cooperation_payoff": 1.7473715773322853,
  "cooperation_payoff_ci": [
    1.2880980142598077,
    2.14963942487385
  ],
  "equilibrium_convergence": 0.8266666666666667,
  "tom_prediction_accuracy": 0.7133333333333334,
  "tom_prediction_accuracy_ci": [
    0.66,
    0.7633333333333333
  ],
  "n_episodes": 30,
  "action_dist_agent1": [
    0.7133333333333334,
    0.2866666666666667
  ],
  "per_episode_payoffs": [
    1.8414258569267279,
    1.9209943304180208,
    2.774267604222467,
    -1.9095919908928436,
    -0.19966993003871739,
    2.4377865633105733,
    3.43583692340862,
    1.0176350089551667,
    2.499865653557056,
    2.722388847884228,
    1.170003318120179,
    2.7073568618138637,
    2.006733385591528,
    3.7495602034231936,
    2.711592413417598,
    2.287201340067836,
    1.1088958723356765,
    2.3016364294607867,
    1.3382877339912425,
    2.6405510273532444,
    1.1487514819513276,
    2.897807245029292,
    1.7901807185186889,
    0.566140593733628,
    3.0736703467481226,
    2.441268280545432,
    -0.5126523714199671,
    0.7745657661391157,
    0.9362878741634612,
    0.7423699312330119
  ],
  "gate_trust_rate": 0.86,
  "gated_prediction_accuracy": 0.6,
  "signal_accuracy": 0.62,
  "tom_belief_accuracy_in_gated": 0.64,
  "dp_conflict_rate": 0.38,
  "dp_intervention_rate": 0.38,
  "cell": "het_gsaca",
  "gsaca_detected_structure": "coord",
  "gsaca_oracle_structure": "coord",
  "gsaca_detection_correct": true,
  "gsaca_split_score": -1.9407014093795818,
  "gsaca_warmup_episodes": 5,
  "gsaca_n_observations": 25,
  "wall_time_s": 504.44534707069397,
  "config": {
    "game": "battle_of_the_sexes",
    "n_agents": 2,
    "horizon": 5,
    "memory": 2,
    "models_homo": "Qwen/Qwen2.5-7B-Instruct",
    "temp_homo": 0.7,
    "tom_order": 1,
    "seed": 43,
    "cell_name": "het_gsaca",
    "gate_trust_threshold": 0.6,
    "gate_ema_alpha": 0.3,
    "atom_warmup": 3,
    "homogeneous": false,
    "use_tom": true,
    "use_talk": true,
    "adaptive_tom": true,
    "gated_talk_tom": true,
    "diversity_preserving_gate": true
  },
  "team_mean_payoff": 1.669405805652523
}