{
  "perspective_diversity": 0.013284927660352289,
  "cooperation_payoff": 1.6466666666666663,
  "cooperation_payoff_ci": [
    1.4731666666666667,
    1.8133333333333332
  ],
  "equilibrium_convergence": 0.96,
  "tom_prediction_accuracy": 0.5366666666666666,
  "tom_prediction_accuracy_ci": [
    0.48,
    0.5966666666666667
  ],
  "n_episodes": 30,
  "action_dist_agent1": [
    0.6466666666666666,
    0.35333333333333333
  ],
  "per_episode_payoffs": [
    1.2,
    1.0,
    1.6,
    1.6,
    1.0,
    1.8,
    1.8,
    1.8,
    2.2,
    1.4,
    3.0,
    2.2,
    2.0,
    1.2,
    1.6,
    1.4,
    1.0,
    1.2,
    1.4,
    2.4,
    2.0,
    2.2,
    2.2,
    1.4,
    1.2,
    1.4,
    1.2,
    1.8,
    1.4,
    1.8
  ],
  "gate_trust_rate": 0.79,
  "gated_prediction_accuracy": 0.5533333333333333,
  "signal_accuracy": 0.5966666666666667,
  "tom_belief_accuracy_in_gated": 0.5366666666666666,
  "dp_conflict_rate": 0.4266666666666667,
  "dp_intervention_rate": 0.4266666666666667,
  "cell": "hom_dp_gated_atom_talk",
  "wall_time_s": 608.258043050766,
  "config": {
    "game": "deadlock",
    "n_agents": 2,
    "horizon": 5,
    "memory": 2,
    "models_homo": "Qwen/Qwen2.5-7B-Instruct",
    "temp_homo": 0.7,
    "tom_order": 1,
    "seed": 44,
    "cell_name": "hom_dp_gated_atom_talk",
    "gate_trust_threshold": 0.6,
    "gate_ema_alpha": 0.3,
    "atom_warmup": 3,
    "homogeneous": true,
    "use_tom": true,
    "use_talk": true,
    "adaptive_tom": true,
    "gated_talk_tom": true,
    "diversity_preserving_gate": true
  },
  "team_mean_payoff": 1.8066666666666662
}