{
  "perspective_diversity": 0.23895213870558277,
  "cooperation_payoff": 1.5901762276664047,
  "cooperation_payoff_ci": [
    1.2858518471679896,
    1.9057209532338892
  ],
  "equilibrium_convergence": 0.9066666666666667,
  "tom_prediction_accuracy": 0.64,
  "tom_prediction_accuracy_ci": [
    0.5866666666666667,
    0.6933333333333334
  ],
  "n_episodes": 30,
  "action_dist_agent1": [
    0.38,
    0.62
  ],
  "per_episode_payoffs": [
    2.8103564642316816,
    2.230248582604505,
    1.443566901055617,
    1.572602002276789,
    1.5500825174903206,
    0.6594466408276433,
    -0.0910407691478452,
    2.704408752238792,
    1.074966413389264,
    0.4805972119710571,
    1.0425008295300446,
    0.4268392154534659,
    0.35168334639788185,
    1.3873900508557986,
    2.0278981033543997,
    2.821800335016959,
    2.6772239680839194,
    0.9254091073651967,
    2.2345719334978105,
    2.710137756838311,
    1.4871878704878319,
    2.124451811257323,
    2.7975451796296724,
    0.441535148433407,
    1.5684175866870307,
    0.8103170701363581,
    0.9218369071450082,
    2.443641441534779,
    1.3340719685408653,
    2.735592482808253
  ],
  "gate_trust_rate": 0.8666666666666667,
  "gated_prediction_accuracy": 0.6833333333333333,
  "signal_accuracy": 0.6966666666666667,
  "tom_belief_accuracy_in_gated": 0.64,
  "dp_conflict_rate": 0.43,
  "dp_intervention_rate": 0.43,
  "cell": "het_gsaca",
  "gsaca_detected_structure": "anti_coord",
  "gsaca_oracle_structure": "anti_coord",
  "gsaca_detection_correct": true,
  "gsaca_split_score": 0.7414871712435083,
  "gsaca_warmup_episodes": 5,
  "gsaca_n_observations": 25,
  "wall_time_s": 473.06020641326904,
  "config": {
    "game": "hawk_dove",
    "n_agents": 2,
    "horizon": 5,
    "memory": 2,
    "models_homo": "Qwen/Qwen2.5-7B-Instruct",
    "temp_homo": 0.7,
    "tom_order": 1,
    "seed": 44,
    "cell_name": "het_gsaca",
    "gate_trust_threshold": 0.6,
    "gate_ema_alpha": 0.3,
    "atom_warmup": 3,
    "homogeneous": false,
    "use_tom": true,
    "use_talk": true,
    "adaptive_tom": true,
    "gated_talk_tom": true,
    "diversity_preserving_gate": true
  },
  "team_mean_payoff": 1.118184784746464
}