{
  "perspective_diversity": 0.27038011506544096,
  "cooperation_payoff": 1.4733333333333336,
  "cooperation_payoff_ci": [
    1.2133333333333336,
    1.7333333333333336
  ],
  "equilibrium_convergence": 0.9733333333333333,
  "tom_prediction_accuracy": 0.58,
  "tom_prediction_accuracy_ci": [
    0.52,
    0.6366666666666667
  ],
  "n_episodes": 30,
  "action_dist_agent1": [
    0.7866666666666666,
    0.21333333333333335
  ],
  "per_episode_payoffs": [
    1.2,
    2.2,
    2.6,
    0.6,
    1.0,
    1.6,
    1.6,
    1.0,
    0.6,
    1.6,
    2.2,
    1.6,
    2.2,
    2.6,
    2.2,
    2.2,
    2.2,
    1.8,
    1.6,
    0.6,
    2.2,
    1.0,
    1.6,
    1.0,
    1.4,
    0.0,
    2.2,
    1.0,
    0.6,
    0.0
  ],
  "gate_trust_rate": 0.9166666666666666,
  "gated_prediction_accuracy": 0.7066666666666667,
  "signal_accuracy": 0.7566666666666667,
  "tom_belief_accuracy_in_gated": 0.58,
  "dp_conflict_rate": 0.38333333333333336,
  "dp_intervention_rate": 0.38333333333333336,
  "cell": "het_dp_gated_atom_talk",
  "wall_time_s": 487.85103130340576,
  "config": {
    "game": "battle_of_the_sexes",
    "n_agents": 2,
    "horizon": 5,
    "memory": 2,
    "models_homo": "Qwen/Qwen2.5-7B-Instruct",
    "temp_homo": 0.7,
    "tom_order": 1,
    "seed": 48,
    "cell_name": "het_dp_gated_atom_talk",
    "gate_trust_threshold": 0.6,
    "gate_ema_alpha": 0.3,
    "atom_warmup": 3,
    "homogeneous": false,
    "use_tom": true,
    "use_talk": true,
    "adaptive_tom": true,
    "gated_talk_tom": true,
    "diversity_preserving_gate": true
  },
  "team_mean_payoff": 1.3666666666666667
}