{
  "perspective_diversity": 0.0559744208681589,
  "cooperation_payoff": 1.3,
  "cooperation_payoff_ci": [
    1.0133333333333332,
    1.5933333333333335
  ],
  "equilibrium_convergence": 0.8266666666666667,
  "tom_prediction_accuracy": 0.5733333333333334,
  "tom_prediction_accuracy_ci": [
    0.5166666666666667,
    0.63
  ],
  "n_episodes": 30,
  "action_dist_agent1": [
    0.4066666666666667,
    0.5933333333333334
  ],
  "per_episode_payoffs": [
    1.6,
    -0.4,
    0.2,
    1.4,
    3.0,
    0.2,
    2.2,
    1.8,
    1.4,
    0.6,
    1.0,
    2.8,
    1.2,
    1.8,
    0.8,
    2.2,
    0.0,
    0.8,
    1.4,
    1.2,
    1.4,
    3.0,
    1.6,
    0.8,
    2.0,
    1.4,
    0.8,
    1.0,
    1.2,
    0.6
  ],
  "gate_trust_rate": 0.7433333333333333,
  "gated_prediction_accuracy": 0.5833333333333334,
  "signal_accuracy": 0.5,
  "tom_belief_accuracy_in_gated": 0.5733333333333334,
  "dp_conflict_rate": 0.38,
  "dp_intervention_rate": 0.38,
  "cell": "het_gated_atom_talk",
  "wall_time_s": 410.1452736854553,
  "config": {
    "game": "hawk_dove",
    "n_agents": 2,
    "horizon": 5,
    "memory": 2,
    "models_homo": "Qwen/Qwen2.5-7B-Instruct",
    "temp_homo": 0.7,
    "tom_order": 1,
    "seed": 44,
    "cell_name": "het_gated_atom_talk",
    "homogeneous": false,
    "use_tom": true,
    "use_talk": true,
    "adaptive_tom": true,
    "gated_talk_tom": true,
    "diversity_preserving_gate": false
  },
  "team_mean_payoff": 1.05
}