{
  "perspective_diversity": 0.4282667012839746,
  "cooperation_payoff": 3.293333333333332,
  "cooperation_payoff_ci": [
    2.9400000000000004,
    3.6599999999999984
  ],
  "equilibrium_convergence": 0.96,
  "tom_prediction_accuracy": 0.66,
  "tom_prediction_accuracy_ci": [
    0.6066666666666667,
    0.7133333333333334
  ],
  "n_episodes": 30,
  "action_dist_agent1": [
    0.2733333333333333,
    0.7266666666666667
  ],
  "per_episode_payoffs": [
    3.6,
    2.6,
    4.6,
    3.6,
    3.2,
    2.6,
    2.2,
    1.4,
    3.6,
    4.2,
    1.8,
    3.6,
    4.6,
    2.2,
    3.2,
    4.6,
    2.6,
    4.6,
    3.6,
    2.6,
    2.6,
    4.6,
    2.4,
    2.0,
    4.6,
    4.6,
    4.6,
    3.2,
    2.6,
    2.6
  ],
  "gate_trust_rate": 0.9233333333333333,
  "gated_prediction_accuracy": 0.6766666666666666,
  "signal_accuracy": 0.6933333333333334,
  "tom_belief_accuracy_in_gated": 0.66,
  "dp_conflict_rate": 0.2733333333333333,
  "dp_intervention_rate": 0.2733333333333333,
  "cell": "het_gsaca",
  "gsaca_detected_structure": "anti_coord",
  "gsaca_oracle_structure": "anti_coord",
  "gsaca_detection_correct": true,
  "gsaca_split_score": 1.3636363636363635,
  "gsaca_warmup_episodes": 5,
  "gsaca_n_observations": 25,
  "wall_time_s": 449.87395668029785,
  "config": {
    "game": "chicken",
    "n_agents": 2,
    "horizon": 5,
    "memory": 2,
    "models_homo": "Qwen/Qwen2.5-7B-Instruct",
    "temp_homo": 0.7,
    "tom_order": 1,
    "seed": 54,
    "cell_name": "het_gsaca",
    "gate_trust_threshold": 0.6,
    "gate_ema_alpha": 0.3,
    "atom_warmup": 3,
    "homogeneous": false,
    "use_tom": true,
    "use_talk": true,
    "adaptive_tom": true,
    "gated_talk_tom": true,
    "diversity_preserving_gate": true
  },
  "team_mean_payoff": 2.4
}