{
  "perspective_diversity": 0.031921385319056146,
  "cooperation_payoff": 2.570666666666666,
  "cooperation_payoff_ci": [
    2.5412999999999997,
    2.6026666666666656
  ],
  "equilibrium_convergence": 0.8933333333333333,
  "tom_prediction_accuracy": 0.8133333333333334,
  "tom_prediction_accuracy_ci": [
    0.7955555555555556,
    0.8322222222222222
  ],
  "n_episodes": 30,
  "action_dist_agent1": [
    0.9466666666666667,
    0.05333333333333334
  ],
  "per_episode_payoffs": [
    2.84,
    2.6,
    2.6,
    2.4800000000000004,
    2.72,
    2.6,
    2.52,
    2.6,
    2.6,
    2.52,
    2.6,
    2.52,
    2.6,
    2.44,
    2.6,
    2.6,
    2.6,
    2.6,
    2.4400000000000004,
    2.6,
    2.52,
    2.52,
    2.6,
    2.6,
    2.6,
    2.6,
    2.4400000000000004,
    2.6,
    2.6,
    2.3600000000000003
  ],
  "gate_trust_rate": 0.94,
  "gated_prediction_accuracy": 0.7833333333333333,
  "signal_accuracy": 0.81,
  "tom_belief_accuracy_in_gated": 0.63,
  "dp_conflict_rate": 0.31333333333333335,
  "dp_intervention_rate": 0.31333333333333335,
  "cell": "het_3arm",
  "gsaca_detected_structure": "coord",
  "gsaca_oracle_structure": "coord",
  "gsaca_detection_correct": true,
  "gsaca_split_score": -0.2125000000000008,
  "gsaca_warmup_episodes": 5,
  "gsaca_n_observations": 25,
  "gsaca_3arm_selected": "Gated",
  "gsaca_3arm_tau": 0.2,
  "wall_time_s": 3712.1483573913574,
  "config": {
    "game": "public_goods",
    "n_agents": 4,
    "horizon": 5,
    "memory": 2,
    "models_homo": "Qwen/Qwen2.5-7B-Instruct",
    "temp_homo": 0.7,
    "tom_order": 1,
    "seed": 44,
    "cell_name": "het_3arm",
    "gate_trust_threshold": 0.6,
    "gate_ema_alpha": 0.3,
    "atom_warmup": 3,
    "homogeneous": false,
    "use_tom": true,
    "use_talk": true,
    "adaptive_tom": true,
    "gated_talk_tom": true,
    "diversity_preserving_gate": true
  },
  "team_mean_payoff": 2.569
}