method,seed,last_train_return,best_train_return,train_auc,stability_gap,last_test_return,best_test_return,last_llm_fd_shaping_triggers,last_llm_fd_shaping_penalty_total,last_llm_fd_shaping_terminal_bonus_total,last_llm_fd_shaping_episode_steps_total,last_llm_fd_shaping_avg_penalty_per_trigger,last_llm_fd_shaping_avg_steps_per_trigger,last_llm_fd_records
env300fix_lbforaging_Foraging-15x15-3p-4f-v3_baseline,1,0.0595,0.0634,0.05168333333333333,0.0039000000000000007,0.0595,0.0634,0.0,0.0,0.0,0.0,0.0,0.0,
env300fix_lbforaging_Foraging-15x15-3p-4f-v3_baseline,9,0.0321,0.0528,0.029708333333333337,0.020700000000000003,0.0321,0.0321,0.0,0.0,0.0,0.0,0.0,0.0,
env300fix_lbforaging_Foraging-15x15-3p-4f-v3_fa_pbrs_l002,1,0.048,0.0634,0.05165,0.015399999999999997,0.048,0.0634,6010.0,0.0,0.0,306483.0,0.0,50.9955074875208,1200.0
env300fix_lbforaging_Foraging-15x15-3p-4f-v3_fa_pbrs_l002,9,0.0308,0.04,0.025870000000000004,0.0092,0.0308,0.0308,6010.0,0.0,0.0,306460.0,0.0,50.991680532445926,1104.2
env300fix_lbforaging_Foraging-15x15-3p-4f-v3_pbrs_random_features_l002,1,0.0612,0.0661,0.05811999999999999,0.0049000000000000085,0.0612,0.0661,6010.0,0.0,0.0,306491.0,0.0,50.996838602329454,
env300fix_lbforaging_Foraging-15x15-3p-4f-v3_pbrs_random_features_l002,9,0.0282,0.0506,0.02714166666666667,0.0224,0.0282,0.0308,6010.0,0.0,0.0,306510.0,0.0,51.0,
