{
  "perspective_diversity": 0.06399603982404839,
  "cooperation_payoff": 2.4926168137253955,
  "cooperation_payoff_ci": [
    2.3979750767678456,
    2.5792793155209757
  ],
  "equilibrium_convergence": 0.92,
  "tom_prediction_accuracy": 0.7666666666666667,
  "tom_prediction_accuracy_ci": [
    0.7425,
    0.7908333333333334
  ],
  "n_episodes": 20,
  "action_dist_agent1": [
    0.94,
    0.06
  ],
  "per_episode_payoffs": [
    2.6003449804401564,
    2.3247945383562465,
    2.070386855248441,
    2.636444355354748,
    2.693365699482018,
    2.4512737996558553,
    2.599702506994049,
    2.537154862552776,
    2.5735711741004126,
    2.566452682215418,
    2.386629431887299,
    2.371504575200074,
    2.3463140063062617,
    2.019011384898367,
    2.362787211531675,
    2.7456922945369695,
    2.4281337758960335,
    2.5778442129737256,
    2.8559518265353145,
    2.704976100342063
  ],
  "gate_trust_rate": 0.9,
  "gated_prediction_accuracy": 0.7833333333333333,
  "signal_accuracy": 0.85,
  "tom_belief_accuracy_in_gated": 0.6722222222222223,
  "dp_conflict_rate": 0.3,
  "dp_intervention_rate": 0.3,
  "cell": "het_gsaca",
  "gsaca_detected_structure": "coord",
  "gsaca_oracle_structure": "coord",
  "gsaca_detection_correct": true,
  "gsaca_split_score": -0.4492677730500909,
  "gsaca_warmup_episodes": 3,
  "gsaca_n_observations": 15,
  "wall_time_s": 2613.210650920868,
  "config": {
    "game": "public_goods",
    "n_agents": 4,
    "horizon": 5,
    "memory": 2,
    "models_homo": "Qwen/Qwen2.5-7B-Instruct",
    "temp_homo": 0.7,
    "tom_order": 1,
    "seed": 43,
    "cell_name": "het_gsaca",
    "gate_trust_threshold": 0.6,
    "gate_ema_alpha": 0.3,
    "atom_warmup": 3,
    "homogeneous": false,
    "use_tom": true,
    "use_talk": true,
    "adaptive_tom": true,
    "gated_talk_tom": true,
    "diversity_preserving_gate": true
  },
  "team_mean_payoff": 2.5569205302876385
}