{
  "perspective_diversity": 0.08481479402752727,
  "cooperation_payoff": 2.5820000000000003,
  "cooperation_payoff_ci": [
    2.5360000000000005,
    2.636
  ],
  "equilibrium_convergence": 0.8200000000000001,
  "tom_prediction_accuracy": NaN,
  "tom_prediction_accuracy_ci": [
    NaN,
    NaN
  ],
  "n_episodes": 20,
  "action_dist_agent1": [
    0.73,
    0.27
  ],
  "per_episode_payoffs": [
    2.6399999999999997,
    2.52,
    2.8,
    2.6800000000000006,
    2.64,
    2.48,
    2.6,
    2.6,
    2.6399999999999997,
    2.4800000000000004,
    2.56,
    2.6399999999999997,
    2.4,
    2.4000000000000004,
    2.56,
    2.56,
    2.6,
    2.84,
    2.4800000000000004,
    2.5200000000000005
  ],
  "gate_trust_rate": NaN,
  "gated_prediction_accuracy": NaN,
  "signal_accuracy": NaN,
  "tom_belief_accuracy_in_gated": NaN,
  "dp_conflict_rate": NaN,
  "dp_intervention_rate": NaN,
  "cell": "het_payoff_prompt",
  "wall_time_s": 67.70249319076538,
  "config": {
    "game": "public_goods",
    "n_agents": 4,
    "horizon": 5,
    "memory": 2,
    "models_homo": "Qwen/Qwen2.5-7B-Instruct",
    "temp_homo": 0.7,
    "tom_order": 1,
    "seed": 49,
    "cell_name": "het_payoff_prompt",
    "gate_trust_threshold": 0.6,
    "gate_ema_alpha": 0.3,
    "atom_warmup": 3,
    "homogeneous": false,
    "use_tom": false,
    "use_talk": false,
    "adaptive_tom": false,
    "payoff_in_prompt": true
  },
  "team_mean_payoff": 2.4920000000000004
}