{
  "perspective_diversity": 0.1915521291934397,
  "cooperation_payoff": 1.6266666666666671,
  "cooperation_payoff_ci": [
    1.366666666666667,
    1.8866666666666667
  ],
  "equilibrium_convergence": 0.96,
  "tom_prediction_accuracy": 0.5733333333333334,
  "tom_prediction_accuracy_ci": [
    0.52,
    0.63
  ],
  "n_episodes": 30,
  "action_dist_agent1": [
    0.7933333333333333,
    0.20666666666666667
  ],
  "per_episode_payoffs": [
    1.6,
    1.6,
    1.2,
    0.6,
    1.0,
    2.2,
    2.8,
    0.6,
    0.6,
    1.6,
    0.6,
    1.2,
    2.8,
    2.2,
    1.0,
    1.6,
    0.6,
    2.2,
    0.6,
    1.6,
    2.8,
    2.2,
    2.6,
    1.8,
    1.6,
    1.0,
    2.2,
    2.6,
    1.6,
    2.2
  ],
  "gate_trust_rate": 0.9166666666666666,
  "gated_prediction_accuracy": 0.6933333333333334,
  "signal_accuracy": 0.73,
  "tom_belief_accuracy_in_gated": 0.5733333333333334,
  "dp_conflict_rate": 0.33,
  "dp_intervention_rate": 0.33,
  "cell": "het_dp_gated_atom_talk",
  "wall_time_s": 423.70090436935425,
  "config": {
    "game": "battle_of_the_sexes",
    "n_agents": 2,
    "horizon": 5,
    "memory": 2,
    "models_homo": "Qwen/Qwen2.5-7B-Instruct",
    "temp_homo": 0.7,
    "tom_order": 1,
    "seed": 57,
    "cell_name": "het_dp_gated_atom_talk",
    "gate_trust_threshold": 0.6,
    "gate_ema_alpha": 0.3,
    "atom_warmup": 3,
    "homogeneous": false,
    "use_tom": true,
    "use_talk": true,
    "adaptive_tom": true,
    "gated_talk_tom": true,
    "diversity_preserving_gate": true
  },
  "team_mean_payoff": 1.4833333333333334
}