{
  "perspective_diversity": 0.07689307780914478,
  "cooperation_payoff": 1.1607049106656184,
  "cooperation_payoff_ci": [
    0.6579557995942972,
    1.6121229726042936
  ],
  "equilibrium_convergence": 0.92,
  "tom_prediction_accuracy": 0.6266666666666667,
  "tom_prediction_accuracy_ci": [
    0.57,
    0.68
  ],
  "n_episodes": 30,
  "action_dist_agent1": [
    0.44,
    0.56
  ],
  "per_episode_payoffs": [
    2.841425856926728,
    3.7209943304180206,
    1.5742676042224675,
    -2.3095919908928435,
    -1.1996699300387175,
    2.837786563310573,
    1.8358369234086194,
    0.21763500895516658,
    1.6998656535570558,
    0.522388847884228,
    0.5700033181201792,
    1.7073568618138637,
    0.806733385591528,
    1.549560203423194,
    2.911592413417598,
    1.8872013400678362,
    -0.29110412766432336,
    1.9016364294607868,
    -0.06171226600875741,
    1.4405510273532447,
    -0.6512485180486726,
    3.297807245029292,
    1.7901807185186889,
    1.366140593733628,
    2.0736703467481226,
    1.0412682805454323,
    0.8873476285800329,
    0.9745657661391156,
    -0.463712125836539,
    0.3423699312330118
  ],
  "gate_trust_rate": 0.81,
  "gated_prediction_accuracy": 0.67,
  "signal_accuracy": 0.6266666666666667,
  "tom_belief_accuracy_in_gated": 0.6266666666666667,
  "dp_conflict_rate": 0.43333333333333335,
  "dp_intervention_rate": 0.43333333333333335,
  "cell": "het_gsaca",
  "gsaca_detected_structure": "anti_coord",
  "gsaca_oracle_structure": "anti_coord",
  "gsaca_detection_correct": true,
  "gsaca_split_score": 2.1462836012218602,
  "gsaca_warmup_episodes": 5,
  "gsaca_n_observations": 25,
  "wall_time_s": 511.0191309452057,
  "config": {
    "game": "hawk_dove",
    "n_agents": 2,
    "horizon": 5,
    "memory": 2,
    "models_homo": "Qwen/Qwen2.5-7B-Instruct",
    "temp_homo": 0.7,
    "tom_order": 1,
    "seed": 42,
    "cell_name": "het_gsaca",
    "gate_trust_threshold": 0.6,
    "gate_ema_alpha": 0.3,
    "atom_warmup": 3,
    "homogeneous": false,
    "use_tom": true,
    "use_talk": true,
    "adaptive_tom": true,
    "gated_talk_tom": true,
    "diversity_preserving_gate": true
  },
  "team_mean_payoff": 0.9827391389858565
}