{
  "perspective_diversity": 0.17536747057779406,
  "cooperation_payoff": 2.373333333333334,
  "cooperation_payoff_ci": [
    2.193333333333334,
    2.5533333333333337
  ],
  "equilibrium_convergence": 0.9733333333333333,
  "tom_prediction_accuracy": 0.6333333333333333,
  "tom_prediction_accuracy_ci": [
    0.5766666666666667,
    0.6866666666666666
  ],
  "n_episodes": 30,
  "action_dist_agent1": [
    0.49333333333333335,
    0.5066666666666667
  ],
  "per_episode_payoffs": [
    1.8,
    3.2,
    3.2,
    2.6,
    2.2,
    2.8,
    2.0,
    3.2,
    2.4,
    1.6,
    2.0,
    3.2,
    2.2,
    2.8,
    2.2,
    3.2,
    2.0,
    2.2,
    2.0,
    2.0,
    2.6,
    2.0,
    2.2,
    2.2,
    2.4,
    3.2,
    2.0,
    2.0,
    1.4,
    2.4
  ],
  "gate_trust_rate": 0.9166666666666666,
  "gated_prediction_accuracy": 0.7,
  "signal_accuracy": 0.69,
  "tom_belief_accuracy_in_gated": 0.6333333333333333,
  "dp_conflict_rate": 0.27,
  "dp_intervention_rate": 0.27,
  "cell": "het_dp_gated_atom_talk",
  "wall_time_s": 547.749284029007,
  "config": {
    "game": "deadlock",
    "n_agents": 2,
    "horizon": 5,
    "memory": 2,
    "models_homo": "Qwen/Qwen2.5-7B-Instruct",
    "temp_homo": 0.7,
    "tom_order": 1,
    "seed": 46,
    "cell_name": "het_dp_gated_atom_talk",
    "homogeneous": false,
    "use_tom": true,
    "use_talk": true,
    "adaptive_tom": true,
    "gated_talk_tom": true,
    "diversity_preserving_gate": true
  },
  "team_mean_payoff": 1.8266666666666667
}