{
  "perspective_diversity": 0.022859477502914352,
  "cooperation_payoff": 2.213333333333333,
  "cooperation_payoff_ci": [
    1.9533333333333336,
    2.460166666666666
  ],
  "equilibrium_convergence": 0.8533333333333334,
  "tom_prediction_accuracy": 0.49666666666666665,
  "tom_prediction_accuracy_ci": [
    0.44333333333333336,
    0.5533333333333333
  ],
  "n_episodes": 30,
  "action_dist_agent1": [
    0.4066666666666667,
    0.5933333333333334
  ],
  "per_episode_payoffs": [
    2.8,
    1.8,
    2.0,
    3.2,
    2.0,
    3.0,
    3.0,
    1.6,
    1.4,
    3.0,
    2.4,
    3.2,
    3.0,
    2.6,
    3.0,
    2.6,
    3.2,
    1.4,
    2.0,
    1.4,
    1.4,
    2.0,
    1.2,
    3.0,
    1.0,
    2.6,
    1.4,
    1.2,
    1.4,
    2.6
  ],
  "gate_trust_rate": 0.6866666666666666,
  "gated_prediction_accuracy": 0.5266666666666666,
  "signal_accuracy": 0.5133333333333333,
  "tom_belief_accuracy_in_gated": 0.49666666666666665,
  "dp_conflict_rate": 0.44333333333333336,
  "dp_intervention_rate": 0.44333333333333336,
  "cell": "hom_gated_atom_talk",
  "wall_time_s": 687.6802639961243,
  "config": {
    "game": "chicken",
    "n_agents": 2,
    "horizon": 5,
    "memory": 2,
    "models_homo": "Qwen/Qwen2.5-7B-Instruct",
    "temp_homo": 0.7,
    "tom_order": 1,
    "seed": 43,
    "cell_name": "hom_gated_atom_talk",
    "gate_trust_threshold": 0.6,
    "gate_ema_alpha": 0.3,
    "atom_warmup": 3,
    "homogeneous": true,
    "use_tom": true,
    "use_talk": true,
    "adaptive_tom": true,
    "gated_talk_tom": true,
    "diversity_preserving_gate": false
  },
  "team_mean_payoff": 1.9999999999999998
}