{
  "perspective_diversity": 0.07940315236982289,
  "cooperation_payoff": 2.6,
  "cooperation_payoff_ci": [
    2.554666666666667,
    2.6399999999999997
  ],
  "equilibrium_convergence": 0.9466666666666668,
  "tom_prediction_accuracy": 0.6133333333333333,
  "tom_prediction_accuracy_ci": [
    0.5566666666666666,
    0.6666666666666666
  ],
  "n_episodes": 30,
  "action_dist_agent1": [
    0.7066666666666667,
    0.29333333333333333
  ],
  "per_episode_payoffs": [
    2.72,
    2.6,
    2.4799999999999995,
    2.6399999999999997,
    2.68,
    2.3200000000000003,
    2.8,
    2.3200000000000003,
    2.4400000000000004,
    2.6799999999999997,
    2.7199999999999998,
    2.6000000000000005,
    2.5200000000000005,
    2.72,
    2.5200000000000005,
    2.6800000000000006,
    2.52,
    2.7199999999999998,
    2.7199999999999998,
    2.6,
    2.6399999999999997,
    2.6,
    2.52,
    2.52,
    2.6399999999999997,
    2.6399999999999997,
    2.6799999999999997,
    2.44,
    2.72,
    2.6
  ],
  "gate_trust_rate": 0.9366666666666666,
  "gated_prediction_accuracy": 0.79,
  "signal_accuracy": 0.84,
  "tom_belief_accuracy_in_gated": 0.6133333333333333,
  "dp_conflict_rate": 0.3466666666666667,
  "dp_intervention_rate": 0.3466666666666667,
  "cell": "het_3arm",
  "gsaca_detected_structure": "coord",
  "gsaca_oracle_structure": "coord",
  "gsaca_detection_correct": true,
  "gsaca_split_score": -0.1846153846153853,
  "gsaca_warmup_episodes": 5,
  "gsaca_n_observations": 25,
  "gsaca_3arm_selected": "NoToM",
  "gsaca_3arm_tau": 0.2,
  "wall_time_s": 746.4679024219513,
  "config": {
    "game": "public_goods",
    "n_agents": 4,
    "horizon": 5,
    "memory": 2,
    "models_homo": "Qwen/Qwen2.5-7B-Instruct",
    "temp_homo": 0.7,
    "tom_order": 1,
    "seed": 42,
    "cell_name": "het_3arm",
    "gate_trust_threshold": 0.6,
    "gate_ema_alpha": 0.3,
    "atom_warmup": 3,
    "homogeneous": false,
    "use_tom": true,
    "use_talk": true,
    "adaptive_tom": true,
    "gated_talk_tom": true,
    "diversity_preserving_gate": true
  },
  "team_mean_payoff": 2.4899999999999998
}