{
  "perspective_diversity": 0.0001028919804579682,
  "cooperation_payoff": 2.1333333333333333,
  "cooperation_payoff_ci": [
    1.8666666666666667,
    2.380166666666666
  ],
  "equilibrium_convergence": 0.9466666666666667,
  "tom_prediction_accuracy": 0.7033333333333334,
  "tom_prediction_accuracy_ci": [
    0.65,
    0.7533333333333333
  ],
  "n_episodes": 30,
  "action_dist_agent1": [
    0.68,
    0.32
  ],
  "per_episode_payoffs": [
    2.8,
    1.0,
    2.8,
    2.2,
    2.8,
    1.2,
    2.8,
    1.4,
    2.8,
    1.0,
    2.2,
    2.2,
    2.6,
    2.4,
    2.4,
    2.8,
    2.8,
    2.4,
    1.8,
    0.8,
    0.4,
    2.8,
    2.2,
    2.2,
    2.8,
    1.2,
    3.0,
    1.6,
    2.8,
    1.8
  ],
  "gate_trust_rate": 0.9566666666666667,
  "gated_prediction_accuracy": 0.85,
  "signal_accuracy": 0.84,
  "tom_belief_accuracy_in_gated": 0.7033333333333334,
  "dp_conflict_rate": 0.2966666666666667,
  "dp_intervention_rate": 0.2966666666666667,
  "cell": "het_gated_atom_talk",
  "wall_time_s": 481.7279222011566,
  "config": {
    "game": "battle_of_the_sexes",
    "n_agents": 2,
    "horizon": 5,
    "memory": 2,
    "models_homo": "Qwen/Qwen2.5-7B-Instruct",
    "temp_homo": 0.7,
    "tom_order": 1,
    "seed": 57,
    "cell_name": "het_gated_atom_talk",
    "gate_trust_threshold": 0.6,
    "gate_ema_alpha": 0.3,
    "atom_warmup": 3,
    "homogeneous": false,
    "use_tom": true,
    "use_talk": true,
    "adaptive_tom": true,
    "gated_talk_tom": true,
    "diversity_preserving_gate": false
  },
  "team_mean_payoff": 1.95
}