{
  "perspective_diversity": 0.17648536093625783,
  "cooperation_payoff": 2.386666666666667,
  "cooperation_payoff_ci": [
    2.18,
    2.6
  ],
  "equilibrium_convergence": 0.96,
  "tom_prediction_accuracy": 0.6133333333333333,
  "tom_prediction_accuracy_ci": [
    0.5566666666666666,
    0.6700833333333329
  ],
  "n_episodes": 30,
  "action_dist_agent1": [
    0.5266666666666666,
    0.47333333333333333
  ],
  "per_episode_payoffs": [
    2.2,
    2.6,
    2.4,
    1.8,
    1.8,
    1.6,
    2.6,
    2.4,
    2.6,
    0.8,
    1.6,
    2.4,
    3.2,
    2.0,
    2.6,
    2.6,
    1.4,
    3.2,
    2.2,
    2.8,
    2.2,
    3.2,
    2.8,
    2.8,
    2.2,
    3.2,
    2.0,
    3.2,
    3.0,
    2.2
  ],
  "gate_trust_rate": 0.9266666666666666,
  "gated_prediction_accuracy": 0.69,
  "signal_accuracy": 0.6766666666666666,
  "tom_belief_accuracy_in_gated": 0.6133333333333333,
  "dp_conflict_rate": 0.30333333333333334,
  "dp_intervention_rate": 0.30333333333333334,
  "cell": "het_gsaca",
  "gsaca_detected_structure": "anti_coord",
  "gsaca_oracle_structure": "anti_coord",
  "gsaca_detection_correct": true,
  "gsaca_split_score": 0.23529411764705888,
  "gsaca_warmup_episodes": 5,
  "gsaca_n_observations": 25,
  "wall_time_s": 549.2762491703033,
  "config": {
    "game": "deadlock",
    "n_agents": 2,
    "horizon": 5,
    "memory": 2,
    "models_homo": "Qwen/Qwen2.5-7B-Instruct",
    "temp_homo": 0.7,
    "tom_order": 1,
    "seed": 44,
    "cell_name": "het_gsaca",
    "gate_trust_threshold": 0.6,
    "gate_ema_alpha": 0.3,
    "atom_warmup": 3,
    "homogeneous": false,
    "use_tom": true,
    "use_talk": true,
    "adaptive_tom": true,
    "gated_talk_tom": true,
    "diversity_preserving_gate": true
  },
  "team_mean_payoff": 1.8533333333333328
}