{
  "perspective_diversity": 0.15365168075656566,
  "cooperation_payoff": 2.2733333333333334,
  "cooperation_payoff_ci": [1.9465000000000001, 2.586666666666667],
  "equilibrium_convergence": 1.0,
  "tom_prediction_accuracy": NaN,
  "tom_prediction_accuracy_ci": [NaN, NaN],
  "n_episodes": 30,
  "action_dist_agent1": [0.9333333333333333, 0.06666666666666667],
  "per_episode_payoffs": [1.0,2.4,3.0,3.0,2.4,3.0,3.0,1.0,3.0,3.0,3.0,1.0,1.0,3.0,1.0,3.0,1.0,2.4,1.0,3.0,3.0,3.0,3.0,3.0,1.0,1.0,3.0,1.0,3.0,3.0],
  "cell": "hom_notom",
  "wall_time_s": 26.29924488067627,
  "config": {"game":"stag_hunt","n_agents":null,"horizon":5,"memory":2,"models_homo":"Qwen/Qwen2.5-3B-Instruct","temp_homo":0.7,"tom_order":1,"seed":1,"homogeneous":true,"use_tom":false,"cell_name":"hom_notom"}
}