{
  "perspective_diversity": 0.13627065976350014,
  "cooperation_payoff": 2.2368428943330714,
  "cooperation_payoff_ci": [
    1.972008856977875,
    2.5056184936917134
  ],
  "equilibrium_convergence": 0.8,
  "tom_prediction_accuracy": 0.64,
  "tom_prediction_accuracy_ci": [
    0.5833333333333334,
    0.6933333333333334
  ],
  "n_episodes": 30,
  "action_dist_agent1": [
    0.43333333333333335,
    0.5666666666666667
  ],
  "per_episode_payoffs": [
    1.8103564642316818,
    2.630248582604505,
    0.843566901055617,
    2.372602002276789,
    0.9500825174903206,
    2.859446640827643,
    1.908959230852155,
    2.104408752238792,
    2.674966413389264,
    3.2805972119710574,
    1.0425008295300449,
    0.8268392154534661,
    1.351683346397882,
    1.7873900508557987,
    2.8278981033543995,
    2.0218003350169593,
    2.877223968083919,
    1.9254091073651967,
    3.4345719334978106,
    3.3101377568383112,
    3.2871878704878315,
    2.3244518112573234,
    2.9975451796296726,
    1.841535148433407,
    2.3684175866870305,
    1.6103170701363585,
    2.3218369071450082,
    2.643641441534779,
    1.9340719685408652,
    2.9355924828082527
  ],
  "gate_trust_rate": 0.9066666666666666,
  "gated_prediction_accuracy": 0.6966666666666667,
  "signal_accuracy": 0.6833333333333333,
  "tom_belief_accuracy_in_gated": 0.64,
  "dp_conflict_rate": 0.2833333333333333,
  "dp_intervention_rate": 0.2833333333333333,
  "cell": "het_gsaca",
  "gsaca_detected_structure": "anti_coord",
  "gsaca_oracle_structure": "anti_coord",
  "gsaca_detection_correct": true,
  "gsaca_split_score": 0.3842845964425847,
  "gsaca_warmup_episodes": 5,
  "gsaca_n_observations": 25,
  "wall_time_s": 570.2541027069092,
  "config": {
    "game": "deadlock",
    "n_agents": 2,
    "horizon": 5,
    "memory": 2,
    "models_homo": "Qwen/Qwen2.5-7B-Instruct",
    "temp_homo": 0.7,
    "tom_order": 1,
    "seed": 43,
    "cell_name": "het_gsaca",
    "gate_trust_threshold": 0.6,
    "gate_ema_alpha": 0.3,
    "atom_warmup": 3,
    "homogeneous": false,
    "use_tom": true,
    "use_talk": true,
    "adaptive_tom": true,
    "gated_talk_tom": true,
    "diversity_preserving_gate": true
  },
  "team_mean_payoff": 1.758184784746464
}