{
  "perspective_diversity": 0.09331697620269241,
  "cooperation_payoff": 2.592,
  "cooperation_payoff_ci": [
    2.5400000000000005,
    2.6480000000000006
  ],
  "equilibrium_convergence": 0.9199999999999999,
  "tom_prediction_accuracy": 0.7275,
  "tom_prediction_accuracy_ci": [
    0.7024791666666668,
    0.7525
  ],
  "n_episodes": 20,
  "action_dist_agent1": [
    0.86,
    0.14
  ],
  "per_episode_payoffs": [
    2.6,
    2.6,
    2.4800000000000004,
    2.52,
    2.88,
    2.3600000000000003,
    2.52,
    2.6399999999999997,
    2.6,
    2.6,
    2.64,
    2.6399999999999997,
    2.6399999999999997,
    2.88,
    2.4799999999999995,
    2.6,
    2.6,
    2.4,
    2.6,
    2.56
  ],
  "gate_trust_rate": 0.9675,
  "gated_prediction_accuracy": 0.8383333333333334,
  "signal_accuracy": 0.8525,
  "tom_belief_accuracy_in_gated": 0.7275,
  "dp_conflict_rate": 0.25166666666666665,
  "dp_intervention_rate": 0.25166666666666665,
  "cell": "het_gated_atom_talk",
  "wall_time_s": 2860.0770375728607,
  "config": {
    "game": "public_goods",
    "n_agents": 4,
    "horizon": 5,
    "memory": 2,
    "models_homo": "Qwen/Qwen2.5-7B-Instruct",
    "temp_homo": 0.7,
    "tom_order": 1,
    "seed": 45,
    "cell_name": "het_gated_atom_talk",
    "homogeneous": false,
    "use_tom": true,
    "use_talk": true,
    "adaptive_tom": true,
    "gated_talk_tom": true,
    "diversity_preserving_gate": false
  },
  "team_mean_payoff": 2.5445
}