{
  "perspective_diversity": 0.10400279087685088,
  "cooperation_payoff": 2.493333333333333,
  "cooperation_payoff_ci": [
    2.12,
    2.886666666666666
  ],
  "equilibrium_convergence": 0.9333333333333333,
  "tom_prediction_accuracy": 0.6133333333333333,
  "tom_prediction_accuracy_ci": [
    0.5566666666666666,
    0.6666666666666666
  ],
  "n_episodes": 30,
  "action_dist_agent1": [
    0.34,
    0.66
  ],
  "per_episode_payoffs": [
    2.2,
    1.8,
    2.6,
    4.6,
    1.8,
    1.6,
    1.0,
    4.6,
    2.6,
    3.6,
    3.6,
    1.6,
    1.6,
    1.4,
    2.8,
    2.2,
    3.6,
    3.6,
    2.8,
    0.8,
    4.6,
    1.2,
    2.0,
    2.8,
    2.4,
    2.6,
    0.2,
    2.8,
    2.6,
    3.2
  ],
  "gate_trust_rate": 0.84,
  "gated_prediction_accuracy": 0.5833333333333334,
  "signal_accuracy": 0.6033333333333334,
  "tom_belief_accuracy_in_gated": 0.6133333333333333,
  "dp_conflict_rate": 0.30333333333333334,
  "dp_intervention_rate": 0.30333333333333334,
  "cell": "het_gsaca",
  "gsaca_detected_structure": "anti_coord",
  "gsaca_oracle_structure": "anti_coord",
  "gsaca_detection_correct": true,
  "gsaca_split_score": 1.7142857142857142,
  "gsaca_warmup_episodes": 5,
  "gsaca_n_observations": 25,
  "wall_time_s": 438.35307717323303,
  "config": {
    "game": "chicken",
    "n_agents": 2,
    "horizon": 5,
    "memory": 2,
    "models_homo": "Qwen/Qwen2.5-7B-Instruct",
    "temp_homo": 0.7,
    "tom_order": 1,
    "seed": 43,
    "cell_name": "het_gsaca",
    "gate_trust_threshold": 0.6,
    "gate_ema_alpha": 0.3,
    "atom_warmup": 3,
    "homogeneous": false,
    "use_tom": true,
    "use_talk": true,
    "adaptive_tom": true,
    "gated_talk_tom": true,
    "diversity_preserving_gate": true
  },
  "team_mean_payoff": 2.0399999999999996
}