{
  "perspective_diversity": 0.010938745756306378,
  "cooperation_payoff": 1.8866666666666663,
  "cooperation_payoff_ci": [
    1.7066666666666663,
    2.08
  ],
  "equilibrium_convergence": 0.9333333333333333,
  "tom_prediction_accuracy": 0.69,
  "tom_prediction_accuracy_ci": [
    0.6366666666666667,
    0.7400833333333329
  ],
  "n_episodes": 30,
  "action_dist_agent1": [
    0.5133333333333333,
    0.4866666666666667
  ],
  "per_episode_payoffs": [
    1.8,
    1.8,
    2.0,
    1.6,
    1.0,
    1.4,
    1.4,
    1.8,
    2.4,
    1.8,
    2.0,
    3.2,
    2.0,
    2.6,
    1.8,
    2.4,
    1.8,
    2.0,
    3.2,
    1.8,
    1.6,
    1.8,
    1.6,
    2.0,
    0.8,
    2.0,
    1.8,
    1.4,
    2.0,
    1.8
  ],
  "gate_trust_rate": 0.9166666666666666,
  "gated_prediction_accuracy": 0.7066666666666667,
  "signal_accuracy": 0.67,
  "tom_belief_accuracy_in_gated": 0.69,
  "dp_conflict_rate": 0.2866666666666667,
  "dp_intervention_rate": 0.2866666666666667,
  "cell": "het_gated_atom_talk",
  "wall_time_s": 563.6766443252563,
  "config": {
    "game": "deadlock",
    "n_agents": 2,
    "horizon": 5,
    "memory": 2,
    "models_homo": "Qwen/Qwen2.5-7B-Instruct",
    "temp_homo": 0.7,
    "tom_order": 1,
    "seed": 42,
    "cell_name": "het_gated_atom_talk",
    "gate_trust_threshold": 0.6,
    "gate_ema_alpha": 0.3,
    "atom_warmup": 3,
    "homogeneous": false,
    "use_tom": true,
    "use_talk": true,
    "adaptive_tom": true,
    "gated_talk_tom": true,
    "diversity_preserving_gate": false
  },
  "team_mean_payoff": 1.7399999999999998
}