{
  "perspective_diversity": 0.11615308902757096,
  "cooperation_payoff": 1.7466666666666661,
  "cooperation_payoff_ci": [
    1.4465000000000001,
    2.046999999999998
  ],
  "equilibrium_convergence": 0.9466666666666667,
  "tom_prediction_accuracy": 0.6333333333333333,
  "tom_prediction_accuracy_ci": [
    0.58,
    0.6866666666666666
  ],
  "n_episodes": 30,
  "action_dist_agent1": [
    0.5066666666666667,
    0.49333333333333335
  ],
  "per_episode_payoffs": [
    0.8,
    2.8,
    1.0,
    1.2,
    1.8,
    2.4,
    1.4,
    0.0,
    0.6,
    1.8,
    2.4,
    2.0,
    2.8,
    0.8,
    2.4,
    0.6,
    1.6,
    2.4,
    2.8,
    2.6,
    2.6,
    1.4,
    1.8,
    0.6,
    2.8,
    2.4,
    2.4,
    1.4,
    2.4,
    0.4
  ],
  "gate_trust_rate": 0.8,
  "gated_prediction_accuracy": 0.5966666666666667,
  "signal_accuracy": 0.5566666666666666,
  "tom_belief_accuracy_in_gated": 0.6333333333333333,
  "dp_conflict_rate": 0.3566666666666667,
  "dp_intervention_rate": 0.3566666666666667,
  "cell": "het_3arm",
  "gsaca_detected_structure": "anti_coord",
  "gsaca_oracle_structure": "anti_coord",
  "gsaca_detection_correct": true,
  "gsaca_split_score": 0.3999999999999999,
  "gsaca_warmup_episodes": 5,
  "gsaca_n_observations": 25,
  "gsaca_3arm_selected": "CGA",
  "gsaca_3arm_tau": 0.2,
  "wall_time_s": 409.23649644851685,
  "config": {
    "game": "hawk_dove",
    "n_agents": 2,
    "horizon": 5,
    "memory": 2,
    "models_homo": "Qwen/Qwen2.5-7B-Instruct",
    "temp_homo": 0.7,
    "tom_order": 1,
    "seed": 44,
    "cell_name": "het_3arm",
    "gate_trust_threshold": 0.6,
    "gate_ema_alpha": 0.3,
    "atom_warmup": 3,
    "homogeneous": false,
    "use_tom": true,
    "use_talk": true,
    "adaptive_tom": true,
    "gated_talk_tom": true,
    "diversity_preserving_gate": true
  },
  "team_mean_payoff": 1.4066666666666667
}