{
  "perspective_diversity": 0.10310011492444866,
  "cooperation_payoff": 2.6299999999999994,
  "cooperation_payoff_ci": [
    2.5759999999999996,
    2.6819999999999995
  ],
  "equilibrium_convergence": 0.94,
  "tom_prediction_accuracy": 0.6483333333333333,
  "tom_prediction_accuracy_ci": [
    0.6208333333333333,
    0.675
  ],
  "n_episodes": 20,
  "action_dist_agent1": [
    0.75,
    0.25
  ],
  "per_episode_payoffs": [
    2.4,
    2.5199999999999996,
    2.5599999999999996,
    2.72,
    2.72,
    2.6399999999999997,
    2.7600000000000002,
    2.6799999999999997,
    2.3600000000000003,
    2.72,
    2.5599999999999996,
    2.6399999999999997,
    2.7199999999999998,
    2.4,
    2.64,
    2.6,
    2.76,
    2.7199999999999998,
    2.7199999999999998,
    2.76
  ],
  "gate_trust_rate": 0.9391666666666667,
  "gated_prediction_accuracy": 0.8141666666666667,
  "signal_accuracy": 0.855,
  "tom_belief_accuracy_in_gated": 0.6483333333333333,
  "dp_conflict_rate": 0.29,
  "dp_intervention_rate": 0.29,
  "cell": "het_dp_gated_atom_talk",
  "wall_time_s": 2786.1576437950134,
  "config": {
    "game": "public_goods",
    "n_agents": 4,
    "horizon": 5,
    "memory": 2,
    "models_homo": "Qwen/Qwen2.5-7B-Instruct",
    "temp_homo": 0.7,
    "tom_order": 1,
    "seed": 60,
    "cell_name": "het_dp_gated_atom_talk",
    "gate_trust_threshold": 0.6,
    "gate_ema_alpha": 0.3,
    "atom_warmup": 3,
    "homogeneous": false,
    "use_tom": true,
    "use_talk": true,
    "adaptive_tom": true,
    "gated_talk_tom": true,
    "diversity_preserving_gate": true
  },
  "team_mean_payoff": 2.5174999999999996
}