{
  "perspective_diversity": 0.17335407795017238,
  "cooperation_payoff": 2.3533333333333335,
  "cooperation_payoff_ci": [
    2.126666666666667,
    2.566666666666666
  ],
  "equilibrium_convergence": 0.96,
  "tom_prediction_accuracy": 0.6233333333333333,
  "tom_prediction_accuracy_ci": [
    0.5666666666666667,
    0.68
  ],
  "n_episodes": 30,
  "action_dist_agent1": [
    0.4866666666666667,
    0.5133333333333333
  ],
  "per_episode_payoffs": [
    1.8,
    1.0,
    3.2,
    2.8,
    2.0,
    2.0,
    3.2,
    2.6,
    2.8,
    2.0,
    2.6,
    2.6,
    2.4,
    2.6,
    2.8,
    2.8,
    2.8,
    2.0,
    0.6,
    2.6,
    1.6,
    2.2,
    2.6,
    1.6,
    2.2,
    2.2,
    3.2,
    3.0,
    2.0,
    2.8
  ],
  "gate_trust_rate": 0.92,
  "gated_prediction_accuracy": 0.7,
  "signal_accuracy": 0.6933333333333334,
  "tom_belief_accuracy_in_gated": 0.6233333333333333,
  "dp_conflict_rate": 0.30333333333333334,
  "dp_intervention_rate": 0.30333333333333334,
  "cell": "het_dp_gated_atom_talk",
  "wall_time_s": 492.330055475235,
  "config": {
    "game": "deadlock",
    "n_agents": 2,
    "horizon": 5,
    "memory": 2,
    "models_homo": "Qwen/Qwen2.5-7B-Instruct",
    "temp_homo": 0.7,
    "tom_order": 1,
    "seed": 45,
    "cell_name": "het_dp_gated_atom_talk",
    "homogeneous": false,
    "use_tom": true,
    "use_talk": true,
    "adaptive_tom": true,
    "gated_talk_tom": true,
    "diversity_preserving_gate": true
  },
  "team_mean_payoff": 1.8066666666666664
}