{
  "perspective_diversity": 0.3564118538137947,
  "cooperation_payoff": 2.563509560999738,
  "cooperation_payoff_ci": [
    2.344448974033692,
    2.7851955570964235
  ],
  "equilibrium_convergence": 0.96,
  "tom_prediction_accuracy": 0.61,
  "tom_prediction_accuracy_ci": [
    0.5566666666666666,
    0.6666666666666666
  ],
  "n_episodes": 30,
  "action_dist_agent1": [
    0.43333333333333335,
    0.5666666666666667
  ],
  "per_episode_payoffs": [
    3.4103564642316813,
    2.030248582604505,
    2.443566901055617,
    1.9726020022767892,
    1.7500825174903205,
    2.6594466408276434,
    2.308959230852155,
    2.104408752238792,
    2.274966413389264,
    2.6805972119710573,
    2.842500829530045,
    1.8268392154534658,
    2.951683346397882,
    3.387390050855798,
    1.0278981033543997,
    2.6218003350169594,
    3.477223968083919,
    2.325409107365197,
    3.0345719334978107,
    2.3101377568383112,
    2.4871878704878316,
    2.524451811257323,
    1.7975451796296724,
    3.2415351484334067,
    3.3684175866870305,
    3.6103170701363583,
    2.7218369071450086,
    1.643641441534779,
    2.934071968540865,
    3.135592482808253
  ],
  "gate_trust_rate": 0.9166666666666666,
  "gated_prediction_accuracy": 0.6866666666666666,
  "signal_accuracy": 0.7033333333333334,
  "tom_belief_accuracy_in_gated": 0.61,
  "dp_conflict_rate": 0.24,
  "dp_intervention_rate": 0.24,
  "cell": "het_gsaca",
  "gsaca_detected_structure": "anti_coord",
  "gsaca_oracle_structure": "anti_coord",
  "gsaca_detection_correct": true,
  "gsaca_split_score": 0.908337533771036,
  "gsaca_warmup_episodes": 5,
  "gsaca_n_observations": 25,
  "wall_time_s": 554.2684135437012,
  "config": {
    "game": "deadlock",
    "n_agents": 2,
    "horizon": 5,
    "memory": 2,
    "models_homo": "Qwen/Qwen2.5-7B-Instruct",
    "temp_homo": 0.7,
    "tom_order": 1,
    "seed": 46,
    "cell_name": "het_gsaca",
    "gate_trust_threshold": 0.6,
    "gate_ema_alpha": 0.3,
    "atom_warmup": 3,
    "homogeneous": false,
    "use_tom": true,
    "use_talk": true,
    "adaptive_tom": true,
    "gated_talk_tom": true,
    "diversity_preserving_gate": true
  },
  "team_mean_payoff": 1.8315181180797973
}