{
  "perspective_diversity": 0.11072616542265837,
  "cooperation_payoff": 2.3666666666666667,
  "cooperation_payoff_ci": [
    2.18,
    2.5466666666666664
  ],
  "equilibrium_convergence": 0.96,
  "tom_prediction_accuracy": 0.44666666666666666,
  "tom_prediction_accuracy_ci": [
    0.3933333333333333,
    0.5033333333333333
  ],
  "n_episodes": 30,
  "action_dist_agent1": [
    0.31333333333333335,
    0.6866666666666666
  ],
  "per_episode_payoffs": [
    2.6,
    3.2,
    2.6,
    2.2,
    3.2,
    2.4,
    2.6,
    1.8,
    2.0,
    2.6,
    1.6,
    1.6,
    2.6,
    2.6,
    3.2,
    2.6,
    2.6,
    2.4,
    2.2,
    2.6,
    3.2,
    1.8,
    1.6,
    1.6,
    2.8,
    1.6,
    2.6,
    1.8,
    2.6,
    2.2
  ],
  "gate_trust_rate": 0.7333333333333333,
  "gated_prediction_accuracy": 0.5333333333333333,
  "signal_accuracy": 0.5533333333333333,
  "tom_belief_accuracy_in_gated": 0.44666666666666666,
  "dp_conflict_rate": 0.4266666666666667,
  "dp_intervention_rate": 0.4266666666666667,
  "cell": "hom_dp_gated_atom_talk",
  "wall_time_s": 329.5844614505768,
  "config": {
    "game": "chicken",
    "n_agents": 2,
    "horizon": 5,
    "memory": 2,
    "models_homo": "Qwen/Qwen2.5-7B-Instruct",
    "temp_homo": 0.7,
    "tom_order": 1,
    "seed": 42,
    "cell_name": "hom_dp_gated_atom_talk",
    "gate_trust_threshold": 0.6,
    "gate_ema_alpha": 0.3,
    "atom_warmup": 3,
    "homogeneous": true,
    "use_tom": true,
    "use_talk": true,
    "adaptive_tom": true,
    "gated_talk_tom": true,
    "diversity_preserving_gate": true
  },
  "team_mean_payoff": 1.8999999999999995
}