{
  "perspective_diversity": 0.058504907236866105,
  "cooperation_payoff": 2.4606168137253954,
  "cooperation_payoff_ci": [
    2.346955921057764,
    2.561668129853104
  ],
  "equilibrium_convergence": 0.96,
  "tom_prediction_accuracy": 0.6041666666666666,
  "tom_prediction_accuracy_ci": [
    0.5775,
    0.6308541666666666
  ],
  "n_episodes": 20,
  "action_dist_agent1": [
    0.72,
    0.28
  ],
  "per_episode_payoffs": [
    2.5203449804401568,
    2.0847945383562467,
    2.030386855248441,
    2.236444355354748,
    2.5733656994820184,
    2.4512737996558553,
    2.479702506994049,
    2.537154862552776,
    2.7735711741004123,
    2.4864526822154183,
    2.6666294318872987,
    2.331504575200074,
    2.4263140063062623,
    1.8590113848983667,
    2.7627872115316747,
    2.8256922945369696,
    2.4281337758960335,
    2.4178442129737263,
    2.7359518265353144,
    2.584976100342063
  ],
  "gate_trust_rate": 0.895,
  "gated_prediction_accuracy": 0.6683333333333333,
  "signal_accuracy": 0.725,
  "tom_belief_accuracy_in_gated": 0.6041666666666666,
  "dp_conflict_rate": 0.3425,
  "dp_intervention_rate": 0.3425,
  "cell": "het_gsaca",
  "gsaca_detected_structure": "anti_coord",
  "gsaca_oracle_structure": "coord",
  "gsaca_detection_correct": false,
  "gsaca_split_score": 0.06837755696272785,
  "gsaca_warmup_episodes": 3,
  "gsaca_n_observations": 15,
  "wall_time_s": 2755.951313018799,
  "config": {
    "game": "public_goods",
    "n_agents": 4,
    "horizon": 5,
    "memory": 2,
    "models_homo": "Qwen/Qwen2.5-7B-Instruct",
    "temp_homo": 0.7,
    "tom_order": 1,
    "seed": 44,
    "cell_name": "het_gsaca",
    "gate_trust_threshold": 0.6,
    "gate_ema_alpha": 0.3,
    "atom_warmup": 3,
    "homogeneous": false,
    "use_tom": true,
    "use_talk": true,
    "adaptive_tom": true,
    "gated_talk_tom": true,
    "diversity_preserving_gate": true
  },
  "team_mean_payoff": 2.462420530287638
}