{
  "perspective_diversity": 0.3453371045896587,
  "cooperation_payoff": 2.916842894333072,
  "cooperation_payoff_ci": [
    2.445652613132663,
    3.3738704084416082
  ],
  "equilibrium_convergence": 0.96,
  "tom_prediction_accuracy": 0.6966666666666667,
  "tom_prediction_accuracy_ci": [
    0.6433333333333333,
    0.7466666666666667
  ],
  "n_episodes": 30,
  "action_dist_agent1": [
    0.26,
    0.74
  ],
  "per_episode_payoffs": [
    1.8103564642316816,
    3.030248582604505,
    1.8435669010556168,
    0.7726020022767891,
    1.1500825174903206,
    3.6594466408276434,
    4.708959230852155,
    0.9044087522387916,
    2.874966413389264,
    2.6805972119710573,
    1.442500829530045,
    4.626839215453466,
    2.3516833463978815,
    4.787390050855798,
    3.6278981033543998,
    3.621800335016959,
    2.6772239680839194,
    4.725409107365197,
    4.434571933497811,
    4.710137756838311,
    1.6871878704878316,
    0.724451811257323,
    2.5975451796296722,
    4.241535148433408,
    4.768417586687031,
    2.6103170701363583,
    2.3218369071450082,
    2.243641441534779,
    3.334071968540865,
    2.535592482808253
  ],
  "gate_trust_rate": 0.9333333333333333,
  "gated_prediction_accuracy": 0.7,
  "signal_accuracy": 0.7066666666666667,
  "tom_belief_accuracy_in_gated": 0.6966666666666667,
  "dp_conflict_rate": 0.25,
  "dp_intervention_rate": 0.25,
  "cell": "het_gsaca",
  "gsaca_detected_structure": "anti_coord",
  "gsaca_oracle_structure": "anti_coord",
  "gsaca_detection_correct": true,
  "gsaca_split_score": 2.2128945289170465,
  "gsaca_warmup_episodes": 5,
  "gsaca_n_observations": 25,
  "wall_time_s": 487.48200488090515,
  "config": {
    "game": "chicken",
    "n_agents": 2,
    "horizon": 5,
    "memory": 2,
    "models_homo": "Qwen/Qwen2.5-7B-Instruct",
    "temp_homo": 0.7,
    "tom_order": 1,
    "seed": 44,
    "cell_name": "het_gsaca",
    "gate_trust_threshold": 0.6,
    "gate_ema_alpha": 0.3,
    "atom_warmup": 3,
    "homogeneous": false,
    "use_tom": true,
    "use_talk": true,
    "adaptive_tom": true,
    "gated_talk_tom": true,
    "diversity_preserving_gate": true
  },
  "team_mean_payoff": 2.1315181180797973
}