{
  "perspective_diversity": 0.09808716924368238,
  "cooperation_payoff": 1.5999999999999999,
  "cooperation_payoff_ci": [
    1.3265,
    1.8866666666666665
  ],
  "equilibrium_convergence": 0.8933333333333333,
  "tom_prediction_accuracy": 0.57,
  "tom_prediction_accuracy_ci": [
    0.5166666666666667,
    0.6233333333333333
  ],
  "n_episodes": 30,
  "action_dist_agent1": [
    0.48,
    0.52
  ],
  "per_episode_payoffs": [
    0.8,
    2.0,
    2.2,
    0.8,
    2.8,
    2.0,
    1.2,
    0.4,
    1.6,
    2.4,
    1.8,
    2.0,
    2.8,
    1.6,
    2.6,
    1.2,
    0.8,
    0.8,
    1.2,
    1.6,
    2.8,
    1.8,
    0.2,
    2.2,
    0.8,
    1.6,
    1.8,
    0.6,
    2.8,
    0.8
  ],
  "gate_trust_rate": 0.81,
  "gated_prediction_accuracy": 0.5766666666666667,
  "signal_accuracy": 0.5933333333333334,
  "tom_belief_accuracy_in_gated": 0.57,
  "dp_conflict_rate": 0.37666666666666665,
  "dp_intervention_rate": 0.37666666666666665,
  "cell": "het_dp_gated_atom_talk",
  "wall_time_s": 471.0986919403076,
  "config": {
    "game": "hawk_dove",
    "n_agents": 2,
    "horizon": 5,
    "memory": 2,
    "models_homo": "Qwen/Qwen2.5-7B-Instruct",
    "temp_homo": 0.7,
    "tom_order": 1,
    "seed": 45,
    "cell_name": "het_dp_gated_atom_talk",
    "homogeneous": false,
    "use_tom": true,
    "use_talk": true,
    "adaptive_tom": true,
    "gated_talk_tom": true,
    "diversity_preserving_gate": true
  },
  "team_mean_payoff": 1.2800000000000002
}