{
  "perspective_diversity": 0.010747110763110433,
  "cooperation_payoff": 2.8701762276664042,
  "cooperation_payoff_ci": [
    2.719778410007313,
    2.985860171695938
  ],
  "equilibrium_convergence": 0.9333333333333333,
  "tom_prediction_accuracy": 0.9433333333333334,
  "tom_prediction_accuracy_ci": [
    0.9166666666666666,
    0.97
  ],
  "n_episodes": 30,
  "action_dist_agent1": [
    0.9666666666666667,
    0.03333333333333333
  ],
  "per_episode_payoffs": [
    3.210356464231682,
    3.230248582604505,
    2.443566901055617,
    1.9726020022767892,
    1.5500825174903206,
    3.0594466408276433,
    3.1089592308521548,
    2.904408752238792,
    3.074966413389264,
    3.080597211971057,
    2.842500829530045,
    3.026839215453466,
    2.751683346397882,
    3.1873900508557984,
    3.0278981033543997,
    3.0218003350169593,
    2.877223968083919,
    3.1254091073651966,
    2.8345719334978106,
    3.110137756838311,
    2.687187870487832,
    3.124451811257323,
    2.9975451796296726,
    2.641535148433407,
    3.1684175866870308,
    3.010317070136358,
    2.7218369071450086,
    2.643641441534779,
    2.734071968540865,
    2.9355924828082527
  ],
  "gate_trust_rate": 0.94,
  "gated_prediction_accuracy": 0.8,
  "signal_accuracy": 0.86,
  "tom_belief_accuracy_in_gated": 0.74,
  "dp_conflict_rate": 0.16,
  "dp_intervention_rate": 0.16,
  "cell": "het_gsaca",
  "gsaca_detected_structure": "coord",
  "gsaca_oracle_structure": "coord",
  "gsaca_detection_correct": true,
  "gsaca_split_score": -2.0833329295721836,
  "gsaca_warmup_episodes": 5,
  "gsaca_n_observations": 25,
  "wall_time_s": 525.7650246620178,
  "config": {
    "game": "stag_hunt",
    "n_agents": 2,
    "horizon": 5,
    "memory": 2,
    "models_homo": "Qwen/Qwen2.5-7B-Instruct",
    "temp_homo": 0.7,
    "tom_order": 1,
    "seed": 45,
    "cell_name": "het_gsaca",
    "gate_trust_threshold": 0.6,
    "gate_ema_alpha": 0.3,
    "atom_warmup": 3,
    "homogeneous": false,
    "use_tom": true,
    "use_talk": true,
    "adaptive_tom": true,
    "gated_talk_tom": true,
    "diversity_preserving_gate": true
  },
  "team_mean_payoff": 2.8781847847464643
}