{
  "perspective_diversity": 0.12167381897783752,
  "cooperation_payoff": 2.6460000000000004,
  "cooperation_payoff_ci": [
    2.58795,
    2.71
  ],
  "equilibrium_convergence": 0.86,
  "tom_prediction_accuracy": 0.6541666666666667,
  "tom_prediction_accuracy_ci": [
    0.6275,
    0.6816666666666666
  ],
  "n_episodes": 20,
  "action_dist_agent1": [
    0.73,
    0.27
  ],
  "per_episode_payoffs": [
    2.68,
    2.4400000000000004,
    2.6399999999999997,
    2.6800000000000006,
    2.6399999999999997,
    2.5599999999999996,
    2.6799999999999997,
    3.0,
    2.52,
    2.8400000000000003,
    2.56,
    2.5200000000000005,
    2.6,
    2.6,
    2.6,
    3.0,
    2.52,
    2.6,
    2.6399999999999997,
    2.6
  ],
  "gate_trust_rate": 0.9316666666666666,
  "gated_prediction_accuracy": 0.8008333333333333,
  "signal_accuracy": 0.8425,
  "tom_belief_accuracy_in_gated": 0.6541666666666667,
  "dp_conflict_rate": 0.32666666666666666,
  "dp_intervention_rate": 0.32666666666666666,
  "cell": "het_gated_atom_talk",
  "wall_time_s": 2581.777399301529,
  "config": {
    "game": "public_goods",
    "n_agents": 4,
    "horizon": 5,
    "memory": 2,
    "models_homo": "Qwen/Qwen2.5-7B-Instruct",
    "temp_homo": 0.7,
    "tom_order": 1,
    "seed": 46,
    "cell_name": "het_gated_atom_talk",
    "homogeneous": false,
    "use_tom": true,
    "use_talk": true,
    "adaptive_tom": true,
    "gated_talk_tom": true,
    "diversity_preserving_gate": false
  },
  "team_mean_payoff": 2.516
}