{
  "perspective_diversity": 0.043251418134939074,
  "cooperation_payoff": 0.9866666666666666,
  "cooperation_payoff_ci": [
    0.8666666666666666,
    1.1266666666666663
  ],
  "equilibrium_convergence": 0.9466666666666668,
  "tom_prediction_accuracy": 0.48333333333333334,
  "tom_prediction_accuracy_ci": [
    0.4266666666666667,
    0.5400833333333329
  ],
  "n_episodes": 30,
  "action_dist_agent1": [
    0.41333333333333333,
    0.5866666666666667
  ],
  "per_episode_payoffs": [
    1.0,
    1.4,
    0.8,
    1.4,
    0.4,
    1.0,
    1.0,
    1.4,
    0.8,
    1.4,
    0.6,
    1.0,
    1.0,
    1.0,
    1.4,
    1.2,
    0.4,
    1.0,
    1.0,
    1.4,
    0.4,
    0.6,
    0.8,
    1.0,
    1.0,
    1.0,
    1.2,
    2.0,
    0.6,
    0.4
  ],
  "gate_trust_rate": 0.5066666666666667,
  "gated_prediction_accuracy": 0.4266666666666667,
  "signal_accuracy": 0.4533333333333333,
  "tom_belief_accuracy_in_gated": 0.48333333333333334,
  "dp_conflict_rate": 0.6233333333333333,
  "dp_intervention_rate": 0.6233333333333333,
  "cell": "hom_dp_gated_atom_talk",
  "wall_time_s": 616.4215252399445,
  "config": {
    "game": "hawk_dove",
    "n_agents": 2,
    "horizon": 5,
    "memory": 2,
    "models_homo": "Qwen/Qwen2.5-7B-Instruct",
    "temp_homo": 0.7,
    "tom_order": 1,
    "seed": 44,
    "cell_name": "hom_dp_gated_atom_talk",
    "gate_trust_threshold": 0.6,
    "gate_ema_alpha": 0.3,
    "atom_warmup": 3,
    "homogeneous": true,
    "use_tom": true,
    "use_talk": true,
    "adaptive_tom": true,
    "gated_talk_tom": true,
    "diversity_preserving_gate": true
  },
  "team_mean_payoff": 0.7666666666666667
}