{
  "perspective_diversity": 0.04785696693635063,
  "cooperation_payoff": 2.5580000000000003,
  "cooperation_payoff_ci": [
    2.5200000000000005,
    2.5940000000000003
  ],
  "equilibrium_convergence": 0.98,
  "tom_prediction_accuracy": 0.8341666666666666,
  "tom_prediction_accuracy_ci": [
    0.8141666666666667,
    0.855
  ],
  "n_episodes": 20,
  "action_dist_agent1": [
    0.99,
    0.01
  ],
  "per_episode_payoffs": [
    2.6,
    2.6,
    2.7199999999999998,
    2.52,
    2.6,
    2.6,
    2.6,
    2.6,
    2.52,
    2.6,
    2.44,
    2.6,
    2.52,
    2.6,
    2.5200000000000005,
    2.6,
    2.6,
    2.3600000000000003,
    2.6,
    2.3600000000000003
  ],
  "gate_trust_rate": 1.0,
  "gated_prediction_accuracy": 0.9666666666666667,
  "signal_accuracy": 0.9666666666666667,
  "tom_belief_accuracy_in_gated": 0.7777777777777778,
  "dp_conflict_rate": 0.2222222222222222,
  "dp_intervention_rate": 0.2222222222222222,
  "cell": "het_gsaca",
  "gsaca_detected_structure": "coord",
  "gsaca_oracle_structure": "coord",
  "gsaca_detection_correct": true,
  "gsaca_split_score": -0.15000000000000036,
  "gsaca_warmup_episodes": 3,
  "gsaca_n_observations": 15,
  "wall_time_s": 2828.1725232601166,
  "config": {
    "game": "public_goods",
    "n_agents": 4,
    "horizon": 5,
    "memory": 2,
    "models_homo": "Qwen/Qwen2.5-7B-Instruct",
    "temp_homo": 0.7,
    "tom_order": 1,
    "seed": 42,
    "cell_name": "het_gsaca",
    "gate_trust_threshold": 0.6,
    "gate_ema_alpha": 0.3,
    "atom_warmup": 3,
    "homogeneous": false,
    "use_tom": true,
    "use_talk": true,
    "adaptive_tom": true,
    "gated_talk_tom": true,
    "diversity_preserving_gate": true
  },
  "team_mean_payoff": 2.5805
}