{
  "perspective_diversity": 0.5789747535055085,
  "cooperation_payoff": 0.8800000000000001,
  "cooperation_payoff_ci": [
    0.7531666666666669,
    1.0066666666666666
  ],
  "equilibrium_convergence": 0.96,
  "tom_prediction_accuracy": 0.5533333333333333,
  "tom_prediction_accuracy_ci": [
    0.49666666666666665,
    0.61
  ],
  "n_episodes": 30,
  "action_dist_agent1": [
    0.9,
    0.1
  ],
  "per_episode_payoffs": [
    1.2,
    0.6,
    1.4,
    0.4,
    0.0,
    0.4,
    1.0,
    0.8,
    1.4,
    1.0,
    0.8,
    1.0,
    1.2,
    1.0,
    1.2,
    0.8,
    1.6,
    1.0,
    0.4,
    1.0,
    0.8,
    0.4,
    0.8,
    0.8,
    0.8,
    1.4,
    1.0,
    0.6,
    0.8,
    0.8
  ],
  "gate_trust_rate": 0.6066666666666667,
  "gated_prediction_accuracy": 0.4766666666666667,
  "signal_accuracy": 0.45,
  "tom_belief_accuracy_in_gated": 0.5533333333333333,
  "dp_conflict_rate": 0.5033333333333333,
  "dp_intervention_rate": 0.5033333333333333,
  "cell": "hom_gated_atom_talk",
  "wall_time_s": 722.7747993469238,
  "config": {
    "game": "deadlock",
    "n_agents": 2,
    "horizon": 5,
    "memory": 2,
    "models_homo": "Qwen/Qwen2.5-7B-Instruct",
    "temp_homo": 0.7,
    "tom_order": 1,
    "seed": 42,
    "cell_name": "hom_gated_atom_talk",
    "gate_trust_threshold": 0.6,
    "gate_ema_alpha": 0.3,
    "atom_warmup": 3,
    "homogeneous": true,
    "use_tom": true,
    "use_talk": true,
    "adaptive_tom": true,
    "gated_talk_tom": true,
    "diversity_preserving_gate": false
  },
  "team_mean_payoff": 1.9066666666666663
}