{
  "perspective_diversity": 0.0871289699037296,
  "cooperation_payoff": 2.648,
  "cooperation_payoff_ci": [
    2.6000000000000005,
    2.6919999999999997
  ],
  "equilibrium_convergence": 0.8400000000000001,
  "tom_prediction_accuracy": 0.6466666666666666,
  "tom_prediction_accuracy_ci": [
    0.6183333333333333,
    0.675
  ],
  "n_episodes": 20,
  "action_dist_agent1": [
    0.74,
    0.26
  ],
  "per_episode_payoffs": [
    2.52,
    2.6,
    2.7199999999999998,
    2.68,
    2.8000000000000003,
    2.6799999999999997,
    2.68,
    2.68,
    2.4,
    2.7600000000000002,
    2.52,
    2.8000000000000003,
    2.6,
    2.72,
    2.6,
    2.6,
    2.6,
    2.76,
    2.6399999999999997,
    2.6
  ],
  "gate_trust_rate": 0.9475,
  "gated_prediction_accuracy": 0.82,
  "signal_accuracy": 0.8475,
  "tom_belief_accuracy_in_gated": 0.6466666666666666,
  "dp_conflict_rate": 0.3125,
  "dp_intervention_rate": 0.3125,
  "cell": "het_gated_atom_talk",
  "wall_time_s": 2734.08571767807,
  "config": {
    "game": "public_goods",
    "n_agents": 4,
    "horizon": 5,
    "memory": 2,
    "models_homo": "Qwen/Qwen2.5-7B-Instruct",
    "temp_homo": 0.7,
    "tom_order": 1,
    "seed": 42,
    "cell_name": "het_gated_atom_talk",
    "homogeneous": false,
    "use_tom": true,
    "use_talk": true,
    "adaptive_tom": true,
    "gated_talk_tom": true,
    "diversity_preserving_gate": false
  },
  "team_mean_payoff": 2.5204999999999997
}