{
  "perspective_diversity": 0.15270740343375583,
  "cooperation_payoff": -0.10666666666666667,
  "cooperation_payoff_ci": [
    -0.26666666666666666,
    0.04000000000000001
  ],
  "equilibrium_convergence": 0.9333333333333333,
  "tom_prediction_accuracy": 0.53,
  "tom_prediction_accuracy_ci": [
    0.47333333333333333,
    0.5867499999999995
  ],
  "n_episodes": 30,
  "action_dist_agent1": [
    0.2866666666666667,
    0.7133333333333334
  ],
  "per_episode_payoffs": [
    -0.6,
    -0.2,
    0.2,
    0.2,
    -0.2,
    0.6,
    -0.6,
    0.2,
    -0.6,
    0.2,
    -0.6,
    -0.2,
    -0.2,
    0.2,
    -0.6,
    -0.2,
    -0.2,
    -0.2,
    -0.2,
    -0.6,
    -0.6,
    0.6,
    0.6,
    0.2,
    0.6,
    -0.2,
    0.6,
    -0.6,
    -0.6,
    -0.2
  ],
  "gate_trust_rate": 0.6466666666666666,
  "gated_prediction_accuracy": 0.5366666666666666,
  "signal_accuracy": 0.45,
  "tom_belief_accuracy_in_gated": 0.53,
  "dp_conflict_rate": 0.5,
  "dp_intervention_rate": 0.5,
  "cell": "het_gated_atom_talk",
  "wall_time_s": 447.1896035671234,
  "config": {
    "game": "matching_pennies",
    "n_agents": 2,
    "horizon": 5,
    "memory": 2,
    "models_homo": "Qwen/Qwen2.5-7B-Instruct",
    "temp_homo": 0.7,
    "tom_order": 1,
    "seed": 43,
    "cell_name": "het_gated_atom_talk",
    "gate_trust_threshold": 0.6,
    "gate_ema_alpha": 0.3,
    "atom_warmup": 3,
    "homogeneous": false,
    "use_tom": true,
    "use_talk": true,
    "adaptive_tom": true,
    "gated_talk_tom": true,
    "diversity_preserving_gate": false
  },
  "team_mean_payoff": 0.0
}