{
  "perspective_diversity": 0.0992647340699977,
  "cooperation_payoff": 1.7666666666666664,
  "cooperation_payoff_ci": [
    1.5133333333333339,
    2.013333333333333
  ],
  "equilibrium_convergence": 0.8666666666666667,
  "tom_prediction_accuracy": 0.6266666666666667,
  "tom_prediction_accuracy_ci": [
    0.57,
    0.68
  ],
  "n_episodes": 30,
  "action_dist_agent1": [
    0.7733333333333333,
    0.22666666666666666
  ],
  "per_episode_payoffs": [
    2.8,
    1.2,
    2.2,
    1.6,
    2.2,
    1.2,
    0.6,
    2.2,
    2.2,
    0.6,
    2.2,
    2.2,
    2.2,
    0.6,
    2.8,
    1.4,
    2.4,
    2.8,
    1.6,
    1.6,
    1.6,
    1.2,
    1.6,
    1.8,
    2.8,
    1.6,
    2.8,
    1.0,
    1.4,
    0.6
  ],
  "gate_trust_rate": 0.9366666666666666,
  "gated_prediction_accuracy": 0.74,
  "signal_accuracy": 0.7633333333333333,
  "tom_belief_accuracy_in_gated": 0.6266666666666667,
  "dp_conflict_rate": 0.3233333333333333,
  "dp_intervention_rate": 0.3233333333333333,
  "cell": "het_dp_gated_atom_talk",
  "wall_time_s": 514.1676368713379,
  "config": {
    "game": "battle_of_the_sexes",
    "n_agents": 2,
    "horizon": 5,
    "memory": 2,
    "models_homo": "Qwen/Qwen2.5-7B-Instruct",
    "temp_homo": 0.7,
    "tom_order": 1,
    "seed": 45,
    "cell_name": "het_dp_gated_atom_talk",
    "gate_trust_threshold": 0.6,
    "gate_ema_alpha": 0.3,
    "atom_warmup": 3,
    "homogeneous": false,
    "use_tom": true,
    "use_talk": true,
    "adaptive_tom": true,
    "gated_talk_tom": true,
    "diversity_preserving_gate": true
  },
  "team_mean_payoff": 1.6
}