{
  "perspective_diversity": 0.33288057989229036,
  "cooperation_payoff": 3.0399999999999996,
  "cooperation_payoff_ci": [
    2.6131666666666664,
    3.446666666666666
  ],
  "equilibrium_convergence": 0.9733333333333333,
  "tom_prediction_accuracy": 0.6666666666666666,
  "tom_prediction_accuracy_ci": [
    0.6133333333333333,
    0.7166666666666667
  ],
  "n_episodes": 30,
  "action_dist_agent1": [
    0.25333333333333335,
    0.7466666666666667
  ],
  "per_episode_payoffs": [
    4.6,
    2.6,
    3.6,
    4.2,
    1.8,
    4.6,
    2.2,
    0.8,
    2.6,
    1.4,
    2.6,
    3.6,
    4.6,
    4.2,
    4.6,
    2.2,
    2.4,
    3.6,
    2.6,
    2.6,
    4.2,
    3.2,
    1.6,
    1.8,
    2.6,
    2.2,
    1.4,
    4.6,
    4.6,
    3.6
  ],
  "gate_trust_rate": 0.88,
  "gated_prediction_accuracy": 0.6866666666666666,
  "signal_accuracy": 0.66,
  "tom_belief_accuracy_in_gated": 0.6666666666666666,
  "dp_conflict_rate": 0.2733333333333333,
  "dp_intervention_rate": 0.2733333333333333,
  "cell": "het_combo_anti",
  "wall_time_s": 529.8034307956696,
  "config": {
    "game": "chicken",
    "n_agents": 2,
    "horizon": 5,
    "memory": 2,
    "models_homo": "Qwen/Qwen2.5-7B-Instruct",
    "temp_homo": 0.7,
    "tom_order": 1,
    "seed": 45,
    "cell_name": "het_combo_anti",
    "gate_trust_threshold": 0.6,
    "gate_ema_alpha": 0.3,
    "atom_warmup": 3,
    "homogeneous": false,
    "use_tom": true,
    "use_talk": true,
    "adaptive_tom": true,
    "gated_talk_tom": true,
    "diversity_preserving_gate": true,
    "role_asymmetric_hint": true,
    "history_split_hint": true,
    "adaptive_intervention": true,
    "adaptive_interv_threshold": 0.3
  },
  "team_mean_payoff": 2.2399999999999998
}