{
  "perspective_diversity": 0.07033315932861034,
  "cooperation_payoff": 2.06,
  "cooperation_payoff_ci": [1.866666666666667, 2.2666666666666666],
  "equilibrium_convergence": 0.9866666666666667,
  "tom_prediction_accuracy": 0.6166666666666667,
  "tom_prediction_accuracy_ci": [0.5633333333333334, 0.67],
  "n_episodes": 30,
  "action_dist_agent1": [0.86, 0.14],
  "per_episode_payoffs": [2.2,1.6,2.4,2.4,1.2,2.4,1.6,2.4,2.0,1.4,1.6,1.8,1.4,1.6,3.0,1.6,1.6,1.6,1.6,3.0,2.4,2.2,3.0,3.0,1.6,2.0,3.0,2.2,1.6,2.4],
  "cell": "hom_tom",
  "wall_time_s": 99.82919430732727,
  "config": {"game":"stag_hunt","n_agents":null,"horizon":5,"memory":2,"models_homo":"Qwen/Qwen2.5-3B-Instruct","temp_homo":0.7,"tom_order":1,"seed":2,"homogeneous":true,"use_tom":true,"cell_name":"hom_tom"}
}