{
  "perspective_diversity": 0.48823352849765056,
  "cooperation_payoff": 3.2666666666666657,
  "cooperation_payoff_ci": [
    2.8200000000000003,
    3.6933333333333325
  ],
  "equilibrium_convergence": 1.0,
  "tom_prediction_accuracy": 0.6833333333333333,
  "tom_prediction_accuracy_ci": [
    0.6333333333333333,
    0.7366666666666667
  ],
  "n_episodes": 30,
  "action_dist_agent1": [
    0.26666666666666666,
    0.7333333333333333
  ],
  "per_episode_payoffs": [
    2.6,
    4.6,
    3.6,
    4.6,
    3.2,
    2.4,
    4.6,
    2.6,
    2.6,
    2.2,
    2.6,
    4.6,
    2.2,
    1.8,
    0.6,
    2.2,
    4.6,
    3.6,
    5.0,
    4.6,
    4.6,
    3.6,
    4.6,
    1.0,
    2.8,
    3.6,
    2.6,
    4.6,
    3.6,
    2.2
  ],
  "gate_trust_rate": 0.92,
  "gated_prediction_accuracy": 0.6933333333333334,
  "signal_accuracy": 0.7066666666666667,
  "tom_belief_accuracy_in_gated": 0.6833333333333333,
  "dp_conflict_rate": 0.24333333333333335,
  "dp_intervention_rate": 0.24333333333333335,
  "cell": "het_dp_gated_atom_talk",
  "wall_time_s": 484.9880840778351,
  "config": {
    "game": "chicken",
    "n_agents": 2,
    "horizon": 5,
    "memory": 2,
    "models_homo": "Qwen/Qwen2.5-7B-Instruct",
    "temp_homo": 0.7,
    "tom_order": 1,
    "seed": 42,
    "cell_name": "het_dp_gated_atom_talk",
    "gate_trust_threshold": 0.6,
    "gate_ema_alpha": 0.3,
    "atom_warmup": 3,
    "homogeneous": false,
    "use_tom": true,
    "use_talk": true,
    "adaptive_tom": true,
    "gated_talk_tom": true,
    "diversity_preserving_gate": true
  },
  "team_mean_payoff": 2.32
}