{
  "perspective_diversity": 0.16986843531743182,
  "cooperation_payoff": 1.5933333333333333,
  "cooperation_payoff_ci": [
    1.3399999999999999,
    1.84
  ],
  "equilibrium_convergence": 0.8533333333333334,
  "tom_prediction_accuracy": 0.5833333333333334,
  "tom_prediction_accuracy_ci": [
    0.53,
    0.64
  ],
  "n_episodes": 30,
  "action_dist_agent1": [
    0.36666666666666664,
    0.6333333333333333
  ],
  "per_episode_payoffs": [
    2.2,
    2.0,
    1.4,
    1.2,
    2.2,
    1.8,
    1.4,
    0.0,
    2.6,
    1.6,
    2.2,
    2.2,
    1.4,
    0.6,
    1.0,
    2.2,
    2.8,
    0.8,
    1.0,
    0.4,
    1.0,
    1.4,
    1.8,
    1.8,
    1.6,
    3.0,
    1.6,
    0.8,
    2.0,
    1.8
  ],
  "gate_trust_rate": 0.7666666666666667,
  "gated_prediction_accuracy": 0.58,
  "signal_accuracy": 0.5133333333333333,
  "tom_belief_accuracy_in_gated": 0.5833333333333334,
  "dp_conflict_rate": 0.41,
  "dp_intervention_rate": 0.41,
  "cell": "het_gated_atom_talk",
  "wall_time_s": 506.31650495529175,
  "config": {
    "game": "hawk_dove",
    "n_agents": 2,
    "horizon": 5,
    "memory": 2,
    "models_homo": "Qwen/Qwen2.5-7B-Instruct",
    "temp_homo": 0.7,
    "tom_order": 1,
    "seed": 42,
    "cell_name": "het_gated_atom_talk",
    "homogeneous": false,
    "use_tom": true,
    "use_talk": true,
    "adaptive_tom": true,
    "gated_talk_tom": true,
    "diversity_preserving_gate": false
  },
  "team_mean_payoff": 1.1633333333333336
}