{
  "perspective_diversity": 0.029232303670386525,
  "cooperation_payoff": 2.1199999999999997,
  "cooperation_payoff_ci": [
    1.7533333333333334,
    2.493333333333333
  ],
  "equilibrium_convergence": 0.9066666666666666,
  "tom_prediction_accuracy": 0.56,
  "tom_prediction_accuracy_ci": [
    0.5,
    0.6166666666666667
  ],
  "n_episodes": 30,
  "action_dist_agent1": [
    0.36666666666666664,
    0.6333333333333333
  ],
  "per_episode_payoffs": [
    2.8,
    1.2,
    1.6,
    0.8,
    0.6,
    0.8,
    1.2,
    1.4,
    1.2,
    0.8,
    2.6,
    2.6,
    2.6,
    2.6,
    4.6,
    1.2,
    0.6,
    3.8,
    3.2,
    3.0,
    0.6,
    2.6,
    3.2,
    2.0,
    2.8,
    3.0,
    2.8,
    2.2,
    2.8,
    2.4
  ],
  "gate_trust_rate": 0.75,
  "gated_prediction_accuracy": 0.5933333333333334,
  "signal_accuracy": 0.61,
  "tom_belief_accuracy_in_gated": 0.56,
  "dp_conflict_rate": 0.4766666666666667,
  "dp_intervention_rate": 0.4766666666666667,
  "cell": "het_dp_gated_atom_talk",
  "wall_time_s": 469.6504032611847,
  "config": {
    "game": "chicken",
    "n_agents": 2,
    "horizon": 5,
    "memory": 2,
    "models_homo": "Qwen/Qwen2.5-7B-Instruct",
    "temp_homo": 0.7,
    "tom_order": 1,
    "seed": 44,
    "cell_name": "het_dp_gated_atom_talk",
    "gate_trust_threshold": 0.6,
    "gate_ema_alpha": 0.3,
    "atom_warmup": 3,
    "homogeneous": false,
    "use_tom": true,
    "use_talk": true,
    "adaptive_tom": true,
    "gated_talk_tom": true,
    "diversity_preserving_gate": true
  },
  "team_mean_payoff": 1.8799999999999994
}