{
  "perspective_diversity": 0.16020565569488035,
  "cooperation_payoff": 1.2333333333333334,
  "cooperation_payoff_ci": [
    1.0731666666666668,
    1.400166666666666
  ],
  "equilibrium_convergence": 0.9600000000000001,
  "tom_prediction_accuracy": 0.53,
  "tom_prediction_accuracy_ci": [
    0.47333333333333333,
    0.5866666666666667
  ],
  "n_episodes": 30,
  "action_dist_agent1": [
    0.2866666666666667,
    0.7133333333333334
  ],
  "per_episode_payoffs": [
    1.4,
    0.2,
    1.4,
    1.4,
    1.0,
    1.4,
    1.4,
    1.6,
    1.6,
    0.8,
    0.8,
    0.6,
    1.4,
    1.4,
    0.8,
    0.6,
    1.0,
    1.2,
    2.2,
    1.2,
    1.2,
    0.8,
    1.4,
    2.0,
    1.4,
    1.4,
    0.8,
    1.8,
    2.2,
    0.6
  ],
  "gate_trust_rate": 0.76,
  "gated_prediction_accuracy": 0.55,
  "signal_accuracy": 0.55,
  "tom_belief_accuracy_in_gated": 0.53,
  "dp_conflict_rate": 0.35333333333333333,
  "dp_intervention_rate": 0.35333333333333333,
  "cell": "het_gated_atom_talk",
  "wall_time_s": 455.5241274833679,
  "config": {
    "game": "hawk_dove",
    "n_agents": 2,
    "horizon": 5,
    "memory": 2,
    "models_homo": "Qwen/Qwen2.5-7B-Instruct",
    "temp_homo": 0.7,
    "tom_order": 1,
    "seed": 59,
    "cell_name": "het_gated_atom_talk",
    "gate_trust_threshold": 0.6,
    "gate_ema_alpha": 0.3,
    "atom_warmup": 3,
    "homogeneous": false,
    "use_tom": true,
    "use_talk": true,
    "adaptive_tom": true,
    "gated_talk_tom": true,
    "diversity_preserving_gate": false
  },
  "team_mean_payoff": 0.8133333333333334
}