{
  "perspective_diversity": 0.03412943610582579,
  "cooperation_payoff": 2.6333333333333333,
  "cooperation_payoff_ci": [
    2.293333333333334,
    2.9668333333333328
  ],
  "equilibrium_convergence": 0.9199999999999999,
  "tom_prediction_accuracy": 0.6333333333333333,
  "tom_prediction_accuracy_ci": [
    0.5766666666666667,
    0.6866666666666666
  ],
  "n_episodes": 30,
  "action_dist_agent1": [
    0.5333333333333333,
    0.4666666666666667
  ],
  "per_episode_payoffs": [
    1.0,
    2.0,
    2.6,
    0.8,
    3.0,
    3.8,
    3.0,
    2.6,
    2.8,
    3.8,
    2.6,
    2.2,
    3.4,
    1.6,
    3.8,
    3.4,
    0.2,
    2.6,
    3.4,
    1.2,
    2.6,
    3.4,
    3.4,
    2.0,
    3.6,
    3.0,
    3.0,
    2.4,
    3.6,
    2.2
  ],
  "gate_trust_rate": 0.78,
  "gated_prediction_accuracy": 0.65,
  "signal_accuracy": 0.5766666666666667,
  "tom_belief_accuracy_in_gated": 0.6333333333333333,
  "dp_conflict_rate": 0.37666666666666665,
  "dp_intervention_rate": 0.37666666666666665,
  "cell": "hom_dp_gated_atom_talk",
  "wall_time_s": 740.6667852401733,
  "config": {
    "game": "chicken",
    "n_agents": 2,
    "horizon": 5,
    "memory": 2,
    "models_homo": "THUDM/GLM-4-9B-0414",
    "temp_homo": 0.7,
    "tom_order": 1,
    "seed": 46,
    "cell_name": "hom_dp_gated_atom_talk",
    "gate_trust_threshold": 0.6,
    "gate_ema_alpha": 0.3,
    "atom_warmup": 3,
    "homogeneous": true,
    "use_tom": true,
    "use_talk": true,
    "adaptive_tom": true,
    "gated_talk_tom": true,
    "diversity_preserving_gate": true
  },
  "team_mean_payoff": 2.3800000000000003
}