{
  "perspective_diversity": 0.32038858829148775,
  "cooperation_payoff": 1.5933333333333335,
  "cooperation_payoff_ci": [
    1.2866666666666668,
    1.8934999999999993
  ],
  "equilibrium_convergence": 0.9733333333333334,
  "tom_prediction_accuracy": 0.64,
  "tom_prediction_accuracy_ci": [
    0.5833333333333334,
    0.6966666666666667
  ],
  "n_episodes": 30,
  "action_dist_agent1": [
    0.8666666666666667,
    0.13333333333333333
  ],
  "per_episode_payoffs": [
    2.8,
    1.0,
    0.6,
    1.2,
    1.2,
    2.8,
    3.0,
    2.8,
    1.6,
    1.8,
    1.2,
    2.8,
    1.6,
    0.6,
    1.6,
    1.0,
    1.6,
    0.0,
    1.8,
    1.6,
    1.6,
    0.0,
    2.8,
    1.2,
    2.2,
    2.4,
    1.6,
    1.8,
    1.6,
    0.0
  ],
  "gate_trust_rate": 0.9166666666666666,
  "gated_prediction_accuracy": 0.7333333333333333,
  "signal_accuracy": 0.75,
  "tom_belief_accuracy_in_gated": 0.64,
  "dp_conflict_rate": 0.33666666666666667,
  "dp_intervention_rate": 0.33666666666666667,
  "cell": "het_dp_gated_atom_talk",
  "wall_time_s": 472.46243834495544,
  "config": {
    "game": "battle_of_the_sexes",
    "n_agents": 2,
    "horizon": 5,
    "memory": 2,
    "models_homo": "Qwen/Qwen2.5-7B-Instruct",
    "temp_homo": 0.7,
    "tom_order": 1,
    "seed": 59,
    "cell_name": "het_dp_gated_atom_talk",
    "gate_trust_threshold": 0.6,
    "gate_ema_alpha": 0.3,
    "atom_warmup": 3,
    "homogeneous": false,
    "use_tom": true,
    "use_talk": true,
    "adaptive_tom": true,
    "gated_talk_tom": true,
    "diversity_preserving_gate": true
  },
  "team_mean_payoff": 1.4166666666666667
}