{
  "perspective_diversity": 0.09622544031171483,
  "cooperation_payoff": 2.588,
  "cooperation_payoff_ci": [
    2.53995,
    2.636
  ],
  "equilibrium_convergence": 0.96,
  "tom_prediction_accuracy": 0.6366666666666667,
  "tom_prediction_accuracy_ci": [
    0.6091666666666666,
    0.6633333333333333
  ],
  "n_episodes": 20,
  "action_dist_agent1": [
    0.76,
    0.24
  ],
  "per_episode_payoffs": [
    2.6399999999999997,
    2.6399999999999997,
    2.7600000000000002,
    2.5200000000000005,
    2.7600000000000002,
    2.64,
    2.5199999999999996,
    2.56,
    2.4800000000000004,
    2.3600000000000003,
    2.7199999999999998,
    2.6,
    2.44,
    2.6,
    2.64,
    2.64,
    2.5200000000000005,
    2.4,
    2.6,
    2.72
  ],
  "gate_trust_rate": 0.9275,
  "gated_prediction_accuracy": 0.7816666666666666,
  "signal_accuracy": 0.8275,
  "tom_belief_accuracy_in_gated": 0.6366666666666667,
  "dp_conflict_rate": 0.28583333333333333,
  "dp_intervention_rate": 0.28583333333333333,
  "cell": "het_dp_gated_atom_talk",
  "wall_time_s": 2674.1881079673767,
  "config": {
    "game": "public_goods",
    "n_agents": 4,
    "horizon": 5,
    "memory": 2,
    "models_homo": "Qwen/Qwen2.5-7B-Instruct",
    "temp_homo": 0.7,
    "tom_order": 1,
    "seed": 46,
    "cell_name": "het_dp_gated_atom_talk",
    "homogeneous": false,
    "use_tom": true,
    "use_talk": true,
    "adaptive_tom": true,
    "gated_talk_tom": true,
    "diversity_preserving_gate": true
  },
  "team_mean_payoff": 2.5055000000000005
}