{
  "perspective_diversity": 0.27858407194017654,
  "cooperation_payoff": 1.5933333333333333,
  "cooperation_payoff_ci": [
    1.34,
    1.840166666666666
  ],
  "equilibrium_convergence": 0.9066666666666666,
  "tom_prediction_accuracy": 0.6033333333333334,
  "tom_prediction_accuracy_ci": [
    0.5466666666666666,
    0.6566666666666666
  ],
  "n_episodes": 30,
  "action_dist_agent1": [
    0.2866666666666667,
    0.7133333333333334
  ],
  "per_episode_payoffs": [
    1.6,
    3.0,
    1.4,
    0.0,
    1.4,
    2.2,
    1.6,
    2.8,
    2.0,
    2.2,
    1.2,
    1.0,
    1.6,
    1.8,
    1.2,
    1.4,
    2.2,
    2.2,
    2.0,
    0.2,
    2.2,
    1.6,
    0.4,
    2.0,
    0.8,
    2.0,
    0.8,
    2.0,
    1.0,
    2.0
  ],
  "gate_trust_rate": 0.8366666666666667,
  "gated_prediction_accuracy": 0.61,
  "signal_accuracy": 0.5933333333333334,
  "tom_belief_accuracy_in_gated": 0.6033333333333334,
  "dp_conflict_rate": 0.33,
  "dp_intervention_rate": 0.33,
  "cell": "het_gated_atom_talk",
  "wall_time_s": 499.4626352787018,
  "config": {
    "game": "hawk_dove",
    "n_agents": 2,
    "horizon": 5,
    "memory": 2,
    "models_homo": "Qwen/Qwen2.5-7B-Instruct",
    "temp_homo": 0.7,
    "tom_order": 1,
    "seed": 43,
    "cell_name": "het_gated_atom_talk",
    "gate_trust_threshold": 0.6,
    "gate_ema_alpha": 0.3,
    "atom_warmup": 3,
    "homogeneous": false,
    "use_tom": true,
    "use_talk": true,
    "adaptive_tom": true,
    "gated_talk_tom": true,
    "diversity_preserving_gate": false
  },
  "team_mean_payoff": 1.0433333333333334
}