{
  "perspective_diversity": 0.08463108223509241,
  "cooperation_payoff": 2.6099999999999994,
  "cooperation_payoff_ci": [
    2.548,
    2.662
  ],
  "equilibrium_convergence": 0.9,
  "tom_prediction_accuracy": 0.62,
  "tom_prediction_accuracy_ci": [
    0.5925,
    0.6475
  ],
  "n_episodes": 20,
  "action_dist_agent1": [
    0.73,
    0.27
  ],
  "per_episode_payoffs": [
    2.6399999999999997,
    2.7199999999999998,
    2.76,
    2.5599999999999996,
    2.7199999999999998,
    2.56,
    2.2,
    2.44,
    2.64,
    2.56,
    2.7199999999999998,
    2.6,
    2.56,
    2.6399999999999997,
    2.6399999999999997,
    2.6399999999999997,
    2.4799999999999995,
    2.8,
    2.68,
    2.6399999999999997
  ],
  "gate_trust_rate": 0.9358333333333333,
  "gated_prediction_accuracy": 0.7725,
  "signal_accuracy": 0.81,
  "tom_belief_accuracy_in_gated": 0.62,
  "dp_conflict_rate": 0.33,
  "dp_intervention_rate": 0.33,
  "cell": "het_dp_gated_atom_talk",
  "wall_time_s": 2722.028557062149,
  "config": {
    "game": "public_goods",
    "n_agents": 4,
    "horizon": 5,
    "memory": 2,
    "models_homo": "Qwen/Qwen2.5-7B-Instruct",
    "temp_homo": 0.7,
    "tom_order": 1,
    "seed": 55,
    "cell_name": "het_dp_gated_atom_talk",
    "gate_trust_threshold": 0.6,
    "gate_ema_alpha": 0.3,
    "atom_warmup": 3,
    "homogeneous": false,
    "use_tom": true,
    "use_talk": true,
    "adaptive_tom": true,
    "gated_talk_tom": true,
    "diversity_preserving_gate": true
  },
  "team_mean_payoff": 2.5024999999999995
}