{
  "perspective_diversity": 0.01723876117752652,
  "cooperation_payoff": 2.5520000000000005,
  "cooperation_payoff_ci": [
    2.5140000000000002,
    2.584
  ],
  "equilibrium_convergence": 0.96,
  "tom_prediction_accuracy": 0.7941666666666667,
  "tom_prediction_accuracy_ci": [
    0.7716458333333334,
    0.8166666666666667
  ],
  "n_episodes": 20,
  "action_dist_agent1": [
    0.96,
    0.04
  ],
  "per_episode_payoffs": [
    2.64,
    2.56,
    2.3200000000000003,
    2.52,
    2.52,
    2.6,
    2.6,
    2.6,
    2.52,
    2.6,
    2.6,
    2.4800000000000004,
    2.6,
    2.6,
    2.6,
    2.4400000000000004,
    2.6,
    2.6,
    2.6,
    2.4400000000000004
  ],
  "gate_trust_rate": 0.9222222222222223,
  "gated_prediction_accuracy": 0.6888888888888889,
  "signal_accuracy": 0.7666666666666667,
  "tom_belief_accuracy_in_gated": 0.6111111111111112,
  "dp_conflict_rate": 0.3333333333333333,
  "dp_intervention_rate": 0.3333333333333333,
  "cell": "het_gsaca",
  "gsaca_detected_structure": "coord",
  "gsaca_oracle_structure": "coord",
  "gsaca_detection_correct": true,
  "gsaca_split_score": -0.18333333333333313,
  "gsaca_warmup_episodes": 3,
  "gsaca_n_observations": 15,
  "wall_time_s": 2861.072785615921,
  "config": {
    "game": "public_goods",
    "n_agents": 4,
    "horizon": 5,
    "memory": 2,
    "models_homo": "Qwen/Qwen2.5-7B-Instruct",
    "temp_homo": 0.7,
    "tom_order": 1,
    "seed": 42,
    "cell_name": "het_gsaca",
    "gate_trust_threshold": 0.6,
    "gate_ema_alpha": 0.3,
    "atom_warmup": 3,
    "homogeneous": false,
    "use_tom": true,
    "use_talk": true,
    "adaptive_tom": true,
    "gated_talk_tom": true,
    "diversity_preserving_gate": true
  },
  "team_mean_payoff": 2.567
}