{
  "perspective_diversity": 0.547780613299787,
  "cooperation_payoff": 3.3599999999999994,
  "cooperation_payoff_ci": [
    3.0066666666666664,
    3.693333333333333
  ],
  "equilibrium_convergence": 0.9866666666666667,
  "tom_prediction_accuracy": 0.7033333333333334,
  "tom_prediction_accuracy_ci": [
    0.65,
    0.7533333333333333
  ],
  "n_episodes": 30,
  "action_dist_agent1": [
    0.24666666666666667,
    0.7533333333333333
  ],
  "per_episode_payoffs": [
    2.2,
    3.2,
    4.6,
    4.6,
    3.6,
    4.6,
    2.4,
    3.6,
    3.6,
    3.0,
    3.6,
    2.6,
    2.6,
    4.6,
    2.6,
    4.2,
    2.2,
    3.6,
    2.0,
    4.6,
    4.6,
    3.6,
    4.6,
    2.8,
    2.2,
    2.6,
    5.0,
    2.2,
    3.6,
    1.6
  ],
  "gate_trust_rate": 0.87,
  "gated_prediction_accuracy": 0.6933333333333334,
  "signal_accuracy": 0.67,
  "tom_belief_accuracy_in_gated": 0.7033333333333334,
  "dp_conflict_rate": 0.23333333333333334,
  "dp_intervention_rate": 0.23333333333333334,
  "cell": "het_dp_gated_atom_talk",
  "wall_time_s": 488.3383765220642,
  "config": {
    "game": "chicken",
    "n_agents": 2,
    "horizon": 5,
    "memory": 2,
    "models_homo": "Qwen/Qwen2.5-7B-Instruct",
    "temp_homo": 0.7,
    "tom_order": 1,
    "seed": 42,
    "cell_name": "het_dp_gated_atom_talk",
    "gate_trust_threshold": 0.75,
    "gate_ema_alpha": 0.3,
    "atom_warmup": 3,
    "homogeneous": false,
    "use_tom": true,
    "use_talk": true,
    "adaptive_tom": true,
    "gated_talk_tom": true,
    "diversity_preserving_gate": true
  },
  "team_mean_payoff": 2.3600000000000003
}