{
  "perspective_diversity": 0.53325027103821,
  "cooperation_payoff": 3.3866666666666663,
  "cooperation_payoff_ci": [
    3.0266666666666664,
    3.7069999999999976
  ],
  "equilibrium_convergence": 0.9733333333333333,
  "tom_prediction_accuracy": 0.6833333333333333,
  "tom_prediction_accuracy_ci": [
    0.63,
    0.7333333333333333
  ],
  "n_episodes": 30,
  "action_dist_agent1": [
    0.25333333333333335,
    0.7466666666666667
  ],
  "per_episode_payoffs": [
    4.6,
    4.2,
    2.2,
    4.0,
    3.6,
    2.6,
    3.6,
    3.6,
    3.6,
    3.6,
    2.0,
    3.6,
    3.6,
    3.6,
    1.4,
    2.8,
    4.6,
    2.2,
    2.2,
    3.6,
    2.6,
    1.8,
    4.6,
    4.6,
    4.2,
    4.6,
    3.6,
    2.2,
    3.6,
    4.6
  ],
  "gate_trust_rate": 0.8733333333333333,
  "gated_prediction_accuracy": 0.6633333333333333,
  "signal_accuracy": 0.67,
  "tom_belief_accuracy_in_gated": 0.6833333333333333,
  "dp_conflict_rate": 0.26,
  "dp_intervention_rate": 0.26,
  "cell": "het_dp_gated_atom_talk",
  "wall_time_s": 505.61055636405945,
  "config": {
    "game": "chicken",
    "n_agents": 2,
    "horizon": 5,
    "memory": 2,
    "models_homo": "Qwen/Qwen2.5-7B-Instruct",
    "temp_homo": 0.7,
    "tom_order": 1,
    "seed": 45,
    "cell_name": "het_dp_gated_atom_talk",
    "gate_trust_threshold": 0.6,
    "gate_ema_alpha": 0.5,
    "atom_warmup": 3,
    "homogeneous": false,
    "use_tom": true,
    "use_talk": true,
    "adaptive_tom": true,
    "gated_talk_tom": true,
    "diversity_preserving_gate": true
  },
  "team_mean_payoff": 2.4000000000000004
}