{
  "perspective_diversity": 0.0030292579148802137,
  "cooperation_payoff": 2.5733333333333337,
  "cooperation_payoff_ci": [
    2.3266666666666667,
    2.8000000000000003
  ],
  "equilibrium_convergence": 0.88,
  "tom_prediction_accuracy": 0.7533333333333333,
  "tom_prediction_accuracy_ci": [
    0.7033333333333334,
    0.8
  ],
  "n_episodes": 30,
  "action_dist_agent1": [
    0.78,
    0.22
  ],
  "per_episode_payoffs": [
    3.0,
    2.8,
    2.8,
    3.0,
    2.6,
    3.4,
    3.0,
    3.0,
    2.6,
    1.8,
    2.0,
    3.0,
    1.6,
    3.0,
    2.6,
    1.0,
    2.6,
    3.0,
    2.2,
    3.0,
    3.0,
    1.4,
    3.0,
    3.0,
    2.6,
    3.4,
    2.0,
    1.0,
    2.4,
    3.4
  ],
  "gate_trust_rate": 0.9266666666666666,
  "gated_prediction_accuracy": 0.76,
  "signal_accuracy": 0.7466666666666667,
  "tom_belief_accuracy_in_gated": 0.7533333333333333,
  "dp_conflict_rate": 0.3333333333333333,
  "dp_intervention_rate": 0.3333333333333333,
  "cell": "hom_gated_atom_talk",
  "wall_time_s": 765.2337236404419,
  "config": {
    "game": "chicken",
    "n_agents": 2,
    "horizon": 5,
    "memory": 2,
    "models_homo": "THUDM/GLM-4-9B-0414",
    "temp_homo": 0.7,
    "tom_order": 1,
    "seed": 45,
    "cell_name": "hom_gated_atom_talk",
    "gate_trust_threshold": 0.6,
    "gate_ema_alpha": 0.3,
    "atom_warmup": 3,
    "homogeneous": true,
    "use_tom": true,
    "use_talk": true,
    "adaptive_tom": true,
    "gated_talk_tom": true,
    "diversity_preserving_gate": false
  },
  "team_mean_payoff": 2.64
}