{
  "perspective_diversity": 0.33891914415344165,
  "cooperation_payoff": 3.127019121999476,
  "cooperation_payoff_ci": [
    2.654795990917821,
    3.578296545733029
  ],
  "equilibrium_convergence": 0.9866666666666667,
  "tom_prediction_accuracy": 0.6333333333333333,
  "tom_prediction_accuracy_ci": [
    0.58,
    0.6866666666666666
  ],
  "n_episodes": 30,
  "action_dist_agent1": [
    0.3,
    0.7
  ],
  "per_episode_payoffs": [
    5.020712928463364,
    2.6604971652090104,
    1.4871338021112337,
    3.3452040045535782,
    3.700165034980641,
    1.1188932816552866,
    2.0179184617043098,
    2.2088175044775835,
    2.749932826778528,
    4.761194423942114,
    0.8850016590600894,
    4.053678430906932,
    3.103366692795764,
    3.974780101711597,
    3.655796206708799,
    4.643600670033918,
    1.9544479361678384,
    4.850818214730394,
    0.6691438669956213,
    4.820275513676622,
    3.974375740975664,
    3.048903622514646,
    1.7950903592593448,
    2.8830702968668143,
    4.136835173374061,
    4.620634140272716,
    1.2436738142900166,
    3.8872828830695583,
    2.0681439370817305,
    4.471184965616506
  ],
  "gate_trust_rate": 0.9166666666666666,
  "gated_prediction_accuracy": 0.6966666666666667,
  "signal_accuracy": 0.7,
  "tom_belief_accuracy_in_gated": 0.6333333333333333,
  "dp_conflict_rate": 0.2866666666666667,
  "dp_intervention_rate": 0.2866666666666667,
  "cell": "het_gsaca",
  "gsaca_detected_structure": "anti_coord",
  "gsaca_oracle_structure": "anti_coord",
  "gsaca_detection_correct": true,
  "gsaca_split_score": 1.0848021636254093,
  "gsaca_warmup_episodes": 5,
  "gsaca_n_observations": 25,
  "wall_time_s": 456.12623023986816,
  "config": {
    "game": "chicken",
    "n_agents": 2,
    "horizon": 5,
    "memory": 2,
    "models_homo": "Qwen/Qwen2.5-7B-Instruct",
    "temp_homo": 0.7,
    "tom_order": 1,
    "seed": 44,
    "cell_name": "het_gsaca",
    "gate_trust_threshold": 0.6,
    "gate_ema_alpha": 0.3,
    "atom_warmup": 3,
    "homogeneous": false,
    "use_tom": true,
    "use_talk": true,
    "adaptive_tom": true,
    "gated_talk_tom": true,
    "diversity_preserving_gate": true
  },
  "team_mean_payoff": 2.383036236159595
}