{
  "perspective_diversity": 0.048029564500035066,
  "cooperation_payoff": 2.4266666666666667,
  "cooperation_payoff_ci": [
    2.1465,
    2.6666666666666665
  ],
  "equilibrium_convergence": 0.9866666666666667,
  "tom_prediction_accuracy": 0.6766666666666666,
  "tom_prediction_accuracy_ci": [
    0.6233333333333333,
    0.7266666666666667
  ],
  "n_episodes": 30,
  "action_dist_agent1": [
    0.46,
    0.54
  ],
  "per_episode_payoffs": [
    1.6,
    3.0,
    2.4,
    2.2,
    1.0,
    3.0,
    3.0,
    3.2,
    2.0,
    3.0,
    2.2,
    3.0,
    1.4,
    0.6,
    2.2,
    2.2,
    1.4,
    2.6,
    3.0,
    2.0,
    2.2,
    3.2,
    2.4,
    2.0,
    3.0,
    3.0,
    3.0,
    3.0,
    3.0,
    3.0
  ],
  "gate_trust_rate": 0.8733333333333333,
  "gated_prediction_accuracy": 0.6833333333333333,
  "signal_accuracy": 0.6633333333333333,
  "tom_belief_accuracy_in_gated": 0.6766666666666666,
  "dp_conflict_rate": 0.23333333333333334,
  "dp_intervention_rate": 0.23333333333333334,
  "cell": "het_gated_atom_talk",
  "wall_time_s": 517.1492795944214,
  "config": {
    "game": "chicken",
    "n_agents": 2,
    "horizon": 5,
    "memory": 2,
    "models_homo": "Qwen/Qwen2.5-7B-Instruct",
    "temp_homo": 0.7,
    "tom_order": 1,
    "seed": 46,
    "cell_name": "het_gated_atom_talk",
    "homogeneous": false,
    "use_tom": true,
    "use_talk": true,
    "adaptive_tom": true,
    "gated_talk_tom": true,
    "diversity_preserving_gate": false
  },
  "team_mean_payoff": 2.1199999999999997
}