{
  "perspective_diversity": 0.15312817977694992,
  "cooperation_payoff": 1.4400000000000002,
  "cooperation_payoff_ci": [
    1.26,
    1.6266666666666667
  ],
  "equilibrium_convergence": 0.8400000000000001,
  "tom_prediction_accuracy": 0.57,
  "tom_prediction_accuracy_ci": [
    0.5165833333333335,
    0.6233333333333333
  ],
  "n_episodes": 30,
  "action_dist_agent1": [
    0.36,
    0.64
  ],
  "per_episode_payoffs": [
    1.4,
    1.4,
    1.4,
    1.2,
    1.0,
    0.6,
    1.6,
    1.2,
    1.2,
    1.0,
    2.2,
    2.2,
    1.2,
    1.4,
    2.2,
    1.4,
    2.0,
    0.6,
    2.2,
    1.8,
    1.4,
    2.2,
    0.4,
    1.4,
    1.0,
    1.4,
    1.0,
    2.2,
    1.6,
    1.4
  ],
  "gate_trust_rate": 0.81,
  "gated_prediction_accuracy": 0.59,
  "signal_accuracy": 0.5733333333333334,
  "tom_belief_accuracy_in_gated": 0.57,
  "dp_conflict_rate": 0.33666666666666667,
  "dp_intervention_rate": 0.33666666666666667,
  "cell": "het_gated_atom_talk",
  "wall_time_s": 509.75627994537354,
  "config": {
    "game": "hawk_dove",
    "n_agents": 2,
    "horizon": 5,
    "memory": 2,
    "models_homo": "Qwen/Qwen2.5-7B-Instruct",
    "temp_homo": 0.7,
    "tom_order": 1,
    "seed": 45,
    "cell_name": "het_gated_atom_talk",
    "homogeneous": false,
    "use_tom": true,
    "use_talk": true,
    "adaptive_tom": true,
    "gated_talk_tom": true,
    "diversity_preserving_gate": false
  },
  "team_mean_payoff": 1.03
}