{
  "perspective_diversity": 0.07623498647435603,
  "cooperation_payoff": 2.1599999999999997,
  "cooperation_payoff_ci": [
    1.9533333333333334,
    2.3666666666666667
  ],
  "equilibrium_convergence": 0.96,
  "tom_prediction_accuracy": 0.6433333333333333,
  "tom_prediction_accuracy_ci": [
    0.5866666666666667,
    0.6966666666666667
  ],
  "n_episodes": 30,
  "action_dist_agent1": [
    0.5133333333333333,
    0.4866666666666667
  ],
  "per_episode_payoffs": [
    2.8,
    2.0,
    1.8,
    2.0,
    2.0,
    1.6,
    2.2,
    1.0,
    2.4,
    2.2,
    3.0,
    3.2,
    2.6,
    2.8,
    1.6,
    2.6,
    2.6,
    2.0,
    2.0,
    2.2,
    2.4,
    0.8,
    2.0,
    3.2,
    1.8,
    1.8,
    2.0,
    1.6,
    2.8,
    1.8
  ],
  "gate_trust_rate": 0.9466666666666667,
  "gated_prediction_accuracy": 0.7033333333333334,
  "signal_accuracy": 0.7166666666666667,
  "tom_belief_accuracy_in_gated": 0.6433333333333333,
  "dp_conflict_rate": 0.26666666666666666,
  "dp_intervention_rate": 0.26666666666666666,
  "cell": "het_gsaca",
  "gsaca_detected_structure": "anti_coord",
  "gsaca_oracle_structure": "anti_coord",
  "gsaca_detection_correct": true,
  "gsaca_split_score": 0.38888888888888884,
  "gsaca_warmup_episodes": 5,
  "gsaca_n_observations": 25,
  "wall_time_s": 558.0720765590668,
  "config": {
    "game": "deadlock",
    "n_agents": 2,
    "horizon": 5,
    "memory": 2,
    "models_homo": "Qwen/Qwen2.5-7B-Instruct",
    "temp_homo": 0.7,
    "tom_order": 1,
    "seed": 46,
    "cell_name": "het_gsaca",
    "gate_trust_threshold": 0.6,
    "gate_ema_alpha": 0.3,
    "atom_warmup": 3,
    "homogeneous": false,
    "use_tom": true,
    "use_talk": true,
    "adaptive_tom": true,
    "gated_talk_tom": true,
    "diversity_preserving_gate": true
  },
  "team_mean_payoff": 1.7866666666666664
}