{
  "perspective_diversity": 0.40936971386828075,
  "cooperation_payoff": 3.159999999999999,
  "cooperation_payoff_ci": [
    2.6799999999999997,
    3.6201666666666648
  ],
  "equilibrium_convergence": 0.9733333333333333,
  "tom_prediction_accuracy": 0.6566666666666666,
  "tom_prediction_accuracy_ci": [
    0.6,
    0.71
  ],
  "n_episodes": 30,
  "action_dist_agent1": [
    0.25333333333333335,
    0.7466666666666667
  ],
  "per_episode_payoffs": [
    3.6,
    1.8,
    1.8,
    4.6,
    3.6,
    4.6,
    2.6,
    2.6,
    4.6,
    2.6,
    4.6,
    4.6,
    1.8,
    0.2,
    4.6,
    1.8,
    2.6,
    4.6,
    2.6,
    4.6,
    2.2,
    3.6,
    2.0,
    3.2,
    0.6,
    1.8,
    3.6,
    4.6,
    4.6,
    4.2
  ],
  "gate_trust_rate": 0.92,
  "gated_prediction_accuracy": 0.7066666666666667,
  "signal_accuracy": 0.6933333333333334,
  "tom_belief_accuracy_in_gated": 0.6566666666666666,
  "dp_conflict_rate": 0.27,
  "dp_intervention_rate": 0.27,
  "cell": "het_dp_gated_atom_talk",
  "wall_time_s": 457.7038278579712,
  "config": {
    "game": "chicken",
    "n_agents": 2,
    "horizon": 5,
    "memory": 2,
    "models_homo": "Qwen/Qwen2.5-7B-Instruct",
    "temp_homo": 0.7,
    "tom_order": 1,
    "seed": 43,
    "cell_name": "het_dp_gated_atom_talk",
    "homogeneous": false,
    "use_tom": true,
    "use_talk": true,
    "adaptive_tom": true,
    "gated_talk_tom": true,
    "diversity_preserving_gate": true
  },
  "team_mean_payoff": 2.28
}