{
  "perspective_diversity": 0.0011413697467597128,
  "cooperation_payoff": 2.3266666666666667,
  "cooperation_payoff_ci": [
    2.146666666666667,
    2.493333333333333
  ],
  "equilibrium_convergence": 1.0,
  "tom_prediction_accuracy": 0.6766666666666666,
  "tom_prediction_accuracy_ci": [
    0.6233333333333333,
    0.7266666666666667
  ],
  "n_episodes": 30,
  "action_dist_agent1": [
    0.7866666666666666,
    0.21333333333333335
  ],
  "per_episode_payoffs": [
    3.0,
    2.0,
    2.4,
    2.6,
    1.6,
    2.8,
    1.6,
    2.6,
    2.6,
    3.0,
    2.0,
    2.8,
    1.2,
    2.2,
    2.2,
    2.2,
    2.2,
    3.0,
    2.2,
    2.2,
    2.6,
    1.6,
    2.2,
    2.6,
    3.0,
    3.0,
    3.0,
    1.8,
    2.0,
    1.6
  ],
  "gate_trust_rate": 0.9533333333333334,
  "gated_prediction_accuracy": 0.7733333333333333,
  "signal_accuracy": 0.8066666666666666,
  "tom_belief_accuracy_in_gated": 0.6766666666666666,
  "dp_conflict_rate": 0.23666666666666666,
  "dp_intervention_rate": 0.23666666666666666,
  "cell": "hom_dp_gated_atom_talk",
  "wall_time_s": 389.62231159210205,
  "config": {
    "game": "stag_hunt",
    "n_agents": 2,
    "horizon": 5,
    "memory": 2,
    "models_homo": "Qwen/Qwen2.5-7B-Instruct",
    "temp_homo": 0.7,
    "tom_order": 1,
    "seed": 42,
    "cell_name": "hom_dp_gated_atom_talk",
    "gate_trust_threshold": 0.6,
    "gate_ema_alpha": 0.3,
    "atom_warmup": 3,
    "homogeneous": true,
    "use_tom": true,
    "use_talk": true,
    "adaptive_tom": true,
    "gated_talk_tom": true,
    "diversity_preserving_gate": true
  },
  "team_mean_payoff": 2.3466666666666667
}