{
  "perspective_diversity": 0.05465295569969474,
  "cooperation_payoff": 2.6080000000000005,
  "cooperation_payoff_ci": [
    2.55795,
    2.654
  ],
  "equilibrium_convergence": 0.9199999999999999,
  "tom_prediction_accuracy": 0.6458333333333334,
  "tom_prediction_accuracy_ci": [
    0.6183333333333333,
    0.6725
  ],
  "n_episodes": 20,
  "action_dist_agent1": [
    0.74,
    0.26
  ],
  "per_episode_payoffs": [
    2.6399999999999997,
    2.6,
    2.6799999999999997,
    2.6,
    2.6399999999999997,
    2.6800000000000006,
    2.2800000000000002,
    2.72,
    2.7600000000000002,
    2.6,
    2.4400000000000004,
    2.6800000000000006,
    2.4400000000000004,
    2.7199999999999998,
    2.6399999999999997,
    2.4799999999999995,
    2.64,
    2.6399999999999997,
    2.5599999999999996,
    2.7199999999999998
  ],
  "gate_trust_rate": 0.9433333333333334,
  "gated_prediction_accuracy": 0.77,
  "signal_accuracy": 0.81,
  "tom_belief_accuracy_in_gated": 0.6458333333333334,
  "dp_conflict_rate": 0.32083333333333336,
  "dp_intervention_rate": 0.32083333333333336,
  "cell": "het_dp_gated_atom_talk",
  "wall_time_s": 2742.343284368515,
  "config": {
    "game": "public_goods",
    "n_agents": 4,
    "horizon": 5,
    "memory": 2,
    "models_homo": "Qwen/Qwen2.5-7B-Instruct",
    "temp_homo": 0.7,
    "tom_order": 1,
    "seed": 57,
    "cell_name": "het_dp_gated_atom_talk",
    "gate_trust_threshold": 0.6,
    "gate_ema_alpha": 0.3,
    "atom_warmup": 3,
    "homogeneous": false,
    "use_tom": true,
    "use_talk": true,
    "adaptive_tom": true,
    "gated_talk_tom": true,
    "diversity_preserving_gate": true
  },
  "team_mean_payoff": 2.5055
}