{
  "perspective_diversity": 0.07645578267179387,
  "cooperation_payoff": 2.0,
  "cooperation_payoff_ci": [
    1.6998333333333333,
    2.273333333333333
  ],
  "equilibrium_convergence": 0.9333333333333333,
  "tom_prediction_accuracy": 0.6633333333333333,
  "tom_prediction_accuracy_ci": [
    0.6066666666666667,
    0.7166666666666667
  ],
  "n_episodes": 30,
  "action_dist_agent1": [
    0.8066666666666666,
    0.19333333333333333
  ],
  "per_episode_payoffs": [
    1.6,
    2.2,
    2.2,
    1.0,
    0.6,
    1.2,
    2.8,
    2.6,
    2.4,
    2.4,
    1.2,
    1.2,
    2.8,
    1.2,
    0.0,
    2.6,
    2.8,
    1.0,
    1.2,
    2.8,
    2.4,
    2.8,
    1.8,
    2.8,
    2.8,
    2.2,
    1.2,
    2.8,
    2.6,
    2.8
  ],
  "gate_trust_rate": 0.9333333333333333,
  "gated_prediction_accuracy": 0.7866666666666666,
  "signal_accuracy": 0.7866666666666666,
  "tom_belief_accuracy_in_gated": 0.6633333333333333,
  "dp_conflict_rate": 0.2833333333333333,
  "dp_intervention_rate": 0.2833333333333333,
  "cell": "het_dp_gated_atom_talk",
  "wall_time_s": 557.0718493461609,
  "config": {
    "game": "battle_of_the_sexes",
    "n_agents": 2,
    "horizon": 5,
    "memory": 2,
    "models_homo": "Qwen/Qwen2.5-7B-Instruct",
    "temp_homo": 0.7,
    "tom_order": 1,
    "seed": 45,
    "cell_name": "het_dp_gated_atom_talk",
    "gate_trust_threshold": 0.6,
    "gate_ema_alpha": 0.3,
    "atom_warmup": 3,
    "homogeneous": false,
    "use_tom": true,
    "use_talk": true,
    "adaptive_tom": true,
    "gated_talk_tom": true,
    "diversity_preserving_gate": true
  },
  "team_mean_payoff": 1.7833333333333334
}