{
  "perspective_diversity": 0.15762942011026645,
  "cooperation_payoff": 2.3333333333333335,
  "cooperation_payoff_ci": [
    2.14,
    2.5133333333333336
  ],
  "equilibrium_convergence": 0.9333333333333333,
  "tom_prediction_accuracy": 0.6266666666666667,
  "tom_prediction_accuracy_ci": [
    0.57,
    0.6833333333333333
  ],
  "n_episodes": 30,
  "action_dist_agent1": [
    0.5,
    0.5
  ],
  "per_episode_payoffs": [
    2.2,
    2.2,
    2.2,
    1.8,
    2.6,
    2.4,
    2.2,
    2.2,
    2.6,
    0.8,
    2.2,
    2.4,
    3.2,
    2.6,
    2.6,
    2.6,
    2.2,
    3.2,
    3.2,
    2.2,
    2.6,
    2.2,
    2.8,
    2.6,
    1.0,
    2.4,
    1.6,
    2.4,
    2.2,
    2.6
  ],
  "gate_trust_rate": 0.93,
  "gated_prediction_accuracy": 0.6966666666666667,
  "signal_accuracy": 0.7,
  "tom_belief_accuracy_in_gated": 0.6266666666666667,
  "dp_conflict_rate": 0.2866666666666667,
  "dp_intervention_rate": 0.2866666666666667,
  "cell": "het_dp_gated_atom_talk",
  "wall_time_s": 577.0603270530701,
  "config": {
    "game": "deadlock",
    "n_agents": 2,
    "horizon": 5,
    "memory": 2,
    "models_homo": "Qwen/Qwen2.5-7B-Instruct",
    "temp_homo": 0.7,
    "tom_order": 1,
    "seed": 54,
    "cell_name": "het_dp_gated_atom_talk",
    "gate_trust_threshold": 0.6,
    "gate_ema_alpha": 0.3,
    "atom_warmup": 3,
    "homogeneous": false,
    "use_tom": true,
    "use_talk": true,
    "adaptive_tom": true,
    "gated_talk_tom": true,
    "diversity_preserving_gate": true
  },
  "team_mean_payoff": 1.8133333333333332
}