{
  "perspective_diversity": 9.619426238454201e-05,
  "cooperation_payoff": 2.1533333333333333,
  "cooperation_payoff_ci": [
    1.8533333333333328,
    2.3999999999999995
  ],
  "equilibrium_convergence": 0.88,
  "tom_prediction_accuracy": 0.6933333333333334,
  "tom_prediction_accuracy_ci": [
    0.6433333333333333,
    0.7433333333333333
  ],
  "n_episodes": 30,
  "action_dist_agent1": [
    0.6333333333333333,
    0.36666666666666664
  ],
  "per_episode_payoffs": [
    0.4,
    2.0,
    2.8,
    2.6,
    2.8,
    2.8,
    0.4,
    2.8,
    1.8,
    2.2,
    2.8,
    2.2,
    2.8,
    1.2,
    2.2,
    2.8,
    2.8,
    1.4,
    2.8,
    2.6,
    0.8,
    2.2,
    2.8,
    2.6,
    2.8,
    1.0,
    1.6,
    1.6,
    2.8,
    2.2
  ],
  "gate_trust_rate": 0.9766666666666667,
  "gated_prediction_accuracy": 0.87,
  "signal_accuracy": 0.8666666666666667,
  "tom_belief_accuracy_in_gated": 0.6933333333333334,
  "dp_conflict_rate": 0.3,
  "dp_intervention_rate": 0.3,
  "cell": "het_gated_atom_talk",
  "wall_time_s": 506.5456745624542,
  "config": {
    "game": "battle_of_the_sexes",
    "n_agents": 2,
    "horizon": 5,
    "memory": 2,
    "models_homo": "Qwen/Qwen2.5-7B-Instruct",
    "temp_homo": 0.7,
    "tom_order": 1,
    "seed": 43,
    "cell_name": "het_gated_atom_talk",
    "gate_trust_threshold": 0.6,
    "gate_ema_alpha": 0.3,
    "atom_warmup": 3,
    "homogeneous": false,
    "use_tom": true,
    "use_talk": true,
    "adaptive_tom": true,
    "gated_talk_tom": true,
    "diversity_preserving_gate": false
  },
  "team_mean_payoff": 2.0166666666666666
}