{
  "perspective_diversity": 0.0723668522078536,
  "cooperation_payoff": 1.4866666666666668,
  "cooperation_payoff_ci": [
    1.1333333333333335,
    1.833499999999999
  ],
  "equilibrium_convergence": 0.9333333333333333,
  "tom_prediction_accuracy": 0.5933333333333334,
  "tom_prediction_accuracy_ci": [
    0.54,
    0.6466666666666666
  ],
  "n_episodes": 30,
  "action_dist_agent1": [
    0.46,
    0.54
  ],
  "per_episode_payoffs": [
    2.8,
    1.8,
    0.4,
    2.8,
    2.0,
    0.4,
    0.2,
    2.4,
    2.4,
    2.8,
    2.8,
    2.6,
    0.2,
    1.6,
    1.8,
    1.6,
    2.2,
    2.0,
    0.2,
    1.2,
    1.6,
    1.6,
    0.8,
    0.0,
    0.0,
    1.6,
    0.8,
    2.8,
    -0.4,
    1.6
  ],
  "gate_trust_rate": 0.8133333333333334,
  "gated_prediction_accuracy": 0.6366666666666667,
  "signal_accuracy": 0.59,
  "tom_belief_accuracy_in_gated": 0.5933333333333334,
  "dp_conflict_rate": 0.39,
  "dp_intervention_rate": 0.39,
  "cell": "het_dp_gated_atom_talk",
  "wall_time_s": 447.4216260910034,
  "config": {
    "game": "hawk_dove",
    "n_agents": 2,
    "horizon": 5,
    "memory": 2,
    "models_homo": "Qwen/Qwen2.5-7B-Instruct",
    "temp_homo": 0.7,
    "tom_order": 1,
    "seed": 43,
    "cell_name": "het_dp_gated_atom_talk",
    "homogeneous": false,
    "use_tom": true,
    "use_talk": true,
    "adaptive_tom": true,
    "gated_talk_tom": true,
    "diversity_preserving_gate": true
  },
  "team_mean_payoff": 1.2066666666666668
}