{
  "perspective_diversity": 0.39753937049884674,
  "cooperation_payoff": 2.5270191219994755,
  "cooperation_payoff_ci": [
    2.3216825161787016,
    2.729614469375927
  ],
  "equilibrium_convergence": 0.9733333333333334,
  "tom_prediction_accuracy": 0.6133333333333333,
  "tom_prediction_accuracy_ci": [
    0.56,
    0.67
  ],
  "n_episodes": 30,
  "action_dist_agent1": [
    0.3466666666666667,
    0.6533333333333333
  ],
  "per_episode_payoffs": [
    2.0207129284633636,
    3.0604971652090107,
    2.287133802111234,
    1.7452040045535782,
    1.5001650349806412,
    1.3188932816552865,
    3.21791846170431,
    3.008817504477583,
    3.349932826778528,
    3.1611944239421144,
    2.0850016590600893,
    2.2536784309069318,
    3.103366692795764,
    1.7747801017115972,
    1.455796206708799,
    3.0436006700339187,
    2.7544479361678382,
    3.2508182147303932,
    2.4691438669956214,
    3.220275513676622,
    2.574375740975664,
    2.848903622514646,
    2.595090359259345,
    1.8830702968668143,
    3.136835173374062,
    2.620634140272716,
    2.6436738142900165,
    2.887282883069558,
    2.0681439370817305,
    2.471184965616506
  ],
  "gate_trust_rate": 0.9633333333333334,
  "gated_prediction_accuracy": 0.69,
  "signal_accuracy": 0.7066666666666667,
  "tom_belief_accuracy_in_gated": 0.6133333333333333,
  "dp_conflict_rate": 0.32666666666666666,
  "dp_intervention_rate": 0.32666666666666666,
  "cell": "het_gsaca",
  "gsaca_detected_structure": "anti_coord",
  "gsaca_oracle_structure": "anti_coord",
  "gsaca_detection_correct": true,
  "gsaca_split_score": 0.2828700259913328,
  "gsaca_warmup_episodes": 5,
  "gsaca_n_observations": 25,
  "wall_time_s": 558.6844260692596,
  "config": {
    "game": "deadlock",
    "n_agents": 2,
    "horizon": 5,
    "memory": 2,
    "models_homo": "Qwen/Qwen2.5-7B-Instruct",
    "temp_homo": 0.7,
    "tom_order": 1,
    "seed": 44,
    "cell_name": "het_gsaca",
    "gate_trust_threshold": 0.6,
    "gate_ema_alpha": 0.3,
    "atom_warmup": 3,
    "homogeneous": false,
    "use_tom": true,
    "use_talk": true,
    "adaptive_tom": true,
    "gated_talk_tom": true,
    "diversity_preserving_gate": true
  },
  "team_mean_payoff": 1.7430362361595948
}