{
  "perspective_diversity": 0.3313486351192915,
  "cooperation_payoff": 1.913333333333333,
  "cooperation_payoff_ci": [
    1.62,
    2.1799999999999997
  ],
  "equilibrium_convergence": 0.9866666666666667,
  "tom_prediction_accuracy": 0.6766666666666666,
  "tom_prediction_accuracy_ci": [
    0.6233333333333333,
    0.73
  ],
  "n_episodes": 30,
  "action_dist_agent1": [
    0.3933333333333333,
    0.6066666666666667
  ],
  "per_episode_payoffs": [
    2.0,
    2.6,
    2.0,
    0.0,
    2.8,
    0.8,
    2.0,
    2.0,
    2.8,
    1.8,
    1.6,
    1.4,
    2.8,
    1.6,
    2.0,
    2.0,
    0.0,
    2.8,
    2.8,
    1.0,
    2.0,
    2.0,
    2.6,
    0.8,
    1.8,
    1.8,
    1.6,
    2.8,
    2.4,
    2.8
  ],
  "gate_trust_rate": 0.8466666666666667,
  "gated_prediction_accuracy": 0.6566666666666666,
  "signal_accuracy": 0.6233333333333333,
  "tom_belief_accuracy_in_gated": 0.6766666666666666,
  "dp_conflict_rate": 0.2733333333333333,
  "dp_intervention_rate": 0.2733333333333333,
  "cell": "het_hist_split",
  "wall_time_s": 564.4491362571716,
  "config": {
    "game": "hawk_dove",
    "n_agents": 2,
    "horizon": 5,
    "memory": 2,
    "models_homo": "Qwen/Qwen2.5-7B-Instruct",
    "temp_homo": 0.7,
    "tom_order": 1,
    "seed": 46,
    "cell_name": "het_hist_split",
    "gate_trust_threshold": 0.6,
    "gate_ema_alpha": 0.3,
    "atom_warmup": 3,
    "homogeneous": false,
    "use_tom": true,
    "use_talk": true,
    "adaptive_tom": true,
    "gated_talk_tom": true,
    "diversity_preserving_gate": true,
    "history_split_hint": true
  },
  "team_mean_payoff": 1.3433333333333335
}