{
  "perspective_diversity": 0.1991636797904579,
  "cooperation_payoff": 2.386666666666666,
  "cooperation_payoff_ci": [
    2.1666666666666665,
    2.6000000000000005
  ],
  "equilibrium_convergence": 0.9333333333333333,
  "tom_prediction_accuracy": 0.6733333333333333,
  "tom_prediction_accuracy_ci": [
    0.62,
    0.7266666666666667
  ],
  "n_episodes": 30,
  "action_dist_agent1": [
    0.43333333333333335,
    0.5666666666666667
  ],
  "per_episode_payoffs": [
    3.2,
    2.0,
    2.0,
    2.4,
    1.6,
    2.4,
    3.0,
    2.8,
    1.8,
    3.0,
    2.6,
    2.4,
    3.2,
    3.6,
    1.6,
    1.8,
    3.0,
    2.4,
    2.4,
    2.4,
    3.2,
    2.0,
    3.2,
    1.8,
    1.0,
    2.4,
    2.0,
    1.6,
    2.6,
    2.2
  ],
  "gate_trust_rate": 0.91,
  "gated_prediction_accuracy": 0.6966666666666667,
  "signal_accuracy": 0.6733333333333333,
  "tom_belief_accuracy_in_gated": 0.6733333333333333,
  "dp_conflict_rate": 0.2733333333333333,
  "dp_intervention_rate": 0.2733333333333333,
  "cell": "het_gsaca",
  "gsaca_detected_structure": "anti_coord",
  "gsaca_oracle_structure": "anti_coord",
  "gsaca_detection_correct": true,
  "gsaca_split_score": 0.4444444444444444,
  "gsaca_warmup_episodes": 5,
  "gsaca_n_observations": 25,
  "wall_time_s": 448.6027994155884,
  "config": {
    "game": "deadlock",
    "n_agents": 2,
    "horizon": 5,
    "memory": 2,
    "models_homo": "Qwen/Qwen2.5-7B-Instruct",
    "temp_homo": 0.7,
    "tom_order": 1,
    "seed": 59,
    "cell_name": "het_gsaca",
    "gate_trust_threshold": 0.6,
    "gate_ema_alpha": 0.3,
    "atom_warmup": 3,
    "homogeneous": false,
    "use_tom": true,
    "use_talk": true,
    "adaptive_tom": true,
    "gated_talk_tom": true,
    "diversity_preserving_gate": true
  },
  "team_mean_payoff": 1.7866666666666666
}