{
  "perspective_diversity": 0.03220501035072289,
  "cooperation_payoff": 1.1866666666666665,
  "cooperation_payoff_ci": [
    1.0,
    1.3868333333333325
  ],
  "equilibrium_convergence": 0.9733333333333334,
  "tom_prediction_accuracy": 0.5233333333333333,
  "tom_prediction_accuracy_ci": [
    0.47,
    0.58
  ],
  "n_episodes": 30,
  "action_dist_agent1": [
    0.41333333333333333,
    0.5866666666666667
  ],
  "per_episode_payoffs": [
    1.2,
    1.2,
    0.8,
    1.4,
    0.8,
    1.6,
    2.2,
    1.8,
    1.4,
    1.4,
    1.6,
    0.8,
    1.2,
    1.0,
    1.0,
    1.2,
    1.4,
    1.4,
    1.0,
    1.0,
    3.0,
    0.8,
    1.4,
    0.8,
    1.6,
    0.8,
    0.4,
    0.4,
    0.4,
    0.6
  ],
  "gate_trust_rate": 0.7566666666666667,
  "gated_prediction_accuracy": 0.5433333333333333,
  "signal_accuracy": 0.5266666666666666,
  "tom_belief_accuracy_in_gated": 0.5233333333333333,
  "dp_conflict_rate": 0.37,
  "dp_intervention_rate": 0.37,
  "cell": "het_gated_atom_talk",
  "wall_time_s": 479.12945532798767,
  "config": {
    "game": "hawk_dove",
    "n_agents": 2,
    "horizon": 5,
    "memory": 2,
    "models_homo": "Qwen/Qwen2.5-7B-Instruct",
    "temp_homo": 0.7,
    "tom_order": 1,
    "seed": 52,
    "cell_name": "het_gated_atom_talk",
    "gate_trust_threshold": 0.6,
    "gate_ema_alpha": 0.3,
    "atom_warmup": 3,
    "homogeneous": false,
    "use_tom": true,
    "use_talk": true,
    "adaptive_tom": true,
    "gated_talk_tom": true,
    "diversity_preserving_gate": false
  },
  "team_mean_payoff": 0.9966666666666667
}