{
  "perspective_diversity": 0.015861501244057843,
  "cooperation_payoff": 1.7333333333333332,
  "cooperation_payoff_ci": [
    1.4600000000000004,
    1.9866666666666668
  ],
  "equilibrium_convergence": 0.7866666666666666,
  "tom_prediction_accuracy": 0.7333333333333333,
  "tom_prediction_accuracy_ci": [
    0.6833333333333333,
    0.7800833333333329
  ],
  "n_episodes": 30,
  "action_dist_agent1": [
    0.7333333333333333,
    0.26666666666666666
  ],
  "per_episode_payoffs": [
    2.0,
    1.0,
    1.4,
    2.0,
    2.4,
    1.0,
    3.0,
    2.2,
    1.6,
    -0.2,
    2.0,
    2.8,
    1.6,
    1.2,
    2.0,
    0.0,
    2.0,
    1.0,
    1.2,
    3.0,
    1.6,
    1.4,
    2.0,
    2.0,
    2.0,
    2.8,
    1.6,
    2.0,
    2.0,
    1.4
  ],
  "gate_trust_rate": 0.9066666666666666,
  "gated_prediction_accuracy": 0.7666666666666667,
  "signal_accuracy": 0.7533333333333333,
  "tom_belief_accuracy_in_gated": 0.7333333333333333,
  "dp_conflict_rate": 0.2733333333333333,
  "dp_intervention_rate": 0.2733333333333333,
  "cell": "hom_dp_gated_atom_talk",
  "wall_time_s": 1022.3339097499847,
  "config": {
    "game": "hawk_dove",
    "n_agents": 2,
    "horizon": 5,
    "memory": 2,
    "models_homo": "THUDM/GLM-4-9B-0414",
    "temp_homo": 0.7,
    "tom_order": 1,
    "seed": 42,
    "cell_name": "hom_dp_gated_atom_talk",
    "gate_trust_threshold": 0.6,
    "gate_ema_alpha": 0.3,
    "atom_warmup": 3,
    "homogeneous": true,
    "use_tom": true,
    "use_talk": true,
    "adaptive_tom": true,
    "gated_talk_tom": true,
    "diversity_preserving_gate": true
  },
  "team_mean_payoff": 1.6233333333333333
}