{
  "perspective_diversity": 0.07754295408178126,
  "cooperation_payoff": 2.648,
  "cooperation_payoff_ci": [
    2.6100000000000003,
    2.6879999999999997
  ],
  "equilibrium_convergence": 1.0,
  "tom_prediction_accuracy": 0.7091666666666666,
  "tom_prediction_accuracy_ci": [
    0.6833333333333333,
    0.7366666666666667
  ],
  "n_episodes": 20,
  "action_dist_agent1": [
    0.82,
    0.18
  ],
  "per_episode_payoffs": [
    2.6399999999999997,
    2.6399999999999997,
    2.6,
    2.7199999999999998,
    2.6399999999999997,
    2.68,
    2.6,
    2.6,
    2.64,
    2.76,
    2.88,
    2.7199999999999998,
    2.6799999999999997,
    2.7199999999999998,
    2.6,
    2.6,
    2.6,
    2.6399999999999997,
    2.4,
    2.6
  ],
  "gate_trust_rate": 0.9683333333333334,
  "gated_prediction_accuracy": 0.8833333333333333,
  "signal_accuracy": 0.905,
  "tom_belief_accuracy_in_gated": 0.7091666666666666,
  "dp_conflict_rate": 0.2808333333333333,
  "dp_intervention_rate": 0.2808333333333333,
  "cell": "het_gated_atom_talk",
  "wall_time_s": 2840.2827582359314,
  "config": {
    "game": "public_goods",
    "n_agents": 4,
    "horizon": 5,
    "memory": 2,
    "models_homo": "Qwen/Qwen2.5-7B-Instruct",
    "temp_homo": 0.7,
    "tom_order": 1,
    "seed": 44,
    "cell_name": "het_gated_atom_talk",
    "gate_trust_threshold": 0.6,
    "gate_ema_alpha": 0.3,
    "atom_warmup": 3,
    "homogeneous": false,
    "use_tom": true,
    "use_talk": true,
    "adaptive_tom": true,
    "gated_talk_tom": true,
    "diversity_preserving_gate": false
  },
  "team_mean_payoff": 2.5505
}