{
  "perspective_diversity": 0.0018287274825116474,
  "cooperation_payoff": 1.9603524553328096,
  "cooperation_payoff_ci": [
    1.627387529385895,
    2.2699887346352683
  ],
  "equilibrium_convergence": 0.9866666666666667,
  "tom_prediction_accuracy": 0.8,
  "tom_prediction_accuracy_ci": [
    0.7533333333333333,
    0.8433333333333334
  ],
  "n_episodes": 30,
  "action_dist_agent1": [
    0.7533333333333333,
    0.24666666666666667
  ],
  "per_episode_payoffs": [
    0.42071292846336394,
    2.0604971652090103,
    1.0871338021112336,
    -0.25479599544642195,
    0.7001650349806412,
    2.518893281655287,
    2.61791846170431,
    2.0088175044775833,
    3.149932826778528,
    2.5611944239421143,
    2.0850016590600897,
    1.8536784309069319,
    0.903366692795764,
    1.7747801017115972,
    3.0557962067087994,
    3.0436006700339178,
    1.3544479361678383,
    2.0508182147303935,
    2.669143866995621,
    2.620275513676622,
    0.37437574097566373,
    3.2489036225146464,
    1.3950903592593444,
    0.8830702968668138,
    2.1368351733740614,
    3.0206341402727164,
    2.4436738142900163,
    2.2872828830695577,
    1.8681439370817305,
    2.8711849656165063
  ],
  "gate_trust_rate": 0.9,
  "gated_prediction_accuracy": 0.64,
  "signal_accuracy": 0.62,
  "tom_belief_accuracy_in_gated": 0.56,
  "dp_conflict_rate": 0.26,
  "dp_intervention_rate": 0.26,
  "cell": "het_gsaca",
  "gsaca_detected_structure": "coord",
  "gsaca_oracle_structure": "coord",
  "gsaca_detection_correct": true,
  "gsaca_split_score": -2.0786536552571455,
  "gsaca_warmup_episodes": 5,
  "gsaca_n_observations": 25,
  "wall_time_s": 515.16654753685,
  "config": {
    "game": "battle_of_the_sexes",
    "n_agents": 2,
    "horizon": 5,
    "memory": 2,
    "models_homo": "Qwen/Qwen2.5-7B-Instruct",
    "temp_homo": 0.7,
    "tom_order": 1,
    "seed": 43,
    "cell_name": "het_gsaca",
    "gate_trust_threshold": 0.6,
    "gate_ema_alpha": 0.3,
    "atom_warmup": 3,
    "homogeneous": false,
    "use_tom": true,
    "use_talk": true,
    "adaptive_tom": true,
    "gated_talk_tom": true,
    "diversity_preserving_gate": true
  },
  "team_mean_payoff": 1.7763695694929285
}