{
  "perspective_diversity": 0.010092486853555127,
  "cooperation_payoff": 2.6,
  "cooperation_payoff_ci": [
    2.286666666666667,
    2.913333333333333
  ],
  "equilibrium_convergence": 0.9333333333333333,
  "tom_prediction_accuracy": 0.7666666666666667,
  "tom_prediction_accuracy_ci": [
    0.72,
    0.8133333333333334
  ],
  "n_episodes": 30,
  "action_dist_agent1": [
    0.8066666666666666,
    0.19333333333333333
  ],
  "per_episode_payoffs": [
    1.6,
    3.0,
    1.2,
    2.2,
    2.2,
    3.0,
    3.4,
    0.4,
    3.0,
    3.0,
    3.0,
    3.0,
    3.8,
    3.0,
    3.0,
    3.8,
    2.6,
    1.6,
    3.0,
    2.4,
    2.6,
    3.0,
    1.8,
    3.8,
    3.8,
    3.0,
    3.0,
    2.2,
    1.8,
    0.8
  ],
  "gate_trust_rate": 0.9266666666666666,
  "gated_prediction_accuracy": 0.79,
  "signal_accuracy": 0.7833333333333333,
  "tom_belief_accuracy_in_gated": 0.7666666666666667,
  "dp_conflict_rate": 0.30333333333333334,
  "dp_intervention_rate": 0.30333333333333334,
  "cell": "hom_gated_atom_talk",
  "wall_time_s": 830.8090622425079,
  "config": {
    "game": "chicken",
    "n_agents": 2,
    "horizon": 5,
    "memory": 2,
    "models_homo": "THUDM/GLM-4-9B-0414",
    "temp_homo": 0.7,
    "tom_order": 1,
    "seed": 42,
    "cell_name": "hom_gated_atom_talk",
    "gate_trust_threshold": 0.6,
    "gate_ema_alpha": 0.3,
    "atom_warmup": 3,
    "homogeneous": true,
    "use_tom": true,
    "use_talk": true,
    "adaptive_tom": true,
    "gated_talk_tom": true,
    "diversity_preserving_gate": false
  },
  "team_mean_payoff": 2.72
}