{
  "perspective_diversity": 0.2477683900515423,
  "cooperation_payoff": 2.9333333333333322,
  "cooperation_payoff_ci": [
    2.513333333333333,
    3.339999999999999
  ],
  "equilibrium_convergence": 0.9733333333333334,
  "tom_prediction_accuracy": 0.68,
  "tom_prediction_accuracy_ci": [
    0.6266666666666667,
    0.7333333333333333
  ],
  "n_episodes": 30,
  "action_dist_agent1": [
    0.29333333333333333,
    0.7066666666666667
  ],
  "per_episode_payoffs": [
    2.2,
    1.8,
    1.2,
    1.4,
    3.6,
    3.6,
    2.6,
    2.0,
    4.6,
    4.2,
    1.8,
    4.6,
    1.0,
    4.6,
    1.6,
    3.6,
    2.6,
    4.6,
    4.2,
    2.6,
    3.6,
    1.6,
    2.6,
    4.6,
    4.6,
    2.6,
    2.6,
    3.6,
    1.6,
    2.2
  ],
  "gate_trust_rate": 0.8866666666666667,
  "gated_prediction_accuracy": 0.6433333333333333,
  "signal_accuracy": 0.6633333333333333,
  "tom_belief_accuracy_in_gated": 0.68,
  "dp_conflict_rate": 0.24333333333333335,
  "dp_intervention_rate": 0.24333333333333335,
  "cell": "het_dp_gated_atom_talk",
  "wall_time_s": 502.1129801273346,
  "config": {
    "game": "chicken",
    "n_agents": 2,
    "horizon": 5,
    "memory": 2,
    "models_homo": "Qwen/Qwen2.5-7B-Instruct",
    "temp_homo": 0.7,
    "tom_order": 1,
    "seed": 61,
    "cell_name": "het_dp_gated_atom_talk",
    "gate_trust_threshold": 0.6,
    "gate_ema_alpha": 0.3,
    "atom_warmup": 3,
    "homogeneous": false,
    "use_tom": true,
    "use_talk": true,
    "adaptive_tom": true,
    "gated_talk_tom": true,
    "diversity_preserving_gate": true
  },
  "team_mean_payoff": 2.2399999999999998
}