{
  "perspective_diversity": 1.790426829373546,
  "cooperation_payoff": 0.5666666666666667,
  "cooperation_payoff_ci": [0.4866666666666667, 0.6533333333333332],
  "equilibrium_convergence": 0.9333333333333333,
  "tom_prediction_accuracy": NaN,
  "tom_prediction_accuracy_ci": [NaN, NaN],
  "n_episodes": 30,
  "action_dist_agent1": [0.8066666666666666, 0.19333333333333333],
  "per_episode_payoffs": [0.4,0.6,0.4,0.8,0.6,1.0,0.4,0.4,0.4,0.6,1.0,0.4,1.0,1.0,0.6,0.4,0.4,0.4,0.4,0.4,0.4,0.4,0.8,0.4,0.4,0.4,0.4,1.0,0.8,0.4],
  "cell": "het_notom",
  "wall_time_s": 19.046286582946777,
  "config": {"game":"stag_hunt","n_agents":null,"horizon":5,"memory":2,"models_homo":"Qwen/Qwen2.5-3B-Instruct","temp_homo":0.7,"tom_order":1,"seed":3,"homogeneous":false,"use_tom":false,"cell_name":"het_notom"}
}