{
  "perspective_diversity": 0.2190363738448567,
  "cooperation_payoff": 2.8133333333333326,
  "cooperation_payoff_ci": [
    2.3999999999999995,
    3.2268333333333317
  ],
  "equilibrium_convergence": 0.9866666666666667,
  "tom_prediction_accuracy": 0.5766666666666667,
  "tom_prediction_accuracy_ci": [
    0.52,
    0.6333333333333333
  ],
  "n_episodes": 30,
  "action_dist_agent1": [
    0.3,
    0.7
  ],
  "per_episode_payoffs": [
    4.6,
    3.2,
    2.6,
    1.2,
    1.6,
    3.6,
    3.6,
    3.6,
    4.6,
    2.8,
    4.6,
    1.8,
    1.6,
    0.8,
    2.6,
    2.8,
    3.6,
    1.8,
    4.2,
    2.6,
    3.6,
    2.2,
    1.4,
    1.0,
    1.8,
    4.6,
    3.6,
    1.6,
    4.6,
    2.2
  ],
  "gate_trust_rate": 0.9166666666666666,
  "gated_prediction_accuracy": 0.67,
  "signal_accuracy": 0.72,
  "tom_belief_accuracy_in_gated": 0.5766666666666667,
  "dp_conflict_rate": 0.30333333333333334,
  "dp_intervention_rate": 0.30333333333333334,
  "cell": "het_dp_gated_atom_talk",
  "wall_time_s": 435.6257207393646,
  "config": {
    "game": "chicken",
    "n_agents": 2,
    "horizon": 5,
    "memory": 2,
    "models_homo": "Qwen/Qwen2.5-7B-Instruct",
    "temp_homo": 0.7,
    "tom_order": 1,
    "seed": 46,
    "cell_name": "het_dp_gated_atom_talk",
    "gate_trust_threshold": 0.6,
    "gate_ema_alpha": 0.3,
    "atom_warmup": 3,
    "homogeneous": false,
    "use_tom": true,
    "use_talk": true,
    "adaptive_tom": true,
    "gated_talk_tom": true,
    "diversity_preserving_gate": true
  },
  "team_mean_payoff": 2.1599999999999997
}