{
  "perspective_diversity": 0.24822596299599722,
  "cooperation_payoff": 2.4599999999999995,
  "cooperation_payoff_ci": [
    2.273333333333333,
    2.64
  ],
  "equilibrium_convergence": 0.9866666666666667,
  "tom_prediction_accuracy": 0.6433333333333333,
  "tom_prediction_accuracy_ci": [
    0.5866666666666667,
    0.6934166666666662
  ],
  "n_episodes": 30,
  "action_dist_agent1": [
    0.47333333333333333,
    0.5266666666666666
  ],
  "per_episode_payoffs": [
    1.6,
    2.4,
    1.6,
    3.2,
    2.4,
    2.6,
    2.6,
    2.2,
    2.0,
    2.6,
    2.8,
    2.0,
    3.2,
    1.8,
    3.2,
    2.2,
    2.6,
    3.2,
    2.8,
    2.6,
    1.6,
    3.2,
    2.6,
    1.8,
    1.8,
    3.2,
    2.0,
    2.6,
    2.6,
    2.8
  ],
  "gate_trust_rate": 0.9333333333333333,
  "gated_prediction_accuracy": 0.7,
  "signal_accuracy": 0.6933333333333334,
  "tom_belief_accuracy_in_gated": 0.6433333333333333,
  "dp_conflict_rate": 0.25666666666666665,
  "dp_intervention_rate": 0.25666666666666665,
  "cell": "het_adapt_interv",
  "wall_time_s": 518.3399660587311,
  "config": {
    "game": "deadlock",
    "n_agents": 2,
    "horizon": 5,
    "memory": 2,
    "models_homo": "Qwen/Qwen2.5-7B-Instruct",
    "temp_homo": 0.7,
    "tom_order": 1,
    "seed": 43,
    "cell_name": "het_adapt_interv",
    "gate_trust_threshold": 0.6,
    "gate_ema_alpha": 0.3,
    "atom_warmup": 3,
    "homogeneous": false,
    "use_tom": true,
    "use_talk": true,
    "adaptive_tom": true,
    "gated_talk_tom": true,
    "diversity_preserving_gate": true,
    "adaptive_intervention": true,
    "adaptive_interv_threshold": 0.3
  },
  "team_mean_payoff": 1.8199999999999998
}