{
  "perspective_diversity": 0.02966716256810012,
  "cooperation_payoff": 2.0800000000000005,
  "cooperation_payoff_ci": [
    1.8798333333333335,
    2.293333333333334
  ],
  "equilibrium_convergence": 0.9866666666666667,
  "tom_prediction_accuracy": 0.47,
  "tom_prediction_accuracy_ci": [
    0.41333333333333333,
    0.5266666666666666
  ],
  "n_episodes": 30,
  "action_dist_agent1": [
    0.34,
    0.66
  ],
  "per_episode_payoffs": [
    2.2,
    1.6,
    2.6,
    2.4,
    2.2,
    1.6,
    1.2,
    1.6,
    2.4,
    2.2,
    2.0,
    2.0,
    1.6,
    1.8,
    2.2,
    3.2,
    1.4,
    2.0,
    1.4,
    3.2,
    1.6,
    3.2,
    1.6,
    1.4,
    1.8,
    2.6,
    2.6,
    1.6,
    3.2,
    2.0
  ],
  "gate_trust_rate": 0.7833333333333333,
  "gated_prediction_accuracy": 0.5533333333333333,
  "signal_accuracy": 0.61,
  "tom_belief_accuracy_in_gated": 0.47,
  "dp_conflict_rate": 0.43333333333333335,
  "dp_intervention_rate": 0.43333333333333335,
  "cell": "hom_dp_gated_atom_talk",
  "wall_time_s": 432.449903011322,
  "config": {
    "game": "chicken",
    "n_agents": 2,
    "horizon": 5,
    "memory": 2,
    "models_homo": "Qwen/Qwen2.5-7B-Instruct",
    "temp_homo": 0.7,
    "tom_order": 1,
    "seed": 44,
    "cell_name": "hom_dp_gated_atom_talk",
    "gate_trust_threshold": 0.6,
    "gate_ema_alpha": 0.3,
    "atom_warmup": 3,
    "homogeneous": true,
    "use_tom": true,
    "use_talk": true,
    "adaptive_tom": true,
    "gated_talk_tom": true,
    "diversity_preserving_gate": true
  },
  "team_mean_payoff": 1.8399999999999999
}