{
  "perspective_diversity": 0.37135081789464214,
  "cooperation_payoff": 2.999999999999999,
  "cooperation_payoff_ci": [
    2.6399999999999997,
    3.3599999999999994
  ],
  "equilibrium_convergence": 0.9733333333333333,
  "tom_prediction_accuracy": 0.6533333333333333,
  "tom_prediction_accuracy_ci": [
    0.6,
    0.71
  ],
  "n_episodes": 30,
  "action_dist_agent1": [
    0.26666666666666666,
    0.7333333333333333
  ],
  "per_episode_payoffs": [
    4.6,
    2.6,
    2.6,
    1.6,
    1.8,
    1.8,
    2.2,
    2.6,
    2.2,
    3.6,
    3.2,
    3.2,
    3.6,
    4.6,
    2.6,
    2.2,
    3.6,
    2.2,
    2.6,
    4.6,
    4.6,
    3.6,
    4.2,
    3.6,
    2.6,
    2.8,
    1.6,
    4.6,
    1.8,
    2.6
  ],
  "gate_trust_rate": 0.9433333333333334,
  "gated_prediction_accuracy": 0.7066666666666667,
  "signal_accuracy": 0.6966666666666667,
  "tom_belief_accuracy_in_gated": 0.6533333333333333,
  "dp_conflict_rate": 0.21,
  "dp_intervention_rate": 0.21,
  "cell": "het_gsaca",
  "gsaca_detected_structure": "anti_coord",
  "gsaca_oracle_structure": "anti_coord",
  "gsaca_detection_correct": true,
  "gsaca_split_score": 1.9285714285714286,
  "gsaca_warmup_episodes": 5,
  "gsaca_n_observations": 25,
  "wall_time_s": 523.3614435195923,
  "config": {
    "game": "chicken",
    "n_agents": 2,
    "horizon": 5,
    "memory": 2,
    "models_homo": "Qwen/Qwen2.5-7B-Instruct",
    "temp_homo": 0.7,
    "tom_order": 1,
    "seed": 44,
    "cell_name": "het_gsaca",
    "homogeneous": false,
    "use_tom": true,
    "use_talk": true,
    "adaptive_tom": true,
    "gated_talk_tom": true,
    "diversity_preserving_gate": true
  },
  "team_mean_payoff": 2.1599999999999997
}