{
  "perspective_diversity": 0.21151774102630685,
  "cooperation_payoff": 1.773333333333333,
  "cooperation_payoff_ci": [
    1.4264999999999999,
    2.113333333333333
  ],
  "equilibrium_convergence": 0.9733333333333334,
  "tom_prediction_accuracy": 0.6466666666666666,
  "tom_prediction_accuracy_ci": [
    0.5933333333333334,
    0.7
  ],
  "n_episodes": 30,
  "action_dist_agent1": [
    0.44,
    0.56
  ],
  "per_episode_payoffs": [
    2.8,
    2.6,
    1.8,
    1.6,
    2.8,
    2.8,
    1.6,
    1.6,
    2.8,
    -0.2,
    1.8,
    1.4,
    2.6,
    1.8,
    2.4,
    2.4,
    2.8,
    0.4,
    0.2,
    2.6,
    2.8,
    2.0,
    1.0,
    2.4,
    2.4,
    -0.2,
    1.4,
    0.8,
    0.0,
    2.0
  ],
  "gate_trust_rate": 0.81,
  "gated_prediction_accuracy": 0.6533333333333333,
  "signal_accuracy": 0.61,
  "tom_belief_accuracy_in_gated": 0.6466666666666666,
  "dp_conflict_rate": 0.38333333333333336,
  "dp_intervention_rate": 0.38333333333333336,
  "cell": "het_hist_split",
  "wall_time_s": 579.2869324684143,
  "config": {
    "game": "hawk_dove",
    "n_agents": 2,
    "horizon": 5,
    "memory": 2,
    "models_homo": "Qwen/Qwen2.5-7B-Instruct",
    "temp_homo": 0.7,
    "tom_order": 1,
    "seed": 42,
    "cell_name": "het_hist_split",
    "gate_trust_threshold": 0.6,
    "gate_ema_alpha": 0.3,
    "atom_warmup": 3,
    "homogeneous": false,
    "use_tom": true,
    "use_talk": true,
    "adaptive_tom": true,
    "gated_talk_tom": true,
    "diversity_preserving_gate": true,
    "history_split_hint": true
  },
  "team_mean_payoff": 1.3133333333333335
}