{
  "perspective_diversity": 0.3427247435762987,
  "cooperation_payoff": 1.5400000000000003,
  "cooperation_payoff_ci": [
    1.2733333333333334,
    1.8133333333333332
  ],
  "equilibrium_convergence": 0.9466666666666667,
  "tom_prediction_accuracy": 0.5966666666666667,
  "tom_prediction_accuracy_ci": [
    0.54,
    0.6533333333333333
  ],
  "n_episodes": 30,
  "action_dist_agent1": [
    0.84,
    0.16
  ],
  "per_episode_payoffs": [
    2.8,
    1.0,
    0.6,
    2.8,
    0.6,
    1.2,
    1.0,
    1.0,
    1.6,
    0.6,
    0.0,
    1.6,
    2.8,
    1.6,
    1.2,
    0.6,
    2.2,
    1.6,
    1.0,
    0.6,
    1.8,
    1.8,
    1.0,
    2.2,
    2.2,
    2.2,
    2.6,
    2.8,
    1.6,
    1.6
  ],
  "gate_trust_rate": 0.8733333333333333,
  "gated_prediction_accuracy": 0.6833333333333333,
  "signal_accuracy": 0.7166666666666667,
  "tom_belief_accuracy_in_gated": 0.5966666666666667,
  "dp_conflict_rate": 0.37333333333333335,
  "dp_intervention_rate": 0.37333333333333335,
  "cell": "het_dp_gated_atom_talk",
  "wall_time_s": 413.5271112918854,
  "config": {
    "game": "battle_of_the_sexes",
    "n_agents": 2,
    "horizon": 5,
    "memory": 2,
    "models_homo": "Qwen/Qwen2.5-7B-Instruct",
    "temp_homo": 0.7,
    "tom_order": 1,
    "seed": 61,
    "cell_name": "het_dp_gated_atom_talk",
    "gate_trust_threshold": 0.6,
    "gate_ema_alpha": 0.3,
    "atom_warmup": 3,
    "homogeneous": false,
    "use_tom": true,
    "use_talk": true,
    "adaptive_tom": true,
    "gated_talk_tom": true,
    "diversity_preserving_gate": true
  },
  "team_mean_payoff": 1.4
}