{
  "perspective_diversity": 0.20352669078386978,
  "cooperation_payoff": 1.66,
  "cooperation_payoff_ci": [
    1.3998333333333337,
    1.9200000000000002
  ],
  "equilibrium_convergence": 0.9733333333333334,
  "tom_prediction_accuracy": 0.5633333333333334,
  "tom_prediction_accuracy_ci": [
    0.5066666666666667,
    0.6166666666666667
  ],
  "n_episodes": 30,
  "action_dist_agent1": [
    0.8133333333333334,
    0.18666666666666668
  ],
  "per_episode_payoffs": [
    2.4,
    0.6,
    2.6,
    1.0,
    1.2,
    1.6,
    1.2,
    1.6,
    1.0,
    3.0,
    2.2,
    2.2,
    0.6,
    0.0,
    2.2,
    1.8,
    1.0,
    1.2,
    2.2,
    2.8,
    1.0,
    1.6,
    2.2,
    1.6,
    0.6,
    2.8,
    1.6,
    1.6,
    2.8,
    1.6
  ],
  "gate_trust_rate": 0.9166666666666666,
  "gated_prediction_accuracy": 0.74,
  "signal_accuracy": 0.7433333333333333,
  "tom_belief_accuracy_in_gated": 0.5633333333333334,
  "dp_conflict_rate": 0.34,
  "dp_intervention_rate": 0.34,
  "cell": "het_dp_gated_atom_talk",
  "wall_time_s": 514.0192639827728,
  "config": {
    "game": "battle_of_the_sexes",
    "n_agents": 2,
    "horizon": 5,
    "memory": 2,
    "models_homo": "Qwen/Qwen2.5-7B-Instruct",
    "temp_homo": 0.7,
    "tom_order": 1,
    "seed": 42,
    "cell_name": "het_dp_gated_atom_talk",
    "gate_trust_threshold": 0.6,
    "gate_ema_alpha": 0.3,
    "atom_warmup": 3,
    "homogeneous": false,
    "use_tom": true,
    "use_talk": true,
    "adaptive_tom": true,
    "gated_talk_tom": true,
    "diversity_preserving_gate": true
  },
  "team_mean_payoff": 1.5
}