{
  "perspective_diversity": 0.01786760853093486,
  "cooperation_payoff": 1.9333333333333336,
  "cooperation_payoff_ci": [
    1.7733333333333332,
    2.093333333333333
  ],
  "equilibrium_convergence": 0.96,
  "tom_prediction_accuracy": 0.6766666666666666,
  "tom_prediction_accuracy_ci": [
    0.62,
    0.7266666666666667
  ],
  "n_episodes": 30,
  "action_dist_agent1": [
    0.5133333333333333,
    0.4866666666666667
  ],
  "per_episode_payoffs": [
    1.8,
    1.4,
    2.4,
    2.0,
    2.8,
    2.0,
    1.8,
    1.4,
    2.4,
    0.8,
    2.0,
    3.0,
    2.0,
    1.8,
    1.8,
    1.8,
    1.6,
    1.6,
    1.6,
    1.8,
    1.4,
    2.4,
    1.8,
    2.0,
    1.8,
    2.0,
    2.2,
    2.2,
    2.6,
    1.8
  ],
  "gate_trust_rate": 0.93,
  "gated_prediction_accuracy": 0.7,
  "signal_accuracy": 0.6566666666666666,
  "tom_belief_accuracy_in_gated": 0.6766666666666666,
  "dp_conflict_rate": 0.26666666666666666,
  "dp_intervention_rate": 0.26666666666666666,
  "cell": "het_gated_atom_talk",
  "wall_time_s": 505.1199426651001,
  "config": {
    "game": "deadlock",
    "n_agents": 2,
    "horizon": 5,
    "memory": 2,
    "models_homo": "Qwen/Qwen2.5-7B-Instruct",
    "temp_homo": 0.7,
    "tom_order": 1,
    "seed": 59,
    "cell_name": "het_gated_atom_talk",
    "gate_trust_threshold": 0.6,
    "gate_ema_alpha": 0.3,
    "atom_warmup": 3,
    "homogeneous": false,
    "use_tom": true,
    "use_talk": true,
    "adaptive_tom": true,
    "gated_talk_tom": true,
    "diversity_preserving_gate": false
  },
  "team_mean_payoff": 1.7466666666666664
}