{
  "perspective_diversity": 0.2573165536321891,
  "cooperation_payoff": 2.846666666666666,
  "cooperation_payoff_ci": [
    2.56,
    3.146833333333332
  ],
  "equilibrium_convergence": 0.9466666666666667,
  "tom_prediction_accuracy": 0.6833333333333333,
  "tom_prediction_accuracy_ci": [
    0.63,
    0.7366666666666667
  ],
  "n_episodes": 30,
  "action_dist_agent1": [
    0.28,
    0.72
  ],
  "per_episode_payoffs": [
    4.6,
    2.6,
    3.6,
    2.2,
    2.6,
    2.2,
    3.2,
    2.2,
    1.6,
    4.6,
    3.6,
    3.2,
    2.8,
    2.2,
    2.6,
    2.2,
    3.6,
    3.6,
    2.8,
    1.6,
    3.2,
    3.6,
    2.6,
    2.2,
    4.2,
    2.2,
    2.6,
    1.8,
    3.6,
    1.8
  ],
  "gate_trust_rate": 0.9333333333333333,
  "gated_prediction_accuracy": 0.6866666666666666,
  "signal_accuracy": 0.7,
  "tom_belief_accuracy_in_gated": 0.6833333333333333,
  "dp_conflict_rate": 0.27666666666666667,
  "dp_intervention_rate": 0.27666666666666667,
  "cell": "het_dp_gated_atom_talk",
  "wall_time_s": 476.6572594642639,
  "config": {
    "game": "chicken",
    "n_agents": 2,
    "horizon": 5,
    "memory": 2,
    "models_homo": "Qwen/Qwen2.5-7B-Instruct",
    "temp_homo": 0.7,
    "tom_order": 1,
    "seed": 50,
    "cell_name": "het_dp_gated_atom_talk",
    "gate_trust_threshold": 0.6,
    "gate_ema_alpha": 0.3,
    "atom_warmup": 3,
    "homogeneous": false,
    "use_tom": true,
    "use_talk": true,
    "adaptive_tom": true,
    "gated_talk_tom": true,
    "diversity_preserving_gate": true
  },
  "team_mean_payoff": 2.1399999999999997
}