{
  "perspective_diversity": 0.34601976623790887,
  "cooperation_payoff": 2.7473715773322858,
  "cooperation_payoff_ci": [
    2.1816898303071186,
    3.270962786379514
  ],
  "equilibrium_convergence": 0.9466666666666667,
  "tom_prediction_accuracy": 0.63,
  "tom_prediction_accuracy_ci": [
    0.5733333333333334,
    0.6833333333333333
  ],
  "n_episodes": 30,
  "action_dist_agent1": [
    0.26666666666666666,
    0.7333333333333333
  ],
  "per_episode_payoffs": [
    1.8414258569267279,
    5.520994330418021,
    4.574267604222468,
    -0.9095919908928438,
    -0.19966993003871739,
    3.8377865633105728,
    5.0358369234086195,
    3.217635008955166,
    2.099865653557056,
    2.1223888478842285,
    1.5700033181201793,
    1.7073568618138637,
    1.0067333855915277,
    3.3495602034231937,
    3.7115924134175984,
    3.687201340067836,
    3.108895872335677,
    5.101636429460787,
    3.9382877339912428,
    3.040551027353245,
    1.3487514819513273,
    3.097807245029292,
    2.190180718518689,
    1.166140593733628,
    4.273670346748123,
    3.2412682805454325,
    3.487347628580033,
    1.3745657661391157,
    2.536287874163461,
    2.3423699312330113
  ],
  "gate_trust_rate": 0.91,
  "gated_prediction_accuracy": 0.6766666666666666,
  "signal_accuracy": 0.7333333333333333,
  "tom_belief_accuracy_in_gated": 0.63,
  "dp_conflict_rate": 0.31666666666666665,
  "dp_intervention_rate": 0.31666666666666665,
  "cell": "het_gsaca",
  "gsaca_detected_structure": "anti_coord",
  "gsaca_oracle_structure": "anti_coord",
  "gsaca_detection_correct": true,
  "gsaca_split_score": 2.4199844115714857,
  "gsaca_warmup_episodes": 5,
  "gsaca_n_observations": 25,
  "wall_time_s": 522.4270555973053,
  "config": {
    "game": "chicken",
    "n_agents": 2,
    "horizon": 5,
    "memory": 2,
    "models_homo": "Qwen/Qwen2.5-7B-Instruct",
    "temp_homo": 0.7,
    "tom_order": 1,
    "seed": 42,
    "cell_name": "het_gsaca",
    "gate_trust_threshold": 0.6,
    "gate_ema_alpha": 0.3,
    "atom_warmup": 3,
    "homogeneous": false,
    "use_tom": true,
    "use_talk": true,
    "adaptive_tom": true,
    "gated_talk_tom": true,
    "diversity_preserving_gate": true
  },
  "team_mean_payoff": 2.04607247231919
}