{
  "perspective_diversity": 0.3171067733057379,
  "cooperation_payoff": 2.4336857886661436,
  "cooperation_payoff_ci": [
    2.168182781311713,
    2.691344707673709
  ],
  "equilibrium_convergence": 0.9733333333333334,
  "tom_prediction_accuracy": 0.6233333333333333,
  "tom_prediction_accuracy_ci": [
    0.57,
    0.68
  ],
  "n_episodes": 30,
  "action_dist_agent1": [
    0.36,
    0.64
  ],
  "per_episode_payoffs": [
    2.420712928463364,
    2.0604971652090103,
    2.887133802111234,
    0.745204004553578,
    1.7001650349806412,
    2.7188932816552867,
    3.81791846170431,
    3.4088175044775832,
    3.149932826778528,
    2.1611944239421144,
    3.2850016590600903,
    2.453678430906932,
    3.103366692795764,
    2.174780101711597,
    3.255796206708799,
    3.0436006700339187,
    3.3544479361678383,
    2.4508182147303934,
    2.0691438669956215,
    2.620275513676622,
    0.5743757409756637,
    2.4489036225146465,
    2.3950903592593447,
    1.2830702968668142,
    2.1368351733740614,
    2.8206341402727166,
    2.4436738142900163,
    1.487282883069558,
    2.4681439370817304,
    2.0711849656165056
  ],
  "gate_trust_rate": 0.9266666666666666,
  "gated_prediction_accuracy": 0.6333333333333333,
  "signal_accuracy": 0.66,
  "tom_belief_accuracy_in_gated": 0.6233333333333333,
  "dp_conflict_rate": 0.27,
  "dp_intervention_rate": 0.27,
  "cell": "het_gsaca",
  "gsaca_detected_structure": "anti_coord",
  "gsaca_oracle_structure": "anti_coord",
  "gsaca_detection_correct": true,
  "gsaca_split_score": 1.1091910464987238,
  "gsaca_warmup_episodes": 5,
  "gsaca_n_observations": 25,
  "wall_time_s": 608.4307143688202,
  "config": {
    "game": "deadlock",
    "n_agents": 2,
    "horizon": 5,
    "memory": 2,
    "models_homo": "Qwen/Qwen2.5-7B-Instruct",
    "temp_homo": 0.7,
    "tom_order": 1,
    "seed": 46,
    "cell_name": "het_gsaca",
    "gate_trust_threshold": 0.6,
    "gate_ema_alpha": 0.3,
    "atom_warmup": 3,
    "homogeneous": false,
    "use_tom": true,
    "use_talk": true,
    "adaptive_tom": true,
    "gated_talk_tom": true,
    "diversity_preserving_gate": true
  },
  "team_mean_payoff": 1.7297029028262614
}