{
  "perspective_diversity": 0.03489976475244233,
  "cooperation_payoff": 2.6333333333333337,
  "cooperation_payoff_ci": [
    2.333333333333334,
    2.926666666666667
  ],
  "equilibrium_convergence": 0.9866666666666666,
  "tom_prediction_accuracy": 0.7,
  "tom_prediction_accuracy_ci": [
    0.65,
    0.75
  ],
  "n_episodes": 30,
  "action_dist_agent1": [
    0.5533333333333333,
    0.44666666666666666
  ],
  "per_episode_payoffs": [
    1.8,
    4.2,
    3.0,
    3.0,
    1.0,
    1.6,
    1.0,
    3.0,
    2.2,
    3.0,
    3.2,
    3.0,
    3.0,
    2.4,
    0.8,
    3.0,
    3.0,
    4.0,
    2.4,
    3.0,
    3.2,
    3.0,
    3.0,
    2.2,
    2.0,
    2.4,
    2.2,
    3.0,
    3.4,
    3.0
  ],
  "gate_trust_rate": 0.8666666666666667,
  "gated_prediction_accuracy": 0.7066666666666667,
  "signal_accuracy": 0.6733333333333333,
  "tom_belief_accuracy_in_gated": 0.7,
  "dp_conflict_rate": 0.26666666666666666,
  "dp_intervention_rate": 0.26666666666666666,
  "cell": "het_gated_atom_talk",
  "wall_time_s": 449.84447717666626,
  "config": {
    "game": "chicken",
    "n_agents": 2,
    "horizon": 5,
    "memory": 2,
    "models_homo": "Qwen/Qwen2.5-7B-Instruct",
    "temp_homo": 0.7,
    "tom_order": 1,
    "seed": 47,
    "cell_name": "het_gated_atom_talk",
    "gate_trust_threshold": 0.6,
    "gate_ema_alpha": 0.3,
    "atom_warmup": 3,
    "homogeneous": false,
    "use_tom": true,
    "use_talk": true,
    "adaptive_tom": true,
    "gated_talk_tom": true,
    "diversity_preserving_gate": false
  },
  "team_mean_payoff": 2.38
}