{
  "perspective_diversity": 0.025138488012577676,
  "cooperation_payoff": 2.5933333333333337,
  "cooperation_payoff_ci": [
    2.3600000000000003,
    2.8
  ],
  "equilibrium_convergence": 0.9600000000000001,
  "tom_prediction_accuracy": 0.7066666666666667,
  "tom_prediction_accuracy_ci": [
    0.6566666666666666,
    0.7566666666666667
  ],
  "n_episodes": 30,
  "action_dist_agent1": [
    0.58,
    0.42
  ],
  "per_episode_payoffs": [
    2.6,
    2.0,
    3.0,
    2.8,
    3.2,
    3.0,
    3.0,
    3.0,
    3.0,
    3.0,
    3.0,
    3.0,
    3.0,
    3.0,
    2.6,
    3.0,
    3.2,
    1.4,
    2.4,
    2.2,
    2.6,
    1.2,
    2.8,
    3.0,
    2.2,
    1.2,
    3.2,
    3.0,
    1.4,
    1.8
  ],
  "gate_trust_rate": 0.9033333333333333,
  "gated_prediction_accuracy": 0.71,
  "signal_accuracy": 0.6866666666666666,
  "tom_belief_accuracy_in_gated": 0.7066666666666667,
  "dp_conflict_rate": 0.22,
  "dp_intervention_rate": 0.22,
  "cell": "het_gated_atom_talk",
  "wall_time_s": 489.28262186050415,
  "config": {
    "game": "chicken",
    "n_agents": 2,
    "horizon": 5,
    "memory": 2,
    "models_homo": "Qwen/Qwen2.5-7B-Instruct",
    "temp_homo": 0.7,
    "tom_order": 1,
    "seed": 44,
    "cell_name": "het_gated_atom_talk",
    "homogeneous": false,
    "use_tom": true,
    "use_talk": true,
    "adaptive_tom": true,
    "gated_talk_tom": true,
    "diversity_preserving_gate": false
  },
  "team_mean_payoff": 2.38
}