{
  "perspective_diversity": 0.3564118538137947,
  "cooperation_payoff": 2.586666666666667,
  "cooperation_payoff_ci": [
    2.4,
    2.7601666666666658
  ],
  "equilibrium_convergence": 0.96,
  "tom_prediction_accuracy": 0.6066666666666667,
  "tom_prediction_accuracy_ci": [
    0.5466666666666666,
    0.66
  ],
  "n_episodes": 30,
  "action_dist_agent1": [
    0.43333333333333335,
    0.5666666666666667
  ],
  "per_episode_payoffs": [
    2.6,
    3.0,
    2.2,
    2.2,
    2.0,
    2.6,
    2.8,
    2.0,
    3.6,
    2.2,
    2.0,
    3.2,
    3.2,
    3.0,
    3.2,
    2.6,
    2.2,
    1.6,
    1.8,
    2.2,
    1.8,
    2.6,
    3.2,
    2.6,
    2.6,
    2.4,
    3.2,
    3.2,
    3.2,
    2.6
  ],
  "gate_trust_rate": 0.96,
  "gated_prediction_accuracy": 0.7133333333333334,
  "signal_accuracy": 0.7133333333333334,
  "tom_belief_accuracy_in_gated": 0.6066666666666667,
  "dp_conflict_rate": 0.31333333333333335,
  "dp_intervention_rate": 0.31333333333333335,
  "cell": "het_role_asym",
  "wall_time_s": 617.2917990684509,
  "config": {
    "game": "deadlock",
    "n_agents": 2,
    "horizon": 5,
    "memory": 2,
    "models_homo": "Qwen/Qwen2.5-7B-Instruct",
    "temp_homo": 0.7,
    "tom_order": 1,
    "seed": 42,
    "cell_name": "het_role_asym",
    "gate_trust_threshold": 0.6,
    "gate_ema_alpha": 0.3,
    "atom_warmup": 3,
    "homogeneous": false,
    "use_tom": true,
    "use_talk": true,
    "adaptive_tom": true,
    "gated_talk_tom": true,
    "diversity_preserving_gate": true,
    "role_asymmetric_hint": true
  },
  "team_mean_payoff": 1.8266666666666667
}