{
  "perspective_diversity": 0.22064428246980117,
  "cooperation_payoff": 2.433333333333334,
  "cooperation_payoff_ci": [
    2.2600000000000002,
    2.6066666666666665
  ],
  "equilibrium_convergence": 0.9466666666666667,
  "tom_prediction_accuracy": 0.6233333333333333,
  "tom_prediction_accuracy_ci": [
    0.5666666666666667,
    0.6766666666666666
  ],
  "n_episodes": 30,
  "action_dist_agent1": [
    0.4666666666666667,
    0.5333333333333333
  ],
  "per_episode_payoffs": [
    2.2,
    3.6,
    3.0,
    3.0,
    2.8,
    2.0,
    3.2,
    2.2,
    2.8,
    2.4,
    2.4,
    1.8,
    2.8,
    3.0,
    2.2,
    1.6,
    2.2,
    2.6,
    2.2,
    2.6,
    2.4,
    2.2,
    1.8,
    2.6,
    2.6,
    2.4,
    1.8,
    3.0,
    1.4,
    2.2
  ],
  "gate_trust_rate": 0.9166666666666666,
  "gated_prediction_accuracy": 0.6933333333333334,
  "signal_accuracy": 0.6566666666666666,
  "tom_belief_accuracy_in_gated": 0.6233333333333333,
  "dp_conflict_rate": 0.29333333333333333,
  "dp_intervention_rate": 0.29333333333333333,
  "cell": "het_dp_gated_atom_talk",
  "wall_time_s": 556.441437959671,
  "config": {
    "game": "deadlock",
    "n_agents": 2,
    "horizon": 5,
    "memory": 2,
    "models_homo": "Qwen/Qwen2.5-7B-Instruct",
    "temp_homo": 0.7,
    "tom_order": 1,
    "seed": 51,
    "cell_name": "het_dp_gated_atom_talk",
    "gate_trust_threshold": 0.6,
    "gate_ema_alpha": 0.3,
    "atom_warmup": 3,
    "homogeneous": false,
    "use_tom": true,
    "use_talk": true,
    "adaptive_tom": true,
    "gated_talk_tom": true,
    "diversity_preserving_gate": true
  },
  "team_mean_payoff": 1.8199999999999996
}