{
  "perspective_diversity": 0.005941600117447189,
  "cooperation_payoff": 1.8933333333333335,
  "cooperation_payoff_ci": [
    1.6931666666666667,
    2.1
  ],
  "equilibrium_convergence": 0.96,
  "tom_prediction_accuracy": 0.6766666666666666,
  "tom_prediction_accuracy_ci": [
    0.6233333333333333,
    0.7266666666666667
  ],
  "n_episodes": 30,
  "action_dist_agent1": [
    0.5666666666666667,
    0.43333333333333335
  ],
  "per_episode_payoffs": [
    2.2,
    3.0,
    1.2,
    1.6,
    2.0,
    2.2,
    1.8,
    1.4,
    2.6,
    0.8,
    2.0,
    1.8,
    2.0,
    2.2,
    1.8,
    2.0,
    2.0,
    1.8,
    2.4,
    2.2,
    2.2,
    3.2,
    2.4,
    1.6,
    2.2,
    0.8,
    1.2,
    1.8,
    1.6,
    0.8
  ],
  "gate_trust_rate": 0.9066666666666666,
  "gated_prediction_accuracy": 0.71,
  "signal_accuracy": 0.6566666666666666,
  "tom_belief_accuracy_in_gated": 0.6766666666666666,
  "dp_conflict_rate": 0.28,
  "dp_intervention_rate": 0.28,
  "cell": "het_gated_atom_talk",
  "wall_time_s": 535.5277760028839,
  "config": {
    "game": "deadlock",
    "n_agents": 2,
    "horizon": 5,
    "memory": 2,
    "models_homo": "Qwen/Qwen2.5-7B-Instruct",
    "temp_homo": 0.7,
    "tom_order": 1,
    "seed": 48,
    "cell_name": "het_gated_atom_talk",
    "gate_trust_threshold": 0.6,
    "gate_ema_alpha": 0.3,
    "atom_warmup": 3,
    "homogeneous": false,
    "use_tom": true,
    "use_talk": true,
    "adaptive_tom": true,
    "gated_talk_tom": true,
    "diversity_preserving_gate": false
  },
  "team_mean_payoff": 1.7866666666666664
}