{
  "perspective_diversity": 0.4629971888967126,
  "cooperation_payoff": 3.0203524553328096,
  "cooperation_payoff_ci": [
    2.60084418970676,
    3.40546913202875
  ],
  "equilibrium_convergence": 0.9333333333333333,
  "tom_prediction_accuracy": 0.6633333333333333,
  "tom_prediction_accuracy_ci": [
    0.61,
    0.7166666666666667
  ],
  "n_episodes": 30,
  "action_dist_agent1": [
    0.23333333333333334,
    0.7666666666666667
  ],
  "per_episode_payoffs": [
    2.6207129284633637,
    4.06049716520901,
    3.087133802111234,
    2.745204004553578,
    2.700165034980641,
    2.9188932816552864,
    4.81791846170431,
    2.008817504477583,
    2.749932826778528,
    4.761194423942114,
    2.88500165906009,
    3.6536784309069317,
    4.103366692795764,
    1.7747801017115967,
    3.655796206708799,
    4.643600670033918,
    1.1544479361678384,
    4.850818214730394,
    2.269143866995621,
    2.820275513676622,
    2.9743757409756637,
    1.848903622514646,
    4.1950903592593445,
    2.883070296866814,
    3.9368351733740616,
    3.0206341402727164,
    0.6436738142900165,
    0.8872828830695578,
    2.0681439370817305,
    3.871184965616506
  ],
  "gate_trust_rate": 0.8633333333333333,
  "gated_prediction_accuracy": 0.6833333333333333,
  "signal_accuracy": 0.6666666666666666,
  "tom_belief_accuracy_in_gated": 0.6633333333333333,
  "dp_conflict_rate": 0.36333333333333334,
  "dp_intervention_rate": 0.36333333333333334,
  "cell": "het_gsaca",
  "gsaca_detected_structure": "anti_coord",
  "gsaca_oracle_structure": "anti_coord",
  "gsaca_detection_correct": true,
  "gsaca_split_score": 2.187849696188673,
  "gsaca_warmup_episodes": 5,
  "gsaca_n_observations": 25,
  "wall_time_s": 478.32547998428345,
  "config": {
    "game": "chicken",
    "n_agents": 2,
    "horizon": 5,
    "memory": 2,
    "models_homo": "Qwen/Qwen2.5-7B-Instruct",
    "temp_homo": 0.7,
    "tom_order": 1,
    "seed": 43,
    "cell_name": "het_gsaca",
    "gate_trust_threshold": 0.6,
    "gate_ema_alpha": 0.3,
    "atom_warmup": 3,
    "homogeneous": false,
    "use_tom": true,
    "use_talk": true,
    "adaptive_tom": true,
    "gated_talk_tom": true,
    "diversity_preserving_gate": true
  },
  "team_mean_payoff": 2.143036236159595
}