{
  "perspective_diversity": 0.026901847885257582,
  "cooperation_payoff": 1.98,
  "cooperation_payoff_ci": [
    1.793333333333333,
    2.1733333333333333
  ],
  "equilibrium_convergence": 0.88,
  "tom_prediction_accuracy": 0.7,
  "tom_prediction_accuracy_ci": [
    0.6466666666666666,
    0.75
  ],
  "n_episodes": 30,
  "action_dist_agent1": [
    0.5266666666666666,
    0.47333333333333333
  ],
  "per_episode_payoffs": [
    1.8,
    1.8,
    1.6,
    2.2,
    2.0,
    3.0,
    1.6,
    2.0,
    2.8,
    2.0,
    2.8,
    2.0,
    2.8,
    2.4,
    1.6,
    2.6,
    2.0,
    2.4,
    2.2,
    1.2,
    0.8,
    1.0,
    2.2,
    1.8,
    2.0,
    2.2,
    1.4,
    1.2,
    2.2,
    1.8
  ],
  "gate_trust_rate": 0.8933333333333333,
  "gated_prediction_accuracy": 0.7433333333333333,
  "signal_accuracy": 0.69,
  "tom_belief_accuracy_in_gated": 0.7,
  "dp_conflict_rate": 0.30333333333333334,
  "dp_intervention_rate": 0.30333333333333334,
  "cell": "het_gated_atom_talk",
  "wall_time_s": 512.8298742771149,
  "config": {
    "game": "deadlock",
    "n_agents": 2,
    "horizon": 5,
    "memory": 2,
    "models_homo": "Qwen/Qwen2.5-7B-Instruct",
    "temp_homo": 0.7,
    "tom_order": 1,
    "seed": 54,
    "cell_name": "het_gated_atom_talk",
    "gate_trust_threshold": 0.6,
    "gate_ema_alpha": 0.3,
    "atom_warmup": 3,
    "homogeneous": false,
    "use_tom": true,
    "use_talk": true,
    "adaptive_tom": true,
    "gated_talk_tom": true,
    "diversity_preserving_gate": false
  },
  "team_mean_payoff": 1.7533333333333332
}