{
  "perspective_diversity": 0.001118376456818563,
  "cooperation_payoff": 2.1301762276664045,
  "cooperation_payoff_ci": [
    1.7774894540335775,
    2.4494782834730415
  ],
  "equilibrium_convergence": 0.9866666666666667,
  "tom_prediction_accuracy": 0.77,
  "tom_prediction_accuracy_ci": [
    0.7232500000000002,
    0.8166666666666667
  ],
  "n_episodes": 30,
  "action_dist_agent1": [
    0.78,
    0.22
  ],
  "per_episode_payoffs": [
    1.410356464231682,
    2.430248582604505,
    0.843566901055617,
    1.1726020022767891,
    1.3500825174903206,
    3.0594466408276433,
    2.308959230852155,
    2.104408752238792,
    2.474966413389264,
    1.880597211971057,
    2.842500829530045,
    3.026839215453466,
    1.351683346397882,
    3.1873900508557984,
    2.4278981033543996,
    0.02180033501695904,
    2.877223968083919,
    3.1254091073651966,
    2.8345719334978106,
    3.110137756838311,
    1.0871878704878317,
    3.124451811257323,
    1.9975451796296724,
    0.24153514843340695,
    3.1684175866870308,
    3.010317070136358,
    0.12183690714500824,
    2.443641441534779,
    2.734071968540865,
    2.135592482808253
  ],
  "gate_trust_rate": 0.88,
  "gated_prediction_accuracy": 0.68,
  "signal_accuracy": 0.76,
  "tom_belief_accuracy_in_gated": 0.56,
  "dp_conflict_rate": 0.48,
  "dp_intervention_rate": 0.48,
  "cell": "het_gsaca",
  "gsaca_detected_structure": "coord",
  "gsaca_oracle_structure": "coord",
  "gsaca_detection_correct": true,
  "gsaca_split_score": -2.3440648277790594,
  "gsaca_warmup_episodes": 5,
  "gsaca_n_observations": 25,
  "wall_time_s": 509.1874625682831,
  "config": {
    "game": "battle_of_the_sexes",
    "n_agents": 2,
    "horizon": 5,
    "memory": 2,
    "models_homo": "Qwen/Qwen2.5-7B-Instruct",
    "temp_homo": 0.7,
    "tom_order": 1,
    "seed": 45,
    "cell_name": "het_gsaca",
    "gate_trust_threshold": 0.6,
    "gate_ema_alpha": 0.3,
    "atom_warmup": 3,
    "homogeneous": false,
    "use_tom": true,
    "use_talk": true,
    "adaptive_tom": true,
    "gated_talk_tom": true,
    "diversity_preserving_gate": true
  },
  "team_mean_payoff": 1.8881847847464641
}