{
  "perspective_diversity": 0.3015375568490105,
  "cooperation_payoff": 3.079999999999999,
  "cooperation_payoff_ci": [
    2.6466666666666665,
    3.526666666666666
  ],
  "equilibrium_convergence": 0.9733333333333334,
  "tom_prediction_accuracy": 0.6433333333333333,
  "tom_prediction_accuracy_ci": [
    0.59,
    0.6966666666666667
  ],
  "n_episodes": 30,
  "action_dist_agent1": [
    0.29333333333333333,
    0.7066666666666667
  ],
  "per_episode_payoffs": [
    1.6,
    4.6,
    3.6,
    2.0,
    1.4,
    4.6,
    2.8,
    4.6,
    5.0,
    4.6,
    4.2,
    2.2,
    2.2,
    2.4,
    3.6,
    1.6,
    1.8,
    4.6,
    2.6,
    1.8,
    3.2,
    1.6,
    4.6,
    3.2,
    3.2,
    3.6,
    4.2,
    0.8,
    4.6,
    1.6
  ],
  "gate_trust_rate": 0.8933333333333333,
  "gated_prediction_accuracy": 0.6466666666666666,
  "signal_accuracy": 0.66,
  "tom_belief_accuracy_in_gated": 0.6433333333333333,
  "dp_conflict_rate": 0.2633333333333333,
  "dp_intervention_rate": 0.2633333333333333,
  "cell": "het_gsaca",
  "gsaca_detected_structure": "anti_coord",
  "gsaca_oracle_structure": "anti_coord",
  "gsaca_detection_correct": true,
  "gsaca_split_score": 1.8,
  "gsaca_warmup_episodes": 2,
  "gsaca_n_observations": 10,
  "wall_time_s": 483.3870692253113,
  "config": {
    "game": "chicken",
    "n_agents": 2,
    "horizon": 5,
    "memory": 2,
    "models_homo": "Qwen/Qwen2.5-7B-Instruct",
    "temp_homo": 0.7,
    "tom_order": 1,
    "seed": 44,
    "cell_name": "het_gsaca",
    "gate_trust_threshold": 0.6,
    "gate_ema_alpha": 0.3,
    "atom_warmup": 3,
    "homogeneous": false,
    "use_tom": true,
    "use_talk": true,
    "adaptive_tom": true,
    "gated_talk_tom": true,
    "diversity_preserving_gate": true
  },
  "team_mean_payoff": 2.32
}