{
  "perspective_diversity": 0.25156428417764554,
  "cooperation_payoff": 1.68,
  "cooperation_payoff_ci": [
    1.4133333333333336,
    1.9400000000000002
  ],
  "equilibrium_convergence": 0.96,
  "tom_prediction_accuracy": 0.6033333333333334,
  "tom_prediction_accuracy_ci": [
    0.55,
    0.6567499999999995
  ],
  "n_episodes": 30,
  "action_dist_agent1": [
    0.8333333333333334,
    0.16666666666666666
  ],
  "per_episode_payoffs": [
    1.6,
    0.6,
    2.8,
    2.2,
    0.6,
    2.2,
    1.6,
    1.6,
    1.2,
    1.8,
    2.8,
    1.0,
    2.8,
    1.2,
    0.6,
    1.6,
    2.8,
    2.8,
    1.2,
    1.6,
    1.6,
    2.2,
    0.6,
    1.0,
    1.0,
    2.2,
    1.0,
    2.4,
    1.0,
    2.8
  ],
  "gate_trust_rate": 0.8666666666666667,
  "gated_prediction_accuracy": 0.72,
  "signal_accuracy": 0.7733333333333333,
  "tom_belief_accuracy_in_gated": 0.6033333333333334,
  "dp_conflict_rate": 0.3433333333333333,
  "dp_intervention_rate": 0.3433333333333333,
  "cell": "het_dp_gated_atom_talk",
  "wall_time_s": 451.76470828056335,
  "config": {
    "game": "battle_of_the_sexes",
    "n_agents": 2,
    "horizon": 5,
    "memory": 2,
    "models_homo": "Qwen/Qwen2.5-7B-Instruct",
    "temp_homo": 0.7,
    "tom_order": 1,
    "seed": 42,
    "cell_name": "het_dp_gated_atom_talk",
    "gate_trust_threshold": 0.75,
    "gate_ema_alpha": 0.3,
    "atom_warmup": 3,
    "homogeneous": false,
    "use_tom": true,
    "use_talk": true,
    "adaptive_tom": true,
    "gated_talk_tom": true,
    "diversity_preserving_gate": true
  },
  "team_mean_payoff": 1.5166666666666666
}