{
  "perspective_diversity": 0.015568330111180043,
  "cooperation_payoff": 2.613333333333333,
  "cooperation_payoff_ci": [
    2.2533333333333334,
    2.9533333333333336
  ],
  "equilibrium_convergence": 0.9466666666666667,
  "tom_prediction_accuracy": 0.5666666666666667,
  "tom_prediction_accuracy_ci": [
    0.51,
    0.6266666666666667
  ],
  "n_episodes": 30,
  "action_dist_agent1": [
    0.5333333333333333,
    0.4666666666666667
  ],
  "per_episode_payoffs": [
    2.6,
    3.2,
    3.8,
    3.4,
    2.4,
    4.6,
    4.2,
    3.0,
    2.0,
    3.0,
    2.0,
    3.0,
    2.6,
    2.0,
    2.0,
    2.4,
    3.8,
    3.0,
    2.4,
    3.2,
    1.2,
    3.2,
    1.0,
    0.8,
    2.6,
    1.6,
    1.2,
    1.0,
    3.8,
    3.4
  ],
  "gate_trust_rate": 0.71,
  "gated_prediction_accuracy": 0.5733333333333334,
  "signal_accuracy": 0.51,
  "tom_belief_accuracy_in_gated": 0.5666666666666667,
  "dp_conflict_rate": 0.44333333333333336,
  "dp_intervention_rate": 0.44333333333333336,
  "cell": "hom_gsaca",
  "gsaca_detected_structure": "anti_coord",
  "gsaca_oracle_structure": "anti_coord",
  "gsaca_detection_correct": true,
  "gsaca_split_score": 0.5454545454545454,
  "gsaca_warmup_episodes": 5,
  "gsaca_n_observations": 25,
  "wall_time_s": 968.785882472992,
  "config": {
    "game": "chicken",
    "n_agents": 2,
    "horizon": 5,
    "memory": 2,
    "models_homo": "THUDM/GLM-4-9B-0414",
    "temp_homo": 0.7,
    "tom_order": 1,
    "seed": 43,
    "cell_name": "hom_gsaca",
    "gate_trust_threshold": 0.6,
    "gate_ema_alpha": 0.3,
    "atom_warmup": 3,
    "homogeneous": true,
    "use_tom": true,
    "use_talk": true,
    "adaptive_tom": true,
    "gated_talk_tom": true,
    "diversity_preserving_gate": true
  },
  "team_mean_payoff": 2.44
}