{
  "perspective_diversity": 0.21151774102630685,
  "cooperation_payoff": 1.7733333333333334,
  "cooperation_payoff_ci": [
    1.4866666666666666,
    2.04
  ],
  "equilibrium_convergence": 0.9733333333333334,
  "tom_prediction_accuracy": 0.5866666666666667,
  "tom_prediction_accuracy_ci": [
    0.53,
    0.6433333333333333
  ],
  "n_episodes": 30,
  "action_dist_agent1": [
    0.44,
    0.56
  ],
  "per_episode_payoffs": [
    2.8,
    0.8,
    2.8,
    2.0,
    1.6,
    2.8,
    2.4,
    2.4,
    2.8,
    0.8,
    2.6,
    2.0,
    2.0,
    1.2,
    0.4,
    2.8,
    2.8,
    1.2,
    1.4,
    1.4,
    0.8,
    1.6,
    1.2,
    2.8,
    0.8,
    2.0,
    1.6,
    1.2,
    2.0,
    0.2
  ],
  "gate_trust_rate": 0.8566666666666667,
  "gated_prediction_accuracy": 0.5866666666666667,
  "signal_accuracy": 0.6233333333333333,
  "tom_belief_accuracy_in_gated": 0.5866666666666667,
  "dp_conflict_rate": 0.3433333333333333,
  "dp_intervention_rate": 0.3433333333333333,
  "cell": "het_role_asym",
  "wall_time_s": 473.3704659938812,
  "config": {
    "game": "hawk_dove",
    "n_agents": 2,
    "horizon": 5,
    "memory": 2,
    "models_homo": "Qwen/Qwen2.5-7B-Instruct",
    "temp_homo": 0.7,
    "tom_order": 1,
    "seed": 44,
    "cell_name": "het_role_asym",
    "gate_trust_threshold": 0.6,
    "gate_ema_alpha": 0.3,
    "atom_warmup": 3,
    "homogeneous": false,
    "use_tom": true,
    "use_talk": true,
    "adaptive_tom": true,
    "gated_talk_tom": true,
    "diversity_preserving_gate": true,
    "role_asymmetric_hint": true
  },
  "team_mean_payoff": 1.3133333333333335
}