{
  "perspective_diversity": 0.2929103842994085,
  "cooperation_payoff": 3.046666666666666,
  "cooperation_payoff_ci": [
    2.666666666666666,
    3.439999999999999
  ],
  "equilibrium_convergence": 0.9066666666666667,
  "tom_prediction_accuracy": 0.64,
  "tom_prediction_accuracy_ci": [
    0.5866666666666667,
    0.6934166666666662
  ],
  "n_episodes": 30,
  "action_dist_agent1": [
    0.31333333333333335,
    0.6866666666666666
  ],
  "per_episode_payoffs": [
    4.6,
    3.2,
    1.8,
    1.4,
    2.6,
    2.0,
    1.8,
    3.6,
    3.2,
    2.2,
    3.0,
    2.2,
    2.6,
    2.6,
    4.6,
    4.6,
    2.0,
    4.2,
    2.2,
    2.6,
    3.6,
    4.6,
    3.6,
    2.4,
    4.6,
    1.6,
    1.6,
    4.6,
    3.6,
    4.2
  ],
  "gate_trust_rate": 0.94,
  "gated_prediction_accuracy": 0.6533333333333333,
  "signal_accuracy": 0.66,
  "tom_belief_accuracy_in_gated": 0.64,
  "dp_conflict_rate": 0.28,
  "dp_intervention_rate": 0.28,
  "cell": "het_dp_gated_atom_talk",
  "wall_time_s": 454.1777095794678,
  "config": {
    "game": "chicken",
    "n_agents": 2,
    "horizon": 5,
    "memory": 2,
    "models_homo": "Qwen/Qwen2.5-7B-Instruct",
    "temp_homo": 0.7,
    "tom_order": 1,
    "seed": 44,
    "cell_name": "het_dp_gated_atom_talk",
    "gate_trust_threshold": 0.45,
    "gate_ema_alpha": 0.3,
    "atom_warmup": 3,
    "homogeneous": false,
    "use_tom": true,
    "use_talk": true,
    "adaptive_tom": true,
    "gated_talk_tom": true,
    "diversity_preserving_gate": true
  },
  "team_mean_payoff": 2.3000000000000003
}