{
  "perspective_diversity": 0.0003615774840282585,
  "cooperation_payoff": 1.9866666666666666,
  "cooperation_payoff_ci": [
    1.6799999999999997,
    2.3199999999999994
  ],
  "equilibrium_convergence": 0.9733333333333334,
  "tom_prediction_accuracy": 0.52,
  "tom_prediction_accuracy_ci": [
    0.4633333333333333,
    0.58
  ],
  "n_episodes": 30,
  "action_dist_agent1": [
    0.4266666666666667,
    0.5733333333333334
  ],
  "per_episode_payoffs": [
    1.4,
    2.2,
    1.8,
    2.4,
    0.8,
    2.4,
    1.2,
    1.6,
    3.6,
    1.8,
    4.6,
    2.2,
    1.4,
    2.0,
    2.0,
    1.4,
    4.6,
    1.0,
    2.6,
    2.2,
    1.6,
    2.0,
    1.2,
    1.8,
    2.4,
    1.8,
    0.6,
    1.6,
    1.4,
    2.0
  ],
  "gate_trust_rate": 0.7566666666666667,
  "gated_prediction_accuracy": 0.5566666666666666,
  "signal_accuracy": 0.6066666666666667,
  "tom_belief_accuracy_in_gated": 0.52,
  "dp_conflict_rate": 0.4866666666666667,
  "dp_intervention_rate": 0.4866666666666667,
  "cell": "het_gsaca",
  "gsaca_detected_structure": "anti_coord",
  "gsaca_oracle_structure": "anti_coord",
  "gsaca_detection_correct": true,
  "gsaca_split_score": 2.5,
  "gsaca_warmup_episodes": 5,
  "gsaca_n_observations": 25,
  "wall_time_s": 393.3823618888855,
  "config": {
    "game": "chicken",
    "n_agents": 2,
    "horizon": 5,
    "memory": 2,
    "models_homo": "Qwen/Qwen2.5-7B-Instruct",
    "temp_homo": 0.7,
    "tom_order": 1,
    "seed": 46,
    "cell_name": "het_gsaca",
    "gate_trust_threshold": 0.6,
    "gate_ema_alpha": 0.3,
    "atom_warmup": 3,
    "homogeneous": false,
    "use_tom": true,
    "use_talk": true,
    "adaptive_tom": true,
    "gated_talk_tom": true,
    "diversity_preserving_gate": true
  },
  "team_mean_payoff": 1.9600000000000002
}