{
  "perspective_diversity": 0.1334476696664942,
  "cooperation_payoff": 1.4999999999999998,
  "cooperation_payoff_ci": [
    1.1999999999999997,
    1.8199999999999996
  ],
  "equilibrium_convergence": 0.9866666666666667,
  "tom_prediction_accuracy": 0.6066666666666667,
  "tom_prediction_accuracy_ci": [
    0.55,
    0.6633333333333333
  ],
  "n_episodes": 30,
  "action_dist_agent1": [
    0.4066666666666667,
    0.5933333333333334
  ],
  "per_episode_payoffs": [
    0.0,
    0.8,
    0.6,
    1.4,
    1.2,
    0.8,
    3.0,
    2.8,
    1.8,
    1.4,
    0.2,
    2.8,
    2.2,
    0.6,
    2.8,
    3.0,
    1.4,
    1.2,
    1.0,
    1.2,
    1.8,
    1.6,
    0.6,
    2.8,
    0.4,
    1.8,
    1.8,
    1.8,
    2.0,
    0.2
  ],
  "gate_trust_rate": 0.6466666666666666,
  "gated_prediction_accuracy": 0.58,
  "signal_accuracy": 0.5466666666666666,
  "tom_belief_accuracy_in_gated": 0.6066666666666667,
  "dp_conflict_rate": 0.54,
  "dp_intervention_rate": 0.54,
  "cell": "het_dp_gated_atom_talk",
  "wall_time_s": 553.7457718849182,
  "config": {
    "game": "hawk_dove",
    "n_agents": 2,
    "horizon": 5,
    "memory": 2,
    "models_homo": "Qwen/Qwen2.5-7B-Instruct",
    "temp_homo": 0.7,
    "tom_order": 1,
    "seed": 44,
    "cell_name": "het_dp_gated_atom_talk",
    "gate_trust_threshold": 0.6,
    "gate_ema_alpha": 0.3,
    "atom_warmup": 3,
    "homogeneous": false,
    "use_tom": true,
    "use_talk": true,
    "adaptive_tom": true,
    "gated_talk_tom": true,
    "diversity_preserving_gate": true
  },
  "team_mean_payoff": 1.1199999999999999
}