{
  "perspective_diversity": 0.13792847035270683,
  "cooperation_payoff": 1.4133333333333333,
  "cooperation_payoff_ci": [
    1.0998333333333334,
    1.7266666666666663
  ],
  "equilibrium_convergence": 0.9466666666666667,
  "tom_prediction_accuracy": 0.5366666666666666,
  "tom_prediction_accuracy_ci": [
    0.48,
    0.59
  ],
  "n_episodes": 30,
  "action_dist_agent1": [
    0.36,
    0.64
  ],
  "per_episode_payoffs": [
    -0.6,
    1.8,
    0.8,
    1.0,
    0.0,
    -0.2,
    2.2,
    1.0,
    2.4,
    0.0,
    2.2,
    2.0,
    2.0,
    1.8,
    1.2,
    2.2,
    1.4,
    3.0,
    0.2,
    1.4,
    1.8,
    1.8,
    1.4,
    0.8,
    2.8,
    2.0,
    0.8,
    1.2,
    1.2,
    2.8
  ],
  "gate_trust_rate": 0.6966666666666667,
  "gated_prediction_accuracy": 0.5833333333333334,
  "signal_accuracy": 0.5733333333333334,
  "tom_belief_accuracy_in_gated": 0.5366666666666666,
  "dp_conflict_rate": 0.5033333333333333,
  "dp_intervention_rate": 0.5033333333333333,
  "cell": "het_dp_gated_atom_talk",
  "wall_time_s": 546.0162887573242,
  "config": {
    "game": "hawk_dove",
    "n_agents": 2,
    "horizon": 5,
    "memory": 2,
    "models_homo": "Qwen/Qwen2.5-7B-Instruct",
    "temp_homo": 0.7,
    "tom_order": 1,
    "seed": 42,
    "cell_name": "het_dp_gated_atom_talk",
    "gate_trust_threshold": 0.6,
    "gate_ema_alpha": 0.3,
    "atom_warmup": 3,
    "homogeneous": false,
    "use_tom": true,
    "use_talk": true,
    "adaptive_tom": true,
    "gated_talk_tom": true,
    "diversity_preserving_gate": true
  },
  "team_mean_payoff": 1.0233333333333334
}