{
  "perspective_diversity": 0.10687395782633821,
  "cooperation_payoff": 1.6933333333333331,
  "cooperation_payoff_ci": [
    1.466666666666667,
    1.9201666666666664
  ],
  "equilibrium_convergence": 0.9733333333333333,
  "tom_prediction_accuracy": 0.6533333333333333,
  "tom_prediction_accuracy_ci": [
    0.6,
    0.7066666666666667
  ],
  "n_episodes": 30,
  "action_dist_agent1": [
    0.7866666666666666,
    0.21333333333333335
  ],
  "per_episode_payoffs": [
    0.6,
    1.2,
    2.2,
    2.2,
    2.2,
    1.6,
    2.2,
    2.2,
    1.0,
    3.0,
    2.8,
    1.2,
    1.8,
    1.0,
    1.2,
    1.0,
    2.2,
    2.4,
    2.2,
    1.6,
    1.8,
    1.2,
    1.0,
    1.2,
    1.0,
    1.6,
    1.6,
    1.8,
    1.0,
    2.8
  ],
  "gate_trust_rate": 0.93,
  "gated_prediction_accuracy": 0.7333333333333333,
  "signal_accuracy": 0.7366666666666667,
  "tom_belief_accuracy_in_gated": 0.6533333333333333,
  "dp_conflict_rate": 0.31,
  "dp_intervention_rate": 0.31,
  "cell": "het_dp_gated_atom_talk",
  "wall_time_s": 493.03373503685,
  "config": {
    "game": "battle_of_the_sexes",
    "n_agents": 2,
    "horizon": 5,
    "memory": 2,
    "models_homo": "Qwen/Qwen2.5-7B-Instruct",
    "temp_homo": 0.7,
    "tom_order": 1,
    "seed": 46,
    "cell_name": "het_dp_gated_atom_talk",
    "gate_trust_threshold": 0.6,
    "gate_ema_alpha": 0.1,
    "atom_warmup": 3,
    "homogeneous": false,
    "use_tom": true,
    "use_talk": true,
    "adaptive_tom": true,
    "gated_talk_tom": true,
    "diversity_preserving_gate": true
  },
  "team_mean_payoff": 1.5166666666666666
}