{
  "perspective_diversity": 0.046596018380816735,
  "cooperation_payoff": 2.4866168137253952,
  "cooperation_payoff_ci": [
    2.38796763544146,
    2.576193173889058
  ],
  "equilibrium_convergence": 0.9400000000000001,
  "tom_prediction_accuracy": 0.7083333333333334,
  "tom_prediction_accuracy_ci": [
    0.6825,
    0.7341666666666666
  ],
  "n_episodes": 20,
  "action_dist_agent1": [
    0.93,
    0.07
  ],
  "per_episode_payoffs": [
    2.5603449804401572,
    2.0847945383562463,
    2.070386855248441,
    2.7564443553547475,
    2.653365699482018,
    2.4512737996558553,
    2.599702506994049,
    2.537154862552776,
    2.5735711741004126,
    2.6064526822154184,
    2.386629431887299,
    2.371504575200074,
    2.4263140063062623,
    2.019011384898367,
    2.562787211531674,
    2.7456922945369695,
    2.348133775896034,
    2.7378442129737257,
    2.6159518265353148,
    2.624976100342063
  ],
  "gate_trust_rate": 0.8666666666666667,
  "gated_prediction_accuracy": 0.6333333333333333,
  "signal_accuracy": 0.7,
  "tom_belief_accuracy_in_gated": 0.5444444444444444,
  "dp_conflict_rate": 0.3888888888888889,
  "dp_intervention_rate": 0.3888888888888889,
  "cell": "het_gsaca",
  "gsaca_detected_structure": "coord",
  "gsaca_oracle_structure": "coord",
  "gsaca_detection_correct": true,
  "gsaca_split_score": -0.06964141754186226,
  "gsaca_warmup_episodes": 3,
  "gsaca_n_observations": 15,
  "wall_time_s": 2724.6727845668793,
  "config": {
    "game": "public_goods",
    "n_agents": 4,
    "horizon": 5,
    "memory": 2,
    "models_homo": "Qwen/Qwen2.5-7B-Instruct",
    "temp_homo": 0.7,
    "tom_order": 1,
    "seed": 42,
    "cell_name": "het_gsaca",
    "gate_trust_threshold": 0.6,
    "gate_ema_alpha": 0.3,
    "atom_warmup": 3,
    "homogeneous": false,
    "use_tom": true,
    "use_talk": true,
    "adaptive_tom": true,
    "gated_talk_tom": true,
    "diversity_preserving_gate": true
  },
  "team_mean_payoff": 2.5509205302876383
}