{
  "perspective_diversity": 0.001440242778821467,
  "cooperation_payoff": 1.7266666666666666,
  "cooperation_payoff_ci": [
    1.4866666666666666,
    1.9734999999999996
  ],
  "equilibrium_convergence": 0.9466666666666667,
  "tom_prediction_accuracy": 0.6933333333333334,
  "tom_prediction_accuracy_ci": [
    0.64,
    0.7433333333333333
  ],
  "n_episodes": 30,
  "action_dist_agent1": [
    0.5733333333333334,
    0.4266666666666667
  ],
  "per_episode_payoffs": [
    2.8,
    2.6,
    0.4,
    1.2,
    1.8,
    2.2,
    1.8,
    1.2,
    2.2,
    1.4,
    1.2,
    2.2,
    0.8,
    1.8,
    3.2,
    1.6,
    0.4,
    1.8,
    1.6,
    2.0,
    1.6,
    1.4,
    0.6,
    1.8,
    1.8,
    1.8,
    3.2,
    2.0,
    1.6,
    1.8
  ],
  "gate_trust_rate": 0.9033333333333333,
  "gated_prediction_accuracy": 0.66,
  "signal_accuracy": 0.6366666666666667,
  "tom_belief_accuracy_in_gated": 0.6933333333333334,
  "dp_conflict_rate": 0.2833333333333333,
  "dp_intervention_rate": 0.2833333333333333,
  "cell": "het_gated_atom_talk",
  "wall_time_s": 492.5260980129242,
  "config": {
    "game": "deadlock",
    "n_agents": 2,
    "horizon": 5,
    "memory": 2,
    "models_homo": "Qwen/Qwen2.5-7B-Instruct",
    "temp_homo": 0.7,
    "tom_order": 1,
    "seed": 50,
    "cell_name": "het_gated_atom_talk",
    "gate_trust_threshold": 0.6,
    "gate_ema_alpha": 0.3,
    "atom_warmup": 3,
    "homogeneous": false,
    "use_tom": true,
    "use_talk": true,
    "adaptive_tom": true,
    "gated_talk_tom": true,
    "diversity_preserving_gate": false
  },
  "team_mean_payoff": 1.7799999999999998
}