{
  "perspective_diversity": 0.04709447189846448,
  "cooperation_payoff": 2.1368428943330713,
  "cooperation_payoff_ci": [
    1.7488444972476112,
    2.4894584785664
  ],
  "equilibrium_convergence": 0.88,
  "tom_prediction_accuracy": 0.8266666666666667,
  "tom_prediction_accuracy_ci": [
    0.7833333333333333,
    0.8666666666666667
  ],
  "n_episodes": 30,
  "action_dist_agent1": [
    0.8866666666666667,
    0.11333333333333333
  ],
  "per_episode_payoffs": [
    1.8103564642316816,
    3.230248582604505,
    0.843566901055617,
    -0.6273979977232109,
    -0.44991748250967933,
    3.0594466408276433,
    0.7089592308521548,
    2.3044087522387917,
    3.074966413389264,
    2.480597211971057,
    2.842500829530045,
    3.026839215453466,
    2.751683346397882,
    2.5873900508557983,
    3.0278981033543997,
    1.821800335016959,
    2.877223968083919,
    3.1254091073651966,
    1.6345719334978104,
    1.110137756838311,
    2.087187870487832,
    3.124451811257323,
    2.9975451796296726,
    2.041535148433407,
    3.1684175866870308,
    3.010317070136358,
    1.5218369071450082,
    1.843641441534779,
    2.134071968540865,
    0.9355924828082529
  ],
  "gate_trust_rate": 0.88,
  "gated_prediction_accuracy": 0.72,
  "signal_accuracy": 0.72,
  "tom_belief_accuracy_in_gated": 0.68,
  "dp_conflict_rate": 0.32,
  "dp_intervention_rate": 0.32,
  "cell": "het_gsaca",
  "gsaca_detected_structure": "coord",
  "gsaca_oracle_structure": "coord",
  "gsaca_detection_correct": true,
  "gsaca_split_score": -2.7443996920638893,
  "gsaca_warmup_episodes": 5,
  "gsaca_n_observations": 25,
  "wall_time_s": 484.232773065567,
  "config": {
    "game": "battle_of_the_sexes",
    "n_agents": 2,
    "horizon": 5,
    "memory": 2,
    "models_homo": "Qwen/Qwen2.5-7B-Instruct",
    "temp_homo": 0.7,
    "tom_order": 1,
    "seed": 43,
    "cell_name": "het_gsaca",
    "gate_trust_threshold": 0.6,
    "gate_ema_alpha": 0.3,
    "atom_warmup": 3,
    "homogeneous": false,
    "use_tom": true,
    "use_talk": true,
    "adaptive_tom": true,
    "gated_talk_tom": true,
    "diversity_preserving_gate": true
  },
  "team_mean_payoff": 1.8381847847464639
}