{
  "perspective_diversity": 0.009680359644512256,
  "cooperation_payoff": 1.8666666666666667,
  "cooperation_payoff_ci": [
    1.7399999999999998,
    1.9800000000000002
  ],
  "equilibrium_convergence": 0.9733333333333333,
  "tom_prediction_accuracy": 0.87,
  "tom_prediction_accuracy_ci": [
    0.83,
    0.9066666666666666
  ],
  "n_episodes": 30,
  "action_dist_agent1": [
    0.96,
    0.04
  ],
  "per_episode_payoffs": [
    1.4,
    2.0,
    2.0,
    2.0,
    2.0,
    2.0,
    1.6,
    2.2,
    2.0,
    2.0,
    2.0,
    2.0,
    2.0,
    2.0,
    2.0,
    2.0,
    2.0,
    2.0,
    2.0,
    2.0,
    0.6,
    2.0,
    2.2,
    2.0,
    1.6,
    0.8,
    2.0,
    2.0,
    1.6,
    2.0
  ],
  "gate_trust_rate": 0.9966666666666667,
  "gated_prediction_accuracy": 0.93,
  "signal_accuracy": 0.9333333333333333,
  "tom_belief_accuracy_in_gated": 0.87,
  "dp_conflict_rate": 0.12333333333333334,
  "dp_intervention_rate": 0.12333333333333334,
  "cell": "hom_gated_atom_talk",
  "wall_time_s": 1087.076072692871,
  "config": {
    "game": "hawk_dove",
    "n_agents": 2,
    "horizon": 5,
    "memory": 2,
    "models_homo": "THUDM/GLM-4-9B-0414",
    "temp_homo": 0.7,
    "tom_order": 1,
    "seed": 44,
    "cell_name": "hom_gated_atom_talk",
    "gate_trust_threshold": 0.6,
    "gate_ema_alpha": 0.3,
    "atom_warmup": 3,
    "homogeneous": true,
    "use_tom": true,
    "use_talk": true,
    "adaptive_tom": true,
    "gated_talk_tom": true,
    "diversity_preserving_gate": false
  },
  "team_mean_payoff": 1.9166666666666667
}