{
  "perspective_diversity": 0.5900526043924459,
  "cooperation_payoff": 3.4599999999999995,
  "cooperation_payoff_ci": [
    3.0466666666666664,
    3.8599999999999985
  ],
  "equilibrium_convergence": 0.9866666666666667,
  "tom_prediction_accuracy": 0.69,
  "tom_prediction_accuracy_ci": [
    0.6366666666666667,
    0.7433333333333333
  ],
  "n_episodes": 30,
  "action_dist_agent1": [
    0.22,
    0.78
  ],
  "per_episode_payoffs": [
    3.2,
    4.6,
    2.0,
    4.6,
    1.2,
    4.6,
    1.6,
    4.6,
    2.8,
    1.8,
    4.6,
    3.6,
    4.6,
    4.6,
    3.6,
    1.8,
    4.2,
    4.6,
    4.0,
    2.6,
    2.6,
    2.6,
    2.6,
    4.6,
    4.6,
    2.0,
    4.2,
    4.6,
    2.6,
    4.2
  ],
  "gate_trust_rate": 0.9066666666666666,
  "gated_prediction_accuracy": 0.7066666666666667,
  "signal_accuracy": 0.7133333333333334,
  "tom_belief_accuracy_in_gated": 0.69,
  "dp_conflict_rate": 0.2633333333333333,
  "dp_intervention_rate": 0.2633333333333333,
  "cell": "het_hist_split",
  "wall_time_s": 584.4877803325653,
  "config": {
    "game": "chicken",
    "n_agents": 2,
    "horizon": 5,
    "memory": 2,
    "models_homo": "Qwen/Qwen2.5-7B-Instruct",
    "temp_homo": 0.7,
    "tom_order": 1,
    "seed": 46,
    "cell_name": "het_hist_split",
    "gate_trust_threshold": 0.6,
    "gate_ema_alpha": 0.3,
    "atom_warmup": 3,
    "homogeneous": false,
    "use_tom": true,
    "use_talk": true,
    "adaptive_tom": true,
    "gated_talk_tom": true,
    "diversity_preserving_gate": true,
    "history_split_hint": true
  },
  "team_mean_payoff": 2.42
}