{
  "perspective_diversity": 0.00441228433780317,
  "cooperation_payoff": 2.2266666666666666,
  "cooperation_payoff_ci": [
    1.9133333333333336,
    2.560166666666666
  ],
  "equilibrium_convergence": 0.76,
  "tom_prediction_accuracy": 0.5766666666666667,
  "tom_prediction_accuracy_ci": [
    0.52,
    0.63
  ],
  "n_episodes": 30,
  "action_dist_agent1": [
    0.5866666666666667,
    0.41333333333333333
  ],
  "per_episode_payoffs": [
    1.0,
    1.4,
    2.2,
    1.6,
    2.0,
    3.2,
    2.6,
    0.8,
    2.0,
    3.0,
    2.2,
    5.0,
    3.4,
    1.2,
    1.6,
    1.6,
    3.0,
    2.8,
    2.6,
    1.8,
    2.6,
    2.0,
    2.4,
    3.0,
    1.6,
    1.2,
    4.2,
    2.0,
    1.0,
    1.8
  ],
  "gate_trust_rate": 0.75,
  "gated_prediction_accuracy": 0.58,
  "signal_accuracy": 0.5566666666666666,
  "tom_belief_accuracy_in_gated": 0.5766666666666667,
  "dp_conflict_rate": 0.44666666666666666,
  "dp_intervention_rate": 0.44666666666666666,
  "cell": "het_gated_atom_talk",
  "wall_time_s": 511.29768991470337,
  "config": {
    "game": "chicken",
    "n_agents": 2,
    "horizon": 5,
    "memory": 2,
    "models_homo": "Qwen/Qwen2.5-7B-Instruct",
    "temp_homo": 0.7,
    "tom_order": 1,
    "seed": 45,
    "cell_name": "het_gated_atom_talk",
    "gate_trust_threshold": 0.6,
    "gate_ema_alpha": 0.3,
    "atom_warmup": 3,
    "homogeneous": false,
    "use_tom": true,
    "use_talk": true,
    "adaptive_tom": true,
    "gated_talk_tom": true,
    "diversity_preserving_gate": false
  },
  "team_mean_payoff": 2.32
}