{
  "perspective_diversity": 0.11069567224362416,
  "cooperation_payoff": 2.636,
  "cooperation_payoff_ci": [
    2.5959499999999998,
    2.678
  ],
  "equilibrium_convergence": 0.96,
  "tom_prediction_accuracy": 0.6808333333333333,
  "tom_prediction_accuracy_ci": [
    0.6558333333333334,
    0.7066666666666667
  ],
  "n_episodes": 20,
  "action_dist_agent1": [
    0.78,
    0.22
  ],
  "per_episode_payoffs": [
    2.6399999999999997,
    2.6,
    2.6399999999999997,
    2.6,
    2.8,
    2.64,
    2.4,
    2.6799999999999997,
    2.7199999999999998,
    2.52,
    2.6,
    2.8,
    2.6799999999999997,
    2.6,
    2.6,
    2.7600000000000002,
    2.52,
    2.6,
    2.6399999999999997,
    2.6800000000000006
  ],
  "gate_trust_rate": 0.9616666666666667,
  "gated_prediction_accuracy": 0.8483333333333334,
  "signal_accuracy": 0.88,
  "tom_belief_accuracy_in_gated": 0.6808333333333333,
  "dp_conflict_rate": 0.2975,
  "dp_intervention_rate": 0.2975,
  "cell": "het_gated_atom_talk",
  "wall_time_s": 2870.385724544525,
  "config": {
    "game": "public_goods",
    "n_agents": 4,
    "horizon": 5,
    "memory": 2,
    "models_homo": "Qwen/Qwen2.5-7B-Instruct",
    "temp_homo": 0.7,
    "tom_order": 1,
    "seed": 61,
    "cell_name": "het_gated_atom_talk",
    "gate_trust_threshold": 0.6,
    "gate_ema_alpha": 0.3,
    "atom_warmup": 3,
    "homogeneous": false,
    "use_tom": true,
    "use_talk": true,
    "adaptive_tom": true,
    "gated_talk_tom": true,
    "diversity_preserving_gate": false
  },
  "team_mean_payoff": 2.531
}