{
  "perspective_diversity": 0.17558179692891093,
  "cooperation_payoff": 2.7666666666666666,
  "cooperation_payoff_ci": [
    2.393333333333333,
    3.1601666666666652
  ],
  "equilibrium_convergence": 0.96,
  "tom_prediction_accuracy": 0.6033333333333334,
  "tom_prediction_accuracy_ci": [
    0.5466666666666666,
    0.6566666666666666
  ],
  "n_episodes": 30,
  "action_dist_agent1": [
    0.31333333333333335,
    0.6866666666666666
  ],
  "per_episode_payoffs": [
    2.4,
    0.8,
    2.0,
    2.0,
    4.6,
    3.2,
    2.6,
    1.6,
    2.6,
    2.6,
    1.8,
    3.4,
    1.2,
    3.6,
    4.6,
    4.6,
    3.6,
    2.2,
    1.6,
    4.6,
    2.4,
    2.2,
    2.4,
    1.8,
    2.8,
    2.2,
    3.2,
    3.6,
    4.6,
    2.2
  ],
  "gate_trust_rate": 0.88,
  "gated_prediction_accuracy": 0.6433333333333333,
  "signal_accuracy": 0.6566666666666666,
  "tom_belief_accuracy_in_gated": 0.6033333333333334,
  "dp_conflict_rate": 0.25333333333333335,
  "dp_intervention_rate": 0.25333333333333335,
  "cell": "het_dp_gated_atom_talk",
  "wall_time_s": 474.41577196121216,
  "config": {
    "game": "chicken",
    "n_agents": 2,
    "horizon": 5,
    "memory": 2,
    "models_homo": "Qwen/Qwen2.5-7B-Instruct",
    "temp_homo": 0.7,
    "tom_order": 1,
    "seed": 46,
    "cell_name": "het_dp_gated_atom_talk",
    "gate_trust_threshold": 0.6,
    "gate_ema_alpha": 0.2,
    "atom_warmup": 3,
    "homogeneous": false,
    "use_tom": true,
    "use_talk": true,
    "adaptive_tom": true,
    "gated_talk_tom": true,
    "diversity_preserving_gate": true
  },
  "team_mean_payoff": 2.1799999999999997
}