{
  "perspective_diversity": 0.09201898678301615,
  "cooperation_payoff": 2.646666666666667,
  "cooperation_payoff_ci": [
    2.2266666666666666,
    3.0933333333333337
  ],
  "equilibrium_convergence": 0.9733333333333334,
  "tom_prediction_accuracy": 0.5466666666666666,
  "tom_prediction_accuracy_ci": [
    0.49,
    0.6033333333333334
  ],
  "n_episodes": 30,
  "action_dist_agent1": [
    0.3466666666666667,
    0.6533333333333333
  ],
  "per_episode_payoffs": [
    1.4,
    1.2,
    2.0,
    1.0,
    2.0,
    2.4,
    3.6,
    4.2,
    5.0,
    1.2,
    1.6,
    2.6,
    2.2,
    2.0,
    4.0,
    5.0,
    3.0,
    3.0,
    4.0,
    4.2,
    4.0,
    2.6,
    1.0,
    3.0,
    1.6,
    2.0,
    1.4,
    4.2,
    1.6,
    2.4
  ],
  "gate_trust_rate": 0.55,
  "gated_prediction_accuracy": 0.54,
  "signal_accuracy": 0.47,
  "tom_belief_accuracy_in_gated": 0.5466666666666666,
  "dp_conflict_rate": 0.5566666666666666,
  "dp_intervention_rate": 0.5566666666666666,
  "cell": "het_gated_atom_talk",
  "wall_time_s": 334.73997163772583,
  "config": {
    "game": "chicken",
    "n_agents": 2,
    "horizon": 5,
    "memory": 2,
    "models_homo": "Qwen/Qwen2.5-7B-Instruct",
    "temp_homo": 0.7,
    "tom_order": 1,
    "seed": 42,
    "cell_name": "het_gated_atom_talk",
    "gate_trust_threshold": 0.6,
    "gate_ema_alpha": 0.3,
    "atom_warmup": 3,
    "homogeneous": false,
    "use_tom": true,
    "use_talk": true,
    "adaptive_tom": true,
    "gated_talk_tom": true,
    "diversity_preserving_gate": false
  },
  "team_mean_payoff": 2.2199999999999998
}