method,seed,last_train_return,best_train_return,train_auc,stability_gap,last_test_return,best_test_return,last_llm_fd_shaping_triggers,last_llm_fd_shaping_penalty_total,last_llm_fd_shaping_terminal_bonus_total,last_llm_fd_shaping_episode_steps_total,last_llm_fd_shaping_avg_penalty_per_trigger,last_llm_fd_shaping_avg_steps_per_trigger,last_llm_fd_records
abval_lbforaging_Foraging-10x10-3p-3f-v3_baseline,6,0.8053,0.8382,0.3606000000000001,0.03289999999999993,0.8053,0.8053,0.0,0.0,0.0,0.0,0.0,0.0,
abval_lbforaging_Foraging-10x10-3p-3f-v3_baseline,7,0.6216,0.665,0.2704026315789474,0.043399999999999994,0.6216,0.6216,0.0,0.0,0.0,0.0,0.0,0.0,
abval_lbforaging_Foraging-10x10-3p-3f-v3_baseline,8,0.6046,0.7241,0.3000105263157894,0.11949999999999994,0.6046,0.6046,0.0,0.0,0.0,0.0,0.0,0.0,
abval_lbforaging_Foraging-10x10-3p-3f-v3_fa_pbrs_l002,6,0.5952,0.715,0.32916842105263167,0.11980000000000002,0.5952,0.5952,22620.0,0.0,0.0,1022642.0,0.0,45.209637488947834,3000.0
abval_lbforaging_Foraging-10x10-3p-3f-v3_fa_pbrs_l002,7,0.5703,0.7934,0.3101605263157895,0.22309999999999997,0.5703,0.5703,23720.0,0.0,0.0,1023940.0,0.0,43.16779089376054,3000.0
abval_lbforaging_Foraging-10x10-3p-3f-v3_fa_pbrs_l002,8,0.734,0.7626,0.4086052631578947,0.02859999999999996,0.734,0.734,23580.0,0.0,0.0,1023922.0,0.0,43.42332485156913,3000.0
