{
  "perspective_diversity": 0.21166177734298958,
  "cooperation_payoff": 2.426666666666667,
  "cooperation_payoff_ci": [
    2.213166666666667,
    2.6466666666666665
  ],
  "equilibrium_convergence": 0.9333333333333333,
  "tom_prediction_accuracy": 0.63,
  "tom_prediction_accuracy_ci": [
    0.5733333333333334,
    0.6833333333333333
  ],
  "n_episodes": 30,
  "action_dist_agent1": [
    0.47333333333333333,
    0.5266666666666666
  ],
  "per_episode_payoffs": [
    2.8,
    3.2,
    3.2,
    2.6,
    2.4,
    3.2,
    1.8,
    2.6,
    2.0,
    2.6,
    2.2,
    1.6,
    2.2,
    1.6,
    2.6,
    1.8,
    2.8,
    3.2,
    1.8,
    2.2,
    2.4,
    0.8,
    2.6,
    1.8,
    3.2,
    3.0,
    3.0,
    2.2,
    2.2,
    3.2
  ],
  "gate_trust_rate": 0.9166666666666666,
  "gated_prediction_accuracy": 0.6866666666666666,
  "signal_accuracy": 0.6766666666666666,
  "tom_belief_accuracy_in_gated": 0.63,
  "dp_conflict_rate": 0.32,
  "dp_intervention_rate": 0.32,
  "cell": "het_role_asym",
  "wall_time_s": 565.0073566436768,
  "config": {
    "game": "deadlock",
    "n_agents": 2,
    "horizon": 5,
    "memory": 2,
    "models_homo": "Qwen/Qwen2.5-7B-Instruct",
    "temp_homo": 0.7,
    "tom_order": 1,
    "seed": 45,
    "cell_name": "het_role_asym",
    "gate_trust_threshold": 0.6,
    "gate_ema_alpha": 0.3,
    "atom_warmup": 3,
    "homogeneous": false,
    "use_tom": true,
    "use_talk": true,
    "adaptive_tom": true,
    "gated_talk_tom": true,
    "diversity_preserving_gate": true,
    "role_asymmetric_hint": true
  },
  "team_mean_payoff": 1.8266666666666664
}