{
  "perspective_diversity": 0.12842074765013825,
  "cooperation_payoff": 1.7133333333333332,
  "cooperation_payoff_ci": [
    1.4264999999999997,
    2.013333333333333
  ],
  "equilibrium_convergence": 0.88,
  "tom_prediction_accuracy": 0.6533333333333333,
  "tom_prediction_accuracy_ci": [
    0.5966666666666667,
    0.7034166666666662
  ],
  "n_episodes": 30,
  "action_dist_agent1": [
    0.4866666666666667,
    0.5133333333333333
  ],
  "per_episode_payoffs": [
    0.6,
    1.0,
    2.2,
    1.6,
    0.8,
    2.4,
    0.4,
    2.8,
    2.4,
    0.4,
    2.0,
    2.6,
    1.8,
    2.8,
    0.6,
    0.8,
    1.6,
    1.6,
    1.8,
    2.8,
    1.0,
    0.8,
    2.8,
    1.8,
    1.2,
    2.8,
    2.8,
    2.8,
    1.6,
    0.8
  ],
  "gate_trust_rate": 0.8533333333333334,
  "gated_prediction_accuracy": 0.64,
  "signal_accuracy": 0.5933333333333334,
  "tom_belief_accuracy_in_gated": 0.6533333333333333,
  "dp_conflict_rate": 0.32666666666666666,
  "dp_intervention_rate": 0.32666666666666666,
  "cell": "het_gsaca",
  "gsaca_detected_structure": "anti_coord",
  "gsaca_oracle_structure": "anti_coord",
  "gsaca_detection_correct": true,
  "gsaca_split_score": 0.3571428571428572,
  "gsaca_warmup_episodes": 5,
  "gsaca_n_observations": 25,
  "wall_time_s": 485.54498648643494,
  "config": {
    "game": "hawk_dove",
    "n_agents": 2,
    "horizon": 5,
    "memory": 2,
    "models_homo": "Qwen/Qwen2.5-7B-Instruct",
    "temp_homo": 0.7,
    "tom_order": 1,
    "seed": 45,
    "cell_name": "het_gsaca",
    "homogeneous": false,
    "use_tom": true,
    "use_talk": true,
    "adaptive_tom": true,
    "gated_talk_tom": true,
    "diversity_preserving_gate": true
  },
  "team_mean_payoff": 1.3533333333333337
}