{
  "perspective_diversity": 0.10361258783100041,
  "cooperation_payoff": 2.5940000000000003,
  "cooperation_payoff_ci": [
    2.5300000000000002,
    2.654
  ],
  "equilibrium_convergence": 0.86,
  "tom_prediction_accuracy": NaN,
  "tom_prediction_accuracy_ci": [
    NaN,
    NaN
  ],
  "n_episodes": 20,
  "action_dist_agent1": [
    0.65,
    0.35
  ],
  "per_episode_payoffs": [
    2.8,
    2.4400000000000004,
    2.56,
    2.6800000000000006,
    2.6800000000000006,
    2.72,
    2.7600000000000002,
    2.6399999999999997,
    2.7199999999999998,
    2.6,
    2.5200000000000005,
    2.3600000000000003,
    2.68,
    2.5599999999999996,
    2.72,
    2.56,
    2.2,
    2.4799999999999995,
    2.68,
    2.5200000000000005
  ],
  "gate_trust_rate": NaN,
  "gated_prediction_accuracy": NaN,
  "signal_accuracy": NaN,
  "tom_belief_accuracy_in_gated": NaN,
  "dp_conflict_rate": NaN,
  "dp_intervention_rate": NaN,
  "cell": "het_notom",
  "wall_time_s": 84.95636868476868,
  "config": {
    "game": "public_goods",
    "n_agents": 4,
    "horizon": 5,
    "memory": 2,
    "models_homo": "Qwen/Qwen2.5-7B-Instruct",
    "temp_homo": 0.7,
    "tom_order": 1,
    "seed": 46,
    "cell_name": "het_notom",
    "homogeneous": false,
    "use_tom": false,
    "use_talk": false,
    "adaptive_tom": false
  },
  "team_mean_payoff": 2.4665000000000004
}