{
  "perspective_diversity": 0.004871919742989603,
  "cooperation_payoff": 2.086666666666667,
  "cooperation_payoff_ci": [
    1.7665,
    2.3666666666666667
  ],
  "equilibrium_convergence": 0.92,
  "tom_prediction_accuracy": 0.7166666666666667,
  "tom_prediction_accuracy_ci": [
    0.6633333333333333,
    0.7666666666666667
  ],
  "n_episodes": 30,
  "action_dist_agent1": [
    0.6933333333333334,
    0.30666666666666664
  ],
  "per_episode_payoffs": [
    0.8,
    0.8,
    2.8,
    2.8,
    2.6,
    2.2,
    2.8,
    1.6,
    1.6,
    2.4,
    1.4,
    2.2,
    2.2,
    1.0,
    3.0,
    2.8,
    2.8,
    2.6,
    2.8,
    1.8,
    0.4,
    1.2,
    2.8,
    2.8,
    0.6,
    3.0,
    0.4,
    2.8,
    3.0,
    2.6
  ],
  "gate_trust_rate": 0.9233333333333333,
  "gated_prediction_accuracy": 0.8333333333333334,
  "signal_accuracy": 0.8433333333333334,
  "tom_belief_accuracy_in_gated": 0.7166666666666667,
  "dp_conflict_rate": 0.2866666666666667,
  "dp_intervention_rate": 0.2866666666666667,
  "cell": "het_gated_atom_talk",
  "wall_time_s": 467.92111802101135,
  "config": {
    "game": "battle_of_the_sexes",
    "n_agents": 2,
    "horizon": 5,
    "memory": 2,
    "models_homo": "Qwen/Qwen2.5-7B-Instruct",
    "temp_homo": 0.7,
    "tom_order": 1,
    "seed": 44,
    "cell_name": "het_gated_atom_talk",
    "gate_trust_threshold": 0.6,
    "gate_ema_alpha": 0.3,
    "atom_warmup": 3,
    "homogeneous": false,
    "use_tom": true,
    "use_talk": true,
    "adaptive_tom": true,
    "gated_talk_tom": true,
    "diversity_preserving_gate": false
  },
  "team_mean_payoff": 1.9166666666666667
}