{
  "perspective_diversity": 0.13551497541003998,
  "cooperation_payoff": 2.6160000000000005,
  "cooperation_payoff_ci": [
    2.564,
    2.662
  ],
  "equilibrium_convergence": 0.96,
  "tom_prediction_accuracy": 0.6433333333333333,
  "tom_prediction_accuracy_ci": [
    0.6158333333333333,
    0.6700208333333333
  ],
  "n_episodes": 20,
  "action_dist_agent1": [
    0.76,
    0.24
  ],
  "per_episode_payoffs": [
    2.56,
    2.76,
    2.72,
    2.4800000000000004,
    2.76,
    2.6399999999999997,
    2.72,
    2.56,
    2.6399999999999997,
    2.2800000000000002,
    2.4800000000000004,
    2.5599999999999996,
    2.72,
    2.7199999999999998,
    2.6800000000000006,
    2.6399999999999997,
    2.56,
    2.56,
    2.7199999999999998,
    2.56
  ],
  "gate_trust_rate": 0.95,
  "gated_prediction_accuracy": 0.8108333333333333,
  "signal_accuracy": 0.8475,
  "tom_belief_accuracy_in_gated": 0.6433333333333333,
  "dp_conflict_rate": 0.2991666666666667,
  "dp_intervention_rate": 0.2991666666666667,
  "cell": "het_dp_gated_atom_talk",
  "wall_time_s": 2850.1997380256653,
  "config": {
    "game": "public_goods",
    "n_agents": 4,
    "horizon": 5,
    "memory": 2,
    "models_homo": "Qwen/Qwen2.5-7B-Instruct",
    "temp_homo": 0.7,
    "tom_order": 1,
    "seed": 52,
    "cell_name": "het_dp_gated_atom_talk",
    "gate_trust_threshold": 0.6,
    "gate_ema_alpha": 0.3,
    "atom_warmup": 3,
    "homogeneous": false,
    "use_tom": true,
    "use_talk": true,
    "adaptive_tom": true,
    "gated_talk_tom": true,
    "diversity_preserving_gate": true
  },
  "team_mean_payoff": 2.5159999999999996
}