{
  "perspective_diversity": 0.11791740683257336,
  "cooperation_payoff": 2.614,
  "cooperation_payoff_ci": [
    2.5720000000000005,
    2.66
  ],
  "equilibrium_convergence": 0.94,
  "tom_prediction_accuracy": 0.6175,
  "tom_prediction_accuracy_ci": [
    0.5908333333333333,
    0.645
  ],
  "n_episodes": 20,
  "action_dist_agent1": [
    0.75,
    0.25
  ],
  "per_episode_payoffs": [
    2.6,
    2.56,
    2.6,
    2.6799999999999997,
    2.4,
    2.52,
    2.7600000000000002,
    2.56,
    2.6,
    2.8400000000000003,
    2.5200000000000005,
    2.64,
    2.64,
    2.6399999999999997,
    2.6000000000000005,
    2.56,
    2.7600000000000002,
    2.4800000000000004,
    2.6399999999999997,
    2.6799999999999997
  ],
  "gate_trust_rate": 0.9391666666666667,
  "gated_prediction_accuracy": 0.77,
  "signal_accuracy": 0.8225,
  "tom_belief_accuracy_in_gated": 0.6175,
  "dp_conflict_rate": 0.315,
  "dp_intervention_rate": 0.315,
  "cell": "het_dp_gated_atom_talk",
  "wall_time_s": 2703.073779821396,
  "config": {
    "game": "public_goods",
    "n_agents": 4,
    "horizon": 5,
    "memory": 2,
    "models_homo": "Qwen/Qwen2.5-7B-Instruct",
    "temp_homo": 0.7,
    "tom_order": 1,
    "seed": 54,
    "cell_name": "het_dp_gated_atom_talk",
    "gate_trust_threshold": 0.6,
    "gate_ema_alpha": 0.3,
    "atom_warmup": 3,
    "homogeneous": false,
    "use_tom": true,
    "use_talk": true,
    "adaptive_tom": true,
    "gated_talk_tom": true,
    "diversity_preserving_gate": true
  },
  "team_mean_payoff": 2.5114999999999994
}