{
  "perspective_diversity": 0.0025449602212428493,
  "cooperation_payoff": 1.8407049106656186,
  "cooperation_payoff_ci": [
    1.4421636476422794,
    2.191251274539423
  ],
  "equilibrium_convergence": 0.9066666666666666,
  "tom_prediction_accuracy": 0.68,
  "tom_prediction_accuracy_ci": [
    0.6266666666666667,
    0.7333333333333333
  ],
  "n_episodes": 30,
  "action_dist_agent1": [
    0.7,
    0.3
  ],
  "per_episode_payoffs": [
    2.041425856926728,
    3.1209943304180205,
    2.5742676042224675,
    -1.309591990892844,
    0.00033006996128257524,
    2.637786563310573,
    1.835836923408619,
    1.8176350089551665,
    2.499865653557056,
    2.522388847884228,
    2.370003318120179,
    2.5073568618138635,
    1.2067333855915279,
    3.1495602034231935,
    2.111592413417598,
    2.287201340067836,
    1.508895872335677,
    2.7016364294607866,
    1.7382877339912426,
    3.4405510273532443,
    1.5487514819513275,
    2.897807245029292,
    1.590180718518689,
    0.36614059373362795,
    2.6736703467481227,
    2.0412682805454323,
    -0.11265237141996709,
    0.9745657661391156,
    0.9362878741634612,
    1.542369931233012
  ],
  "gate_trust_rate": 0.86,
  "gated_prediction_accuracy": 0.54,
  "signal_accuracy": 0.6,
  "tom_belief_accuracy_in_gated": 0.4,
  "dp_conflict_rate": 0.44,
  "dp_intervention_rate": 0.44,
  "cell": "het_gsaca",
  "gsaca_detected_structure": "coord",
  "gsaca_oracle_structure": "coord",
  "gsaca_detection_correct": true,
  "gsaca_split_score": -3.038659670581646,
  "gsaca_warmup_episodes": 5,
  "gsaca_n_observations": 25,
  "wall_time_s": 557.3390121459961,
  "config": {
    "game": "battle_of_the_sexes",
    "n_agents": 2,
    "horizon": 5,
    "memory": 2,
    "models_homo": "Qwen/Qwen2.5-7B-Instruct",
    "temp_homo": 0.7,
    "tom_order": 1,
    "seed": 46,
    "cell_name": "het_gsaca",
    "gate_trust_threshold": 0.6,
    "gate_ema_alpha": 0.3,
    "atom_warmup": 3,
    "homogeneous": false,
    "use_tom": true,
    "use_talk": true,
    "adaptive_tom": true,
    "gated_talk_tom": true,
    "diversity_preserving_gate": true
  },
  "team_mean_payoff": 1.7694058056525228
}