{
  "perspective_diversity": 0.017524837268502055,
  "cooperation_payoff": 2.2066666666666666,
  "cooperation_payoff_ci": [
    1.8065,
    2.653499999999999
  ],
  "equilibrium_convergence": 0.9866666666666667,
  "tom_prediction_accuracy": 0.5366666666666666,
  "tom_prediction_accuracy_ci": [
    0.48,
    0.5933333333333334
  ],
  "n_episodes": 30,
  "action_dist_agent1": [
    0.4066666666666667,
    0.5933333333333334
  ],
  "per_episode_payoffs": [
    1.8,
    1.6,
    1.4,
    1.2,
    3.8,
    2.2,
    2.2,
    1.6,
    2.6,
    2.0,
    2.2,
    1.4,
    0.4,
    2.2,
    4.0,
    4.6,
    2.4,
    2.0,
    1.6,
    1.2,
    4.6,
    1.8,
    0.8,
    2.8,
    1.2,
    2.0,
    3.6,
    1.6,
    0.8,
    4.6
  ],
  "gate_trust_rate": 0.78,
  "gated_prediction_accuracy": 0.63,
  "signal_accuracy": 0.6366666666666667,
  "tom_belief_accuracy_in_gated": 0.5366666666666666,
  "dp_conflict_rate": 0.5066666666666667,
  "dp_intervention_rate": 0.5066666666666667,
  "cell": "het_dp_gated_atom_talk",
  "wall_time_s": 375.25088596343994,
  "config": {
    "game": "chicken",
    "n_agents": 2,
    "horizon": 5,
    "memory": 2,
    "models_homo": "Qwen/Qwen2.5-7B-Instruct",
    "temp_homo": 0.7,
    "tom_order": 1,
    "seed": 46,
    "cell_name": "het_dp_gated_atom_talk",
    "gate_trust_threshold": 0.6,
    "gate_ema_alpha": 0.3,
    "atom_warmup": 3,
    "homogeneous": false,
    "use_tom": true,
    "use_talk": true,
    "adaptive_tom": true,
    "gated_talk_tom": true,
    "diversity_preserving_gate": true
  },
  "team_mean_payoff": 2.02
}