{
  "perspective_diversity": 0.02140790915384773,
  "cooperation_payoff": 1.7,
  "cooperation_payoff_ci": [
    1.3866666666666665,
    1.9800000000000002
  ],
  "equilibrium_convergence": 0.8,
  "tom_prediction_accuracy": 0.7533333333333333,
  "tom_prediction_accuracy_ci": [
    0.7033333333333334,
    0.8
  ],
  "n_episodes": 30,
  "action_dist_agent1": [
    0.7133333333333334,
    0.2866666666666667
  ],
  "per_episode_payoffs": [
    1.6,
    2.0,
    0.4,
    -0.2,
    2.0,
    2.0,
    0.4,
    2.2,
    1.4,
    2.0,
    3.0,
    3.0,
    2.0,
    1.8,
    0.6,
    -0.6,
    2.0,
    2.0,
    2.0,
    2.0,
    3.0,
    2.2,
    2.0,
    0.8,
    2.2,
    1.6,
    2.0,
    2.0,
    2.0,
    1.6
  ],
  "gate_trust_rate": 0.9,
  "gated_prediction_accuracy": 0.7666666666666667,
  "signal_accuracy": 0.7733333333333333,
  "tom_belief_accuracy_in_gated": 0.7533333333333333,
  "dp_conflict_rate": 0.2733333333333333,
  "dp_intervention_rate": 0.2733333333333333,
  "cell": "hom_gsaca",
  "gsaca_detected_structure": "anti_coord",
  "gsaca_oracle_structure": "anti_coord",
  "gsaca_detection_correct": true,
  "gsaca_split_score": 0.2894736842105263,
  "gsaca_warmup_episodes": 5,
  "gsaca_n_observations": 25,
  "wall_time_s": 801.2223556041718,
  "config": {
    "game": "hawk_dove",
    "n_agents": 2,
    "horizon": 5,
    "memory": 2,
    "models_homo": "THUDM/GLM-4-9B-0414",
    "temp_homo": 0.7,
    "tom_order": 1,
    "seed": 44,
    "cell_name": "hom_gsaca",
    "gate_trust_threshold": 0.6,
    "gate_ema_alpha": 0.3,
    "atom_warmup": 3,
    "homogeneous": true,
    "use_tom": true,
    "use_talk": true,
    "adaptive_tom": true,
    "gated_talk_tom": true,
    "diversity_preserving_gate": true
  },
  "team_mean_payoff": 1.5699999999999998
}