{
  "perspective_diversity": 0.07196936439896859,
  "cooperation_payoff": -0.013333333333333343,
  "cooperation_payoff_ci": [
    -0.14666666666666667,
    0.12000000000000001
  ],
  "equilibrium_convergence": 0.9866666666666667,
  "tom_prediction_accuracy": 0.5466666666666666,
  "tom_prediction_accuracy_ci": [
    0.49,
    0.6033333333333334
  ],
  "n_episodes": 30,
  "action_dist_agent1": [
    0.3,
    0.7
  ],
  "per_episode_payoffs": [
    -0.2,
    -0.2,
    -0.2,
    -0.2,
    0.6,
    -0.2,
    -0.2,
    -0.6,
    0.2,
    -0.2,
    0.2,
    0.2,
    -0.6,
    0.6,
    -0.2,
    0.2,
    0.2,
    0.6,
    0.6,
    0.6,
    -0.2,
    0.2,
    -0.6,
    -0.2,
    0.2,
    0.2,
    -0.6,
    -0.2,
    -0.6,
    0.2
  ],
  "gate_trust_rate": 0.62,
  "gated_prediction_accuracy": 0.56,
  "signal_accuracy": 0.49333333333333335,
  "tom_belief_accuracy_in_gated": 0.5466666666666666,
  "dp_conflict_rate": 0.5533333333333333,
  "dp_intervention_rate": 0.5533333333333333,
  "cell": "het_gated_atom_talk",
  "wall_time_s": 478.8753845691681,
  "config": {
    "game": "matching_pennies",
    "n_agents": 2,
    "horizon": 5,
    "memory": 2,
    "models_homo": "Qwen/Qwen2.5-7B-Instruct",
    "temp_homo": 0.7,
    "tom_order": 1,
    "seed": 42,
    "cell_name": "het_gated_atom_talk",
    "gate_trust_threshold": 0.6,
    "gate_ema_alpha": 0.3,
    "atom_warmup": 3,
    "homogeneous": false,
    "use_tom": true,
    "use_talk": true,
    "adaptive_tom": true,
    "gated_talk_tom": true,
    "diversity_preserving_gate": false
  },
  "team_mean_payoff": 0.0
}