{
  "perspective_diversity": 0.4564078384985794,
  "cooperation_payoff": 3.2399999999999998,
  "cooperation_payoff_ci": [
    2.853333333333332,
    3.6266666666666656
  ],
  "equilibrium_convergence": 0.9733333333333333,
  "tom_prediction_accuracy": 0.6733333333333333,
  "tom_prediction_accuracy_ci": [
    0.62,
    0.7267499999999996
  ],
  "n_episodes": 30,
  "action_dist_agent1": [
    0.26666666666666666,
    0.7333333333333333
  ],
  "per_episode_payoffs": [
    4.2,
    3.6,
    3.6,
    2.8,
    0.8,
    3.6,
    4.6,
    1.6,
    2.8,
    2.6,
    3.2,
    2.6,
    2.6,
    4.0,
    1.2,
    4.6,
    2.0,
    3.6,
    4.6,
    1.6,
    4.6,
    3.2,
    4.6,
    3.6,
    3.6,
    1.8,
    3.2,
    4.6,
    4.6,
    3.2
  ],
  "gate_trust_rate": 0.91,
  "gated_prediction_accuracy": 0.6866666666666666,
  "signal_accuracy": 0.6766666666666666,
  "tom_belief_accuracy_in_gated": 0.6733333333333333,
  "dp_conflict_rate": 0.25,
  "dp_intervention_rate": 0.25,
  "cell": "het_dp_gated_atom_talk",
  "wall_time_s": 443.82908606529236,
  "config": {
    "game": "chicken",
    "n_agents": 2,
    "horizon": 5,
    "memory": 2,
    "models_homo": "Qwen/Qwen2.5-7B-Instruct",
    "temp_homo": 0.7,
    "tom_order": 1,
    "seed": 42,
    "cell_name": "het_dp_gated_atom_talk",
    "gate_trust_threshold": 0.6,
    "gate_ema_alpha": 0.2,
    "atom_warmup": 3,
    "homogeneous": false,
    "use_tom": true,
    "use_talk": true,
    "adaptive_tom": true,
    "gated_talk_tom": true,
    "diversity_preserving_gate": true
  },
  "team_mean_payoff": 2.32
}