{
  "perspective_diversity": 0.24730622028285382,
  "cooperation_payoff": 2.8333333333333335,
  "cooperation_payoff_ci": [
    2.42,
    3.266833333333332
  ],
  "equilibrium_convergence": 0.9733333333333334,
  "tom_prediction_accuracy": 0.6833333333333333,
  "tom_prediction_accuracy_ci": [
    0.63,
    0.7333333333333333
  ],
  "n_episodes": 30,
  "action_dist_agent1": [
    0.28,
    0.72
  ],
  "per_episode_payoffs": [
    1.6,
    1.6,
    1.8,
    1.4,
    4.6,
    4.6,
    4.6,
    2.6,
    2.6,
    1.2,
    2.6,
    3.6,
    3.6,
    1.4,
    3.6,
    1.0,
    3.2,
    2.6,
    3.6,
    1.6,
    4.6,
    2.2,
    4.6,
    3.6,
    2.2,
    4.6,
    2.8,
    1.6,
    3.2,
    2.2
  ],
  "gate_trust_rate": 0.85,
  "gated_prediction_accuracy": 0.6733333333333333,
  "signal_accuracy": 0.6566666666666666,
  "tom_belief_accuracy_in_gated": 0.6833333333333333,
  "dp_conflict_rate": 0.23333333333333334,
  "dp_intervention_rate": 0.23333333333333334,
  "cell": "het_dp_gated_atom_talk",
  "wall_time_s": 520.4082012176514,
  "config": {
    "game": "chicken",
    "n_agents": 2,
    "horizon": 5,
    "memory": 2,
    "models_homo": "Qwen/Qwen2.5-7B-Instruct",
    "temp_homo": 0.7,
    "tom_order": 1,
    "seed": 43,
    "cell_name": "het_dp_gated_atom_talk",
    "gate_trust_threshold": 0.75,
    "gate_ema_alpha": 0.3,
    "atom_warmup": 3,
    "homogeneous": false,
    "use_tom": true,
    "use_talk": true,
    "adaptive_tom": true,
    "gated_talk_tom": true,
    "diversity_preserving_gate": true
  },
  "team_mean_payoff": 2.14
}