{
  "perspective_diversity": 0.24198307383539236,
  "cooperation_payoff": 2.473333333333333,
  "cooperation_payoff_ci": [
    2.273333333333334,
    2.6600000000000006
  ],
  "equilibrium_convergence": 0.9866666666666667,
  "tom_prediction_accuracy": 0.5933333333333334,
  "tom_prediction_accuracy_ci": [
    0.5399166666666668,
    0.65
  ],
  "n_episodes": 30,
  "action_dist_agent1": [
    0.4866666666666667,
    0.5133333333333333
  ],
  "per_episode_payoffs": [
    2.6,
    3.2,
    2.4,
    1.0,
    2.2,
    3.2,
    2.6,
    2.8,
    2.4,
    2.2,
    2.2,
    0.8,
    2.6,
    2.4,
    2.8,
    2.2,
    2.6,
    2.6,
    3.2,
    2.2,
    2.2,
    2.2,
    2.4,
    3.2,
    2.2,
    3.2,
    2.6,
    2.8,
    2.6,
    2.6
  ],
  "gate_trust_rate": 0.9466666666666667,
  "gated_prediction_accuracy": 0.7066666666666667,
  "signal_accuracy": 0.7,
  "tom_belief_accuracy_in_gated": 0.5933333333333334,
  "dp_conflict_rate": 0.30666666666666664,
  "dp_intervention_rate": 0.30666666666666664,
  "cell": "het_gsaca",
  "gsaca_detected_structure": "anti_coord",
  "gsaca_oracle_structure": "anti_coord",
  "gsaca_detection_correct": true,
  "gsaca_split_score": 0.33333333333333326,
  "gsaca_warmup_episodes": 5,
  "gsaca_n_observations": 25,
  "wall_time_s": 571.6912779808044,
  "config": {
    "game": "deadlock",
    "n_agents": 2,
    "horizon": 5,
    "memory": 2,
    "models_homo": "Qwen/Qwen2.5-7B-Instruct",
    "temp_homo": 0.7,
    "tom_order": 1,
    "seed": 51,
    "cell_name": "het_gsaca",
    "gate_trust_threshold": 0.6,
    "gate_ema_alpha": 0.3,
    "atom_warmup": 3,
    "homogeneous": false,
    "use_tom": true,
    "use_talk": true,
    "adaptive_tom": true,
    "gated_talk_tom": true,
    "diversity_preserving_gate": true
  },
  "team_mean_payoff": 1.8466666666666665
}