{
  "perspective_diversity": 0.2524749857130509,
  "cooperation_payoff": 2.7199999999999993,
  "cooperation_payoff_ci": [
    2.626666666666666,
    2.8066666666666658
  ],
  "equilibrium_convergence": 0.9733333333333334,
  "tom_prediction_accuracy": 0.8466666666666667,
  "tom_prediction_accuracy_ci": [
    0.8065833333333334,
    0.8833333333333333
  ],
  "n_episodes": 30,
  "action_dist_agent1": [
    0.76,
    0.24
  ],
  "per_episode_payoffs": [
    3.0,
    3.0,
    2.6,
    2.6,
    2.6,
    3.0,
    3.0,
    2.0,
    2.8,
    2.6,
    2.8,
    2.8,
    2.6,
    2.6,
    3.0,
    2.6,
    2.0,
    2.8,
    2.8,
    2.6,
    2.6,
    2.6,
    3.0,
    2.8,
    3.0,
    2.8,
    2.6,
    2.6,
    3.0,
    2.8
  ],
  "gate_trust_rate": 0.9833333333333333,
  "gated_prediction_accuracy": 0.8866666666666667,
  "signal_accuracy": 0.8833333333333333,
  "tom_belief_accuracy_in_gated": 0.8466666666666667,
  "dp_conflict_rate": 0.07666666666666666,
  "dp_intervention_rate": 0.07666666666666666,
  "cell": "het_dp_gated_atom_talk",
  "wall_time_s": 500.4699728488922,
  "config": {
    "game": "stag_hunt",
    "n_agents": 2,
    "horizon": 5,
    "memory": 2,
    "models_homo": "Qwen/Qwen2.5-7B-Instruct",
    "temp_homo": 0.7,
    "tom_order": 1,
    "seed": 45,
    "cell_name": "het_dp_gated_atom_talk",
    "homogeneous": false,
    "use_tom": true,
    "use_talk": true,
    "adaptive_tom": true,
    "gated_talk_tom": true,
    "diversity_preserving_gate": true
  },
  "team_mean_payoff": 2.5200000000000005
}