{
  "perspective_diversity": 0.03615037210971324,
  "cooperation_payoff": 1.0807049106656186,
  "cooperation_payoff_ci": [
    0.561731182597279,
    1.5537240669969452
  ],
  "equilibrium_convergence": 1.0,
  "tom_prediction_accuracy": 0.6366666666666667,
  "tom_prediction_accuracy_ci": [
    0.58,
    0.69
  ],
  "n_episodes": 30,
  "action_dist_agent1": [
    0.4666666666666667,
    0.5333333333333333
  ],
  "per_episode_payoffs": [
    3.6414258569267277,
    1.9209943304180208,
    1.9742676042224674,
    -1.309591990892844,
    -0.7996699300387176,
    0.8377865633105731,
    3.0358369234086195,
    0.2176350089551665,
    0.2998656535570558,
    0.32238884788422806,
    -0.02999668187982074,
    2.5073568618138635,
    -1.3932666144084722,
    2.149560203423194,
    1.311592413417598,
    2.887201340067836,
    2.3088958723356767,
    2.7016364294607866,
    -0.26171226600875735,
    0.6405510273532447,
    0.5487514819513274,
    2.697807245029292,
    -0.6098192814813109,
    -0.233859406266372,
    2.6736703467481227,
    0.6412682805454324,
    0.687347628580033,
    0.37456576613911563,
    1.336287874163461,
    1.3423699312330117
  ],
  "gate_trust_rate": 0.8566666666666667,
  "gated_prediction_accuracy": 0.64,
  "signal_accuracy": 0.6633333333333333,
  "tom_belief_accuracy_in_gated": 0.6366666666666667,
  "dp_conflict_rate": 0.42,
  "dp_intervention_rate": 0.42,
  "cell": "het_gsaca",
  "gsaca_detected_structure": "anti_coord",
  "gsaca_oracle_structure": "anti_coord",
  "gsaca_detection_correct": true,
  "gsaca_split_score": 0.4070121070085646,
  "gsaca_warmup_episodes": 5,
  "gsaca_n_observations": 25,
  "wall_time_s": 490.0602741241455,
  "config": {
    "game": "hawk_dove",
    "n_agents": 2,
    "horizon": 5,
    "memory": 2,
    "models_homo": "Qwen/Qwen2.5-7B-Instruct",
    "temp_homo": 0.7,
    "tom_order": 1,
    "seed": 45,
    "cell_name": "het_gsaca",
    "gate_trust_threshold": 0.6,
    "gate_ema_alpha": 0.3,
    "atom_warmup": 3,
    "homogeneous": false,
    "use_tom": true,
    "use_talk": true,
    "adaptive_tom": true,
    "gated_talk_tom": true,
    "diversity_preserving_gate": true
  },
  "team_mean_payoff": 0.9927391389858565
}