{
  "perspective_diversity": 0.336434335901226,
  "cooperation_payoff": 3.0999999999999996,
  "cooperation_payoff_ci": [
    2.7466666666666666,
    3.453333333333333
  ],
  "equilibrium_convergence": 0.9866666666666667,
  "tom_prediction_accuracy": 0.6333333333333333,
  "tom_prediction_accuracy_ci": [
    0.5766666666666667,
    0.6866666666666666
  ],
  "n_episodes": 30,
  "action_dist_agent1": [
    0.2866666666666667,
    0.7133333333333334
  ],
  "per_episode_payoffs": [
    4.0,
    1.6,
    2.2,
    2.8,
    2.6,
    3.6,
    1.6,
    3.2,
    2.2,
    1.6,
    2.8,
    4.2,
    4.2,
    2.2,
    1.4,
    4.2,
    3.6,
    2.4,
    4.6,
    3.6,
    4.2,
    4.6,
    3.6,
    3.0,
    2.6,
    3.2,
    4.6,
    2.2,
    3.6,
    2.8
  ],
  "gate_trust_rate": 0.8833333333333333,
  "gated_prediction_accuracy": 0.6633333333333333,
  "signal_accuracy": 0.64,
  "tom_belief_accuracy_in_gated": 0.6333333333333333,
  "dp_conflict_rate": 0.28,
  "dp_intervention_rate": 0.28,
  "cell": "het_3arm",
  "gsaca_detected_structure": "anti_coord",
  "gsaca_oracle_structure": "anti_coord",
  "gsaca_detection_correct": true,
  "gsaca_split_score": 1.9285714285714286,
  "gsaca_warmup_episodes": 5,
  "gsaca_n_observations": 25,
  "gsaca_3arm_selected": "CGA",
  "gsaca_3arm_tau": 0.6,
  "wall_time_s": 510.3739333152771,
  "config": {
    "game": "chicken",
    "n_agents": 2,
    "horizon": 5,
    "memory": 2,
    "models_homo": "Qwen/Qwen2.5-7B-Instruct",
    "temp_homo": 0.7,
    "tom_order": 1,
    "seed": 45,
    "cell_name": "het_3arm",
    "gate_trust_threshold": 0.6,
    "gate_ema_alpha": 0.3,
    "atom_warmup": 3,
    "homogeneous": false,
    "use_tom": true,
    "use_talk": true,
    "adaptive_tom": true,
    "gated_talk_tom": true,
    "diversity_preserving_gate": true
  },
  "team_mean_payoff": 2.3000000000000003
}