{
  "perspective_diversity": 0.0779348874150971,
  "cooperation_payoff": 1.4733333333333332,
  "cooperation_payoff_ci": [
    1.153333333333333,
    1.7999999999999998
  ],
  "equilibrium_convergence": 0.9866666666666667,
  "tom_prediction_accuracy": 0.5933333333333334,
  "tom_prediction_accuracy_ci": [
    0.5366666666666666,
    0.65
  ],
  "n_episodes": 30,
  "action_dist_agent1": [
    0.46,
    0.54
  ],
  "per_episode_payoffs": [
    1.6,
    0.8,
    2.4,
    1.4,
    1.8,
    2.0,
    2.8,
    2.8,
    0.6,
    1.4,
    1.8,
    2.0,
    1.6,
    1.2,
    2.4,
    2.8,
    0.4,
    0.4,
    -0.2,
    0.6,
    2.0,
    2.8,
    1.0,
    1.0,
    1.2,
    2.0,
    0.0,
    0.8,
    2.8,
    0.0
  ],
  "gate_trust_rate": 0.86,
  "gated_prediction_accuracy": 0.6233333333333333,
  "signal_accuracy": 0.6366666666666667,
  "tom_belief_accuracy_in_gated": 0.5933333333333334,
  "dp_conflict_rate": 0.38333333333333336,
  "dp_intervention_rate": 0.38333333333333336,
  "cell": "het_gsaca",
  "gsaca_detected_structure": "anti_coord",
  "gsaca_oracle_structure": "anti_coord",
  "gsaca_detection_correct": true,
  "gsaca_split_score": 0.1428571428571428,
  "gsaca_warmup_episodes": 5,
  "gsaca_n_observations": 25,
  "wall_time_s": 428.6738004684448,
  "config": {
    "game": "hawk_dove",
    "n_agents": 2,
    "horizon": 5,
    "memory": 2,
    "models_homo": "Qwen/Qwen2.5-7B-Instruct",
    "temp_homo": 0.7,
    "tom_order": 1,
    "seed": 42,
    "cell_name": "het_gsaca",
    "gate_trust_threshold": 0.6,
    "gate_ema_alpha": 0.3,
    "atom_warmup": 3,
    "homogeneous": false,
    "use_tom": true,
    "use_talk": true,
    "adaptive_tom": true,
    "gated_talk_tom": true,
    "diversity_preserving_gate": true
  },
  "team_mean_payoff": 1.1833333333333336
}