{
  "perspective_diversity": 0.086070735382201,
  "cooperation_payoff": 2.5733333333333333,
  "cooperation_payoff_ci": [
    2.5186333333333333,
    2.6253333333333333
  ],
  "equilibrium_convergence": 1.0,
  "tom_prediction_accuracy": 0.6366666666666667,
  "tom_prediction_accuracy_ci": [
    0.5833333333333334,
    0.6900833333333328
  ],
  "n_episodes": 30,
  "action_dist_agent1": [
    0.7066666666666667,
    0.29333333333333333
  ],
  "per_episode_payoffs": [
    2.52,
    2.5599999999999996,
    2.56,
    2.76,
    2.7199999999999998,
    2.5200000000000005,
    2.56,
    2.72,
    2.6,
    2.7600000000000002,
    2.56,
    2.72,
    2.6799999999999997,
    2.4800000000000004,
    2.2,
    2.6800000000000006,
    2.72,
    2.6800000000000006,
    2.72,
    2.44,
    2.6,
    2.6,
    2.3200000000000003,
    2.4800000000000004,
    2.5200000000000005,
    2.6799999999999997,
    2.72,
    2.16,
    2.5200000000000005,
    2.44
  ],
  "gate_trust_rate": 0.9633333333333334,
  "gated_prediction_accuracy": 0.8433333333333334,
  "signal_accuracy": 0.88,
  "tom_belief_accuracy_in_gated": 0.6366666666666667,
  "dp_conflict_rate": 0.3433333333333333,
  "dp_intervention_rate": 0.3433333333333333,
  "cell": "het_3arm",
  "gsaca_detected_structure": "coord",
  "gsaca_oracle_structure": "coord",
  "gsaca_detection_correct": true,
  "gsaca_split_score": -0.16500000000000048,
  "gsaca_warmup_episodes": 5,
  "gsaca_n_observations": 25,
  "gsaca_3arm_selected": "NoToM",
  "gsaca_3arm_tau": 0.4,
  "wall_time_s": 741.7926163673401,
  "config": {
    "game": "public_goods",
    "n_agents": 4,
    "horizon": 5,
    "memory": 2,
    "models_homo": "Qwen/Qwen2.5-7B-Instruct",
    "temp_homo": 0.7,
    "tom_order": 1,
    "seed": 45,
    "cell_name": "het_3arm",
    "gate_trust_threshold": 0.6,
    "gate_ema_alpha": 0.3,
    "atom_warmup": 3,
    "homogeneous": false,
    "use_tom": true,
    "use_talk": true,
    "adaptive_tom": true,
    "gated_talk_tom": true,
    "diversity_preserving_gate": true
  },
  "team_mean_payoff": 2.480000000000001
}