{
  "perspective_diversity": 0.08095904552969377,
  "cooperation_payoff": 0.22666666666666666,
  "cooperation_payoff_ci": [
    0.07966666666666723,
    0.3866666666666666
  ],
  "equilibrium_convergence": 0.9333333333333333,
  "tom_prediction_accuracy": 0.5033333333333333,
  "tom_prediction_accuracy_ci": [
    0.44666666666666666,
    0.56
  ],
  "n_episodes": 30,
  "action_dist_agent1": [
    0.3933333333333333,
    0.6066666666666667
  ],
  "per_episode_payoffs": [
    0.6,
    0.2,
    1.0,
    0.2,
    -0.2,
    -0.2,
    0.2,
    0.6,
    0.6,
    0.2,
    -0.2,
    0.2,
    -0.2,
    0.6,
    0.2,
    -0.2,
    -0.2,
    0.6,
    1.0,
    0.2,
    0.2,
    0.6,
    -0.2,
    0.2,
    0.6,
    -0.2,
    1.0,
    -0.2,
    0.2,
    -0.6
  ],
  "gate_trust_rate": 0.8,
  "gated_prediction_accuracy": 0.6,
  "signal_accuracy": 0.62,
  "tom_belief_accuracy_in_gated": 0.5033333333333333,
  "dp_conflict_rate": 0.4766666666666667,
  "dp_intervention_rate": 0.4766666666666667,
  "cell": "het_dp_gated_atom_talk",
  "wall_time_s": 432.7446208000183,
  "config": {
    "game": "matching_pennies",
    "n_agents": 2,
    "horizon": 5,
    "memory": 2,
    "models_homo": "Qwen/Qwen2.5-7B-Instruct",
    "temp_homo": 0.7,
    "tom_order": 1,
    "seed": 43,
    "cell_name": "het_dp_gated_atom_talk",
    "gate_trust_threshold": 0.6,
    "gate_ema_alpha": 0.3,
    "atom_warmup": 3,
    "homogeneous": false,
    "use_tom": true,
    "use_talk": true,
    "adaptive_tom": true,
    "gated_talk_tom": true,
    "diversity_preserving_gate": true
  },
  "team_mean_payoff": 0.0
}