{
  "perspective_diversity": 0.1907867532400883,
  "cooperation_payoff": 2.5866666666666664,
  "cooperation_payoff_ci": [
    2.5399666666666665,
    2.6346666666666665
  ],
  "equilibrium_convergence": 0.8400000000000001,
  "tom_prediction_accuracy": 0.62,
  "tom_prediction_accuracy_ci": [
    0.5633333333333334,
    0.6766666666666666
  ],
  "n_episodes": 30,
  "action_dist_agent1": [
    0.6533333333333333,
    0.3466666666666667
  ],
  "per_episode_payoffs": [
    2.4,
    2.4800000000000004,
    2.6799999999999997,
    2.4400000000000004,
    2.6399999999999997,
    2.6800000000000006,
    2.7199999999999998,
    2.4,
    2.6,
    2.9200000000000004,
    2.6399999999999997,
    2.4800000000000004,
    2.64,
    2.3600000000000003,
    2.6,
    2.5200000000000005,
    2.6,
    2.5999999999999996,
    2.52,
    2.72,
    2.6399999999999997,
    2.8,
    2.3200000000000003,
    2.5599999999999996,
    2.72,
    2.64,
    2.8,
    2.4400000000000004,
    2.6,
    2.4400000000000004
  ],
  "gate_trust_rate": 0.8766666666666667,
  "gated_prediction_accuracy": 0.7366666666666667,
  "signal_accuracy": 0.8,
  "tom_belief_accuracy_in_gated": 0.62,
  "dp_conflict_rate": 0.38666666666666666,
  "dp_intervention_rate": 0.38666666666666666,
  "cell": "het_3arm",
  "gsaca_detected_structure": "coord",
  "gsaca_oracle_structure": "coord",
  "gsaca_detection_correct": true,
  "gsaca_split_score": -0.17000000000000037,
  "gsaca_warmup_episodes": 5,
  "gsaca_n_observations": 25,
  "gsaca_3arm_selected": "NoToM",
  "gsaca_3arm_tau": 0.4,
  "wall_time_s": 721.2328474521637,
  "config": {
    "game": "public_goods",
    "n_agents": 4,
    "horizon": 5,
    "memory": 2,
    "models_homo": "Qwen/Qwen2.5-7B-Instruct",
    "temp_homo": 0.7,
    "tom_order": 1,
    "seed": 43,
    "cell_name": "het_3arm",
    "gate_trust_threshold": 0.6,
    "gate_ema_alpha": 0.3,
    "atom_warmup": 3,
    "homogeneous": false,
    "use_tom": true,
    "use_talk": true,
    "adaptive_tom": true,
    "gated_talk_tom": true,
    "diversity_preserving_gate": true
  },
  "team_mean_payoff": 2.4650000000000003
}