{
  "perspective_diversity": 0.003473999898575643,
  "cooperation_payoff": 1.9200000000000002,
  "cooperation_payoff_ci": [
    1.7065,
    2.1533333333333333
  ],
  "equilibrium_convergence": 0.9733333333333333,
  "tom_prediction_accuracy": 0.63,
  "tom_prediction_accuracy_ci": [
    0.5765833333333334,
    0.6866666666666666
  ],
  "n_episodes": 30,
  "action_dist_agent1": [
    0.6133333333333333,
    0.38666666666666666
  ],
  "per_episode_payoffs": [
    2.2,
    1.8,
    0.8,
    1.4,
    1.6,
    2.6,
    1.4,
    1.4,
    1.8,
    1.8,
    2.0,
    1.8,
    1.8,
    1.8,
    2.8,
    2.0,
    2.0,
    1.8,
    2.2,
    3.2,
    2.0,
    0.8,
    1.6,
    0.8,
    2.8,
    1.4,
    3.2,
    2.0,
    2.8,
    2.0
  ],
  "gate_trust_rate": 0.9433333333333334,
  "gated_prediction_accuracy": 0.71,
  "signal_accuracy": 0.7,
  "tom_belief_accuracy_in_gated": 0.63,
  "dp_conflict_rate": 0.25,
  "dp_intervention_rate": 0.25,
  "cell": "het_gated_atom_talk",
  "wall_time_s": 492.16668701171875,
  "config": {
    "game": "deadlock",
    "n_agents": 2,
    "horizon": 5,
    "memory": 2,
    "models_homo": "Qwen/Qwen2.5-7B-Instruct",
    "temp_homo": 0.7,
    "tom_order": 1,
    "seed": 42,
    "cell_name": "het_gated_atom_talk",
    "homogeneous": false,
    "use_tom": true,
    "use_talk": true,
    "adaptive_tom": true,
    "gated_talk_tom": true,
    "diversity_preserving_gate": false
  },
  "team_mean_payoff": 1.8399999999999999
}