{
  "perspective_diversity": 0.1462667801699527,
  "cooperation_payoff": 2.286666666666667,
  "cooperation_payoff_ci": [
    2.1065,
    2.460166666666666
  ],
  "equilibrium_convergence": 0.9866666666666666,
  "tom_prediction_accuracy": 0.6066666666666667,
  "tom_prediction_accuracy_ci": [
    0.5533333333333333,
    0.6633333333333333
  ],
  "n_episodes": 30,
  "action_dist_agent1": [
    0.44666666666666666,
    0.5533333333333333
  ],
  "per_episode_payoffs": [
    3.0,
    3.0,
    2.4,
    3.0,
    2.0,
    2.6,
    2.4,
    2.2,
    2.0,
    1.8,
    2.6,
    1.8,
    2.6,
    2.8,
    1.0,
    2.0,
    1.8,
    2.6,
    2.6,
    3.2,
    2.6,
    2.2,
    2.6,
    2.2,
    2.0,
    1.0,
    1.8,
    2.2,
    2.2,
    2.4
  ],
  "gate_trust_rate": 0.8566666666666667,
  "gated_prediction_accuracy": 0.6333333333333333,
  "signal_accuracy": 0.6366666666666667,
  "tom_belief_accuracy_in_gated": 0.6066666666666667,
  "dp_conflict_rate": 0.3233333333333333,
  "dp_intervention_rate": 0.3233333333333333,
  "cell": "het_dp_gated_atom_talk",
  "wall_time_s": 538.9794931411743,
  "config": {
    "game": "deadlock",
    "n_agents": 2,
    "horizon": 5,
    "memory": 2,
    "models_homo": "Qwen/Qwen2.5-7B-Instruct",
    "temp_homo": 0.7,
    "tom_order": 1,
    "seed": 52,
    "cell_name": "het_dp_gated_atom_talk",
    "gate_trust_threshold": 0.6,
    "gate_ema_alpha": 0.3,
    "atom_warmup": 3,
    "homogeneous": false,
    "use_tom": true,
    "use_talk": true,
    "adaptive_tom": true,
    "gated_talk_tom": true,
    "diversity_preserving_gate": true
  },
  "team_mean_payoff": 1.7666666666666664
}