{
  "perspective_diversity": 0.17047388753879247,
  "cooperation_payoff": 2.7933333333333334,
  "cooperation_payoff_ci": [
    2.48,
    3.1199999999999997
  ],
  "equilibrium_convergence": 0.7333333333333333,
  "tom_prediction_accuracy": 0.6966666666666667,
  "tom_prediction_accuracy_ci": [
    0.6433333333333333,
    0.7466666666666667
  ],
  "n_episodes": 30,
  "action_dist_agent1": [
    0.37333333333333335,
    0.6266666666666667
  ],
  "per_episode_payoffs": [
    1.6,
    1.2,
    0.6,
    3.0,
    3.0,
    3.2,
    3.0,
    3.2,
    3.2,
    2.2,
    3.6,
    2.2,
    2.2,
    3.0,
    3.0,
    3.0,
    2.4,
    4.2,
    2.0,
    3.0,
    2.8,
    3.0,
    3.0,
    1.0,
    4.0,
    3.0,
    3.0,
    3.0,
    3.2,
    5.0
  ],
  "gate_trust_rate": 0.88,
  "gated_prediction_accuracy": 0.6933333333333334,
  "signal_accuracy": 0.6466666666666666,
  "tom_belief_accuracy_in_gated": 0.6966666666666667,
  "dp_conflict_rate": 0.23,
  "dp_intervention_rate": 0.23,
  "cell": "het_gated_atom_talk",
  "wall_time_s": 464.05092906951904,
  "config": {
    "game": "chicken",
    "n_agents": 2,
    "horizon": 5,
    "memory": 2,
    "models_homo": "Qwen/Qwen2.5-7B-Instruct",
    "temp_homo": 0.7,
    "tom_order": 1,
    "seed": 43,
    "cell_name": "het_gated_atom_talk",
    "gate_trust_threshold": 0.6,
    "gate_ema_alpha": 0.3,
    "atom_warmup": 3,
    "homogeneous": false,
    "use_tom": true,
    "use_talk": true,
    "adaptive_tom": true,
    "gated_talk_tom": true,
    "diversity_preserving_gate": false
  },
  "team_mean_payoff": 2.2199999999999998
}