{
  "perspective_diversity": 0.08422029509262888,
  "cooperation_payoff": 1.5199999999999998,
  "cooperation_payoff_ci": [
    1.1933333333333336,
    1.8666666666666663
  ],
  "equilibrium_convergence": 0.9466666666666667,
  "tom_prediction_accuracy": 0.6133333333333333,
  "tom_prediction_accuracy_ci": [
    0.56,
    0.6666666666666666
  ],
  "n_episodes": 30,
  "action_dist_agent1": [
    0.4666666666666667,
    0.5333333333333333
  ],
  "per_episode_payoffs": [
    0.4,
    2.4,
    0.6,
    2.8,
    1.2,
    2.8,
    -0.2,
    1.2,
    1.6,
    0.2,
    1.6,
    2.0,
    2.8,
    0.2,
    1.6,
    1.2,
    2.8,
    0.2,
    1.8,
    1.2,
    0.6,
    2.8,
    0.2,
    1.8,
    2.6,
    2.6,
    1.2,
    2.8,
    0.8,
    1.8
  ],
  "gate_trust_rate": 0.8333333333333334,
  "gated_prediction_accuracy": 0.6066666666666667,
  "signal_accuracy": 0.62,
  "tom_belief_accuracy_in_gated": 0.6133333333333333,
  "dp_conflict_rate": 0.36666666666666664,
  "dp_intervention_rate": 0.36666666666666664,
  "cell": "het_role_asym",
  "wall_time_s": 576.054345369339,
  "config": {
    "game": "hawk_dove",
    "n_agents": 2,
    "horizon": 5,
    "memory": 2,
    "models_homo": "Qwen/Qwen2.5-7B-Instruct",
    "temp_homo": 0.7,
    "tom_order": 1,
    "seed": 46,
    "cell_name": "het_role_asym",
    "gate_trust_threshold": 0.6,
    "gate_ema_alpha": 0.3,
    "atom_warmup": 3,
    "homogeneous": false,
    "use_tom": true,
    "use_talk": true,
    "adaptive_tom": true,
    "gated_talk_tom": true,
    "diversity_preserving_gate": true,
    "role_asymmetric_hint": true
  },
  "team_mean_payoff": 1.2200000000000002
}