{
  "perspective_diversity": 0.0010968266983449534,
  "cooperation_payoff": 2.167019121999476,
  "cooperation_payoff_ci": [
    1.8431713936297758,
    2.4418671667024685
  ],
  "equilibrium_convergence": 0.8666666666666667,
  "tom_prediction_accuracy": 0.7533333333333333,
  "tom_prediction_accuracy_ci": [
    0.7033333333333334,
    0.8
  ],
  "n_episodes": 30,
  "action_dist_agent1": [
    0.7733333333333333,
    0.22666666666666666
  ],
  "per_episode_payoffs": [
    1.8207129284633639,
    2.6604971652090104,
    1.687133802111234,
    0.3452040045535781,
    -0.2998349650193588,
    2.918893281655287,
    3.0179184617043098,
    1.8088175044775832,
    2.549932826778528,
    1.9611944239421142,
    2.0850016590600897,
    3.053678430906932,
    1.303366692795764,
    2.1747801017115966,
    3.0557962067087994,
    2.243600670033918,
    2.7544479361678382,
    3.2508182147303932,
    2.0691438669956215,
    3.020275513676622,
    0.9743757409756636,
    2.6489036225146463,
    2.3950903592593447,
    1.0830702968668138,
    2.5368351733740613,
    3.0206341402727164,
    2.4436738142900163,
    2.2872828830695577,
    1.8681439370817305,
    2.271184965616506
  ],
  "gate_trust_rate": 0.88,
  "gated_prediction_accuracy": 0.6,
  "signal_accuracy": 0.64,
  "tom_belief_accuracy_in_gated": 0.56,
  "dp_conflict_rate": 0.36,
  "dp_intervention_rate": 0.36,
  "cell": "het_gsaca",
  "gsaca_detected_structure": "coord",
  "gsaca_oracle_structure": "coord",
  "gsaca_detection_correct": true,
  "gsaca_split_score": -2.228106939068291,
  "gsaca_warmup_episodes": 5,
  "gsaca_n_observations": 25,
  "wall_time_s": 517.5119190216064,
  "config": {
    "game": "battle_of_the_sexes",
    "n_agents": 2,
    "horizon": 5,
    "memory": 2,
    "models_homo": "Qwen/Qwen2.5-7B-Instruct",
    "temp_homo": 0.7,
    "tom_order": 1,
    "seed": 45,
    "cell_name": "het_gsaca",
    "gate_trust_threshold": 0.6,
    "gate_ema_alpha": 0.3,
    "atom_warmup": 3,
    "homogeneous": false,
    "use_tom": true,
    "use_talk": true,
    "adaptive_tom": true,
    "gated_talk_tom": true,
    "diversity_preserving_gate": true
  },
  "team_mean_payoff": 1.9597029028262618
}