{
  "perspective_diversity": 0.3209821855351097,
  "cooperation_payoff": 2.7466666666666657,
  "cooperation_payoff_ci": [
    2.6799999999999997,
    2.8133333333333326
  ],
  "equilibrium_convergence": 0.9733333333333333,
  "tom_prediction_accuracy": 0.84,
  "tom_prediction_accuracy_ci": [
    0.7933333333333333,
    0.88
  ],
  "n_episodes": 30,
  "action_dist_agent1": [
    0.7466666666666667,
    0.25333333333333335
  ],
  "per_episode_payoffs": [
    2.8,
    2.6,
    2.8,
    2.6,
    2.4,
    2.8,
    2.6,
    2.6,
    3.0,
    3.0,
    2.6,
    2.6,
    2.8,
    2.8,
    3.0,
    2.6,
    3.0,
    2.8,
    2.8,
    2.8,
    2.6,
    2.6,
    2.4,
    3.0,
    2.6,
    3.0,
    2.8,
    2.6,
    2.8,
    3.0
  ],
  "gate_trust_rate": 0.9966666666666667,
  "gated_prediction_accuracy": 0.9,
  "signal_accuracy": 0.8966666666666666,
  "tom_belief_accuracy_in_gated": 0.84,
  "dp_conflict_rate": 0.07,
  "dp_intervention_rate": 0.07,
  "cell": "het_dp_gated_atom_talk",
  "wall_time_s": 573.0972156524658,
  "config": {
    "game": "stag_hunt",
    "n_agents": 2,
    "horizon": 5,
    "memory": 2,
    "models_homo": "Qwen/Qwen2.5-7B-Instruct",
    "temp_homo": 0.7,
    "tom_order": 1,
    "seed": 43,
    "cell_name": "het_dp_gated_atom_talk",
    "gate_trust_threshold": 0.6,
    "gate_ema_alpha": 0.3,
    "atom_warmup": 3,
    "homogeneous": false,
    "use_tom": true,
    "use_talk": true,
    "adaptive_tom": true,
    "gated_talk_tom": true,
    "diversity_preserving_gate": true
  },
  "team_mean_payoff": 2.5266666666666664
}