{
  "perspective_diversity": 0.345321742724316,
  "cooperation_payoff": 1.6733333333333333,
  "cooperation_payoff_ci": [
    1.3331666666666666,
    2.0066666666666664
  ],
  "equilibrium_convergence": 0.88,
  "tom_prediction_accuracy": 0.7066666666666667,
  "tom_prediction_accuracy_ci": [
    0.6533333333333333,
    0.76
  ],
  "n_episodes": 30,
  "action_dist_agent1": [
    0.9266666666666666,
    0.07333333333333333
  ],
  "per_episode_payoffs": [
    3.0,
    3.0,
    1.2,
    2.4,
    1.0,
    2.2,
    1.6,
    2.4,
    0.0,
    3.0,
    2.2,
    2.2,
    2.2,
    2.8,
    0.6,
    1.2,
    1.2,
    0.6,
    2.4,
    1.2,
    0.6,
    0.0,
    2.4,
    1.8,
    2.4,
    2.4,
    0.0,
    0.6,
    1.2,
    2.4
  ],
  "gate_trust_rate": 0.7066666666666667,
  "gated_prediction_accuracy": 0.7233333333333334,
  "signal_accuracy": 0.69,
  "tom_belief_accuracy_in_gated": 0.7066666666666667,
  "dp_conflict_rate": 0.3433333333333333,
  "dp_intervention_rate": 0.3433333333333333,
  "cell": "het_dp_gated_atom_talk",
  "wall_time_s": 461.85913705825806,
  "config": {
    "game": "battle_of_the_sexes",
    "n_agents": 2,
    "horizon": 5,
    "memory": 2,
    "models_homo": "Qwen/Qwen2.5-7B-Instruct",
    "temp_homo": 0.7,
    "tom_order": 1,
    "seed": 42,
    "cell_name": "het_dp_gated_atom_talk",
    "gate_trust_threshold": 0.9,
    "gate_ema_alpha": 0.3,
    "atom_warmup": 3,
    "homogeneous": false,
    "use_tom": true,
    "use_talk": true,
    "adaptive_tom": true,
    "gated_talk_tom": true,
    "diversity_preserving_gate": true
  },
  "team_mean_payoff": 1.4333333333333333
}