{
  "perspective_diversity": 0.34685718909346264,
  "cooperation_payoff": 3.060352455332809,
  "cooperation_payoff_ci": [
    2.5513726115233375,
    3.5318768494429573
  ],
  "equilibrium_convergence": 0.9866666666666667,
  "tom_prediction_accuracy": 0.64,
  "tom_prediction_accuracy_ci": [
    0.58,
    0.6933333333333334
  ],
  "n_episodes": 30,
  "action_dist_agent1": [
    0.2733333333333333,
    0.7266666666666667
  ],
  "per_episode_payoffs": [
    4.020712928463364,
    4.06049716520901,
    5.087133802111234,
    1.3452040045535782,
    1.100165034980641,
    1.1188932816552866,
    3.81791846170431,
    3.008817504477583,
    4.749932826778528,
    3.961194423942114,
    1.2850016590600897,
    4.653678430906932,
    3.103366692795764,
    3.9747801017115973,
    3.655796206708799,
    4.643600670033918,
    1.9544479361678384,
    3.2508182147303932,
    1.4691438669956214,
    2.6202755136766225,
    3.974375740975664,
    4.848903622514646,
    3.595090359259345,
    4.283070296866814,
    0.5368351733740612,
    4.620634140272716,
    1.4436738142900165,
    1.487282883069558,
    1.6681439370817306,
    2.471184965616506
  ],
  "gate_trust_rate": 0.8866666666666667,
  "gated_prediction_accuracy": 0.67,
  "signal_accuracy": 0.6766666666666666,
  "tom_belief_accuracy_in_gated": 0.64,
  "dp_conflict_rate": 0.31666666666666665,
  "dp_intervention_rate": 0.31666666666666665,
  "cell": "het_gsaca",
  "gsaca_detected_structure": "anti_coord",
  "gsaca_oracle_structure": "anti_coord",
  "gsaca_detection_correct": true,
  "gsaca_split_score": 2.379189339740603,
  "gsaca_warmup_episodes": 5,
  "gsaca_n_observations": 25,
  "wall_time_s": 445.95368790626526,
  "config": {
    "game": "chicken",
    "n_agents": 2,
    "horizon": 5,
    "memory": 2,
    "models_homo": "Qwen/Qwen2.5-7B-Instruct",
    "temp_homo": 0.7,
    "tom_order": 1,
    "seed": 45,
    "cell_name": "het_gsaca",
    "gate_trust_threshold": 0.6,
    "gate_ema_alpha": 0.3,
    "atom_warmup": 3,
    "homogeneous": false,
    "use_tom": true,
    "use_talk": true,
    "adaptive_tom": true,
    "gated_talk_tom": true,
    "diversity_preserving_gate": true
  },
  "team_mean_payoff": 2.3030362361595946
}