{
  "perspective_diversity": 0.07203422259677286,
  "cooperation_payoff": 1.3301762276664049,
  "cooperation_payoff_ci": [
    0.9675040352177756,
    1.6615761655829844
  ],
  "equilibrium_convergence": 1.0,
  "tom_prediction_accuracy": 0.64,
  "tom_prediction_accuracy_ci": [
    0.5866666666666667,
    0.6966666666666667
  ],
  "n_episodes": 30,
  "action_dist_agent1": [
    0.4533333333333333,
    0.5466666666666666
  ],
  "per_episode_payoffs": [
    1.8103564642316818,
    0.030248582604505227,
    2.843566901055617,
    2.172602002276789,
    -1.2499174825096795,
    0.4594466408276433,
    2.1089592308521548,
    -0.4955912477612084,
    0.6749664133892639,
    0.680597211971057,
    1.6425008295300452,
    1.2268392154534662,
    2.5516833463978816,
    1.1873900508557984,
    1.8278981033543995,
    1.221800335016959,
    2.6772239680839194,
    2.7254091073651967,
    1.8345719334978106,
    1.110137756838311,
    1.487187870487832,
    0.524451811257323,
    0.9975451796296723,
    1.4415351484334071,
    0.1684175866870306,
    2.010317070136358,
    0.7218369071450083,
    2.443641441534779,
    1.5340719685408652,
    1.5355924828082528
  ],
  "gate_trust_rate": 0.8233333333333334,
  "gated_prediction_accuracy": 0.6833333333333333,
  "signal_accuracy": 0.6533333333333333,
  "tom_belief_accuracy_in_gated": 0.64,
  "dp_conflict_rate": 0.41333333333333333,
  "dp_intervention_rate": 0.41333333333333333,
  "cell": "het_gsaca",
  "gsaca_detected_structure": "anti_coord",
  "gsaca_oracle_structure": "anti_coord",
  "gsaca_detection_correct": true,
  "gsaca_split_score": 0.9764924432619217,
  "gsaca_warmup_episodes": 5,
  "gsaca_n_observations": 25,
  "wall_time_s": 521.2816848754883,
  "config": {
    "game": "hawk_dove",
    "n_agents": 2,
    "horizon": 5,
    "memory": 2,
    "models_homo": "Qwen/Qwen2.5-7B-Instruct",
    "temp_homo": 0.7,
    "tom_order": 1,
    "seed": 42,
    "cell_name": "het_gsaca",
    "gate_trust_threshold": 0.6,
    "gate_ema_alpha": 0.3,
    "atom_warmup": 3,
    "homogeneous": false,
    "use_tom": true,
    "use_talk": true,
    "adaptive_tom": true,
    "gated_talk_tom": true,
    "diversity_preserving_gate": true
  },
  "team_mean_payoff": 1.078184784746464
}