{
  "perspective_diversity": 0.08486481580859928,
  "cooperation_payoff": 2.2666666666666666,
  "cooperation_payoff_ci": [2.0733333333333333, 2.4600000000000004],
  "equilibrium_convergence": 0.9333333333333333,
  "tom_prediction_accuracy": 0.69,
  "tom_prediction_accuracy_ci": [0.6366666666666667, 0.7434166666666662],
  "n_episodes": 30,
  "action_dist_agent1": [0.9266666666666666, 0.07333333333333333],
  "per_episode_payoffs": [3.0,2.4,1.6,2.4,2.2,1.4,2.2,2.2,1.6,1.2,2.4,1.6,1.8,2.4,3.0,3.0,2.4,3.0,2.4,2.4,2.4,3.0,2.2,1.8,3.0,1.2,2.4,2.4,2.0,3.0],
  "cell": "hom_tom",
  "wall_time_s": 106.45129776000977,
  "config": {"game":"stag_hunt","n_agents":null,"horizon":5,"memory":2,"models_homo":"Qwen/Qwen2.5-3B-Instruct","temp_homo":0.7,"tom_order":1,"seed":3,"homogeneous":true,"use_tom":true,"cell_name":"hom_tom"}
}