{
  "perspective_diversity": 0.4222672247572442,
  "cooperation_payoff": 1.2200000000000002,
  "cooperation_payoff_ci": [
    0.9798333333333337,
    1.4533333333333334
  ],
  "equilibrium_convergence": 0.9600000000000001,
  "tom_prediction_accuracy": 0.6366666666666667,
  "tom_prediction_accuracy_ci": [
    0.5833333333333334,
    0.69
  ],
  "n_episodes": 30,
  "action_dist_agent1": [
    0.8733333333333333,
    0.12666666666666668
  ],
  "per_episode_payoffs": [
    1.8,
    1.0,
    1.0,
    0.0,
    1.8,
    1.2,
    1.8,
    0.0,
    0.6,
    1.0,
    1.0,
    0.6,
    1.8,
    1.2,
    0.0,
    1.6,
    0.6,
    1.2,
    1.8,
    1.0,
    1.8,
    2.4,
    1.8,
    1.8,
    0.6,
    0.0,
    2.2,
    2.2,
    1.6,
    1.2
  ],
  "gate_trust_rate": 0.6866666666666666,
  "gated_prediction_accuracy": 0.6533333333333333,
  "signal_accuracy": 0.66,
  "tom_belief_accuracy_in_gated": 0.6366666666666667,
  "dp_conflict_rate": 0.37,
  "dp_intervention_rate": 0.37,
  "cell": "het_dp_gated_atom_talk",
  "wall_time_s": 429.59355783462524,
  "config": {
    "game": "battle_of_the_sexes",
    "n_agents": 2,
    "horizon": 5,
    "memory": 2,
    "models_homo": "Qwen/Qwen2.5-7B-Instruct",
    "temp_homo": 0.7,
    "tom_order": 1,
    "seed": 44,
    "cell_name": "het_dp_gated_atom_talk",
    "gate_trust_threshold": 0.9,
    "gate_ema_alpha": 0.3,
    "atom_warmup": 3,
    "homogeneous": false,
    "use_tom": true,
    "use_talk": true,
    "adaptive_tom": true,
    "gated_talk_tom": true,
    "diversity_preserving_gate": true
  },
  "team_mean_payoff": 1.0666666666666667
}