{
  "perspective_diversity": 0.10664005477271468,
  "cooperation_payoff": 2.226666666666667,
  "cooperation_payoff_ci": [
    2.0466666666666664,
    2.42
  ],
  "equilibrium_convergence": 0.9466666666666667,
  "tom_prediction_accuracy": 0.6833333333333333,
  "tom_prediction_accuracy_ci": [
    0.63,
    0.7366666666666667
  ],
  "n_episodes": 30,
  "action_dist_agent1": [
    0.49333333333333335,
    0.5066666666666667
  ],
  "per_episode_payoffs": [
    3.0,
    1.6,
    1.8,
    2.0,
    1.4,
    2.8,
    2.8,
    3.2,
    2.2,
    1.8,
    2.2,
    2.0,
    2.8,
    1.8,
    2.6,
    2.6,
    2.2,
    2.6,
    2.6,
    1.8,
    2.2,
    2.0,
    1.8,
    1.8,
    2.0,
    3.2,
    1.6,
    2.0,
    3.0,
    1.4
  ],
  "gate_trust_rate": 0.9266666666666666,
  "gated_prediction_accuracy": 0.7133333333333334,
  "signal_accuracy": 0.7,
  "tom_belief_accuracy_in_gated": 0.6833333333333333,
  "dp_conflict_rate": 0.2633333333333333,
  "dp_intervention_rate": 0.2633333333333333,
  "cell": "het_gsaca",
  "gsaca_detected_structure": "anti_coord",
  "gsaca_oracle_structure": "anti_coord",
  "gsaca_detection_correct": true,
  "gsaca_split_score": 0.4375,
  "gsaca_warmup_episodes": 5,
  "gsaca_n_observations": 25,
  "wall_time_s": 451.5721697807312,
  "config": {
    "game": "deadlock",
    "n_agents": 2,
    "horizon": 5,
    "memory": 2,
    "models_homo": "Qwen/Qwen2.5-7B-Instruct",
    "temp_homo": 0.7,
    "tom_order": 1,
    "seed": 61,
    "cell_name": "het_gsaca",
    "gate_trust_threshold": 0.6,
    "gate_ema_alpha": 0.3,
    "atom_warmup": 3,
    "homogeneous": false,
    "use_tom": true,
    "use_talk": true,
    "adaptive_tom": true,
    "gated_talk_tom": true,
    "diversity_preserving_gate": true
  },
  "team_mean_payoff": 1.7866666666666666
}