{
  "perspective_diversity": 0.1542133652199089,
  "cooperation_payoff": 2.32,
  "cooperation_payoff_ci": [
    2.08,
    2.5466666666666664
  ],
  "equilibrium_convergence": 0.96,
  "tom_prediction_accuracy": 0.64,
  "tom_prediction_accuracy_ci": [
    0.5866666666666667,
    0.6933333333333334
  ],
  "n_episodes": 30,
  "action_dist_agent1": [
    0.4866666666666667,
    0.5133333333333333
  ],
  "per_episode_payoffs": [
    2.8,
    1.8,
    2.4,
    1.0,
    2.6,
    2.0,
    2.6,
    2.2,
    2.0,
    3.2,
    0.8,
    3.2,
    2.2,
    1.6,
    3.2,
    2.4,
    1.4,
    3.2,
    2.2,
    2.4,
    3.0,
    2.6,
    2.6,
    2.6,
    1.6,
    2.8,
    3.2,
    2.4,
    2.0,
    1.6
  ],
  "gate_trust_rate": 0.9366666666666666,
  "gated_prediction_accuracy": 0.7,
  "signal_accuracy": 0.6966666666666667,
  "tom_belief_accuracy_in_gated": 0.64,
  "dp_conflict_rate": 0.2966666666666667,
  "dp_intervention_rate": 0.2966666666666667,
  "cell": "het_dp_gated_atom_talk",
  "wall_time_s": 589.0597360134125,
  "config": {
    "game": "deadlock",
    "n_agents": 2,
    "horizon": 5,
    "memory": 2,
    "models_homo": "Qwen/Qwen2.5-7B-Instruct",
    "temp_homo": 0.7,
    "tom_order": 1,
    "seed": 45,
    "cell_name": "het_dp_gated_atom_talk",
    "gate_trust_threshold": 0.6,
    "gate_ema_alpha": 0.3,
    "atom_warmup": 3,
    "homogeneous": false,
    "use_tom": true,
    "use_talk": true,
    "adaptive_tom": true,
    "gated_talk_tom": true,
    "diversity_preserving_gate": true
  },
  "team_mean_payoff": 1.8000000000000003
}