{
  "perspective_diversity": 0.0360843279656544,
  "cooperation_payoff": 1.4800000000000004,
  "cooperation_payoff_ci": [
    1.3199999999999998,
    1.6466666666666667
  ],
  "equilibrium_convergence": 0.8933333333333333,
  "tom_prediction_accuracy": 0.6366666666666667,
  "tom_prediction_accuracy_ci": [
    0.5833333333333334,
    0.69
  ],
  "n_episodes": 30,
  "action_dist_agent1": [
    0.64,
    0.36
  ],
  "per_episode_payoffs": [
    1.2,
    1.6,
    2.6,
    0.8,
    1.0,
    1.8,
    1.6,
    1.2,
    1.2,
    0.8,
    0.8,
    1.8,
    1.8,
    1.2,
    1.2,
    2.2,
    1.6,
    0.8,
    2.4,
    2.0,
    1.8,
    1.2,
    1.6,
    1.2,
    1.4,
    1.6,
    2.0,
    1.2,
    1.6,
    1.2
  ],
  "gate_trust_rate": 0.7733333333333333,
  "gated_prediction_accuracy": 0.5966666666666667,
  "signal_accuracy": 0.5833333333333334,
  "tom_belief_accuracy_in_gated": 0.6366666666666667,
  "dp_conflict_rate": 0.4533333333333333,
  "dp_intervention_rate": 0.4533333333333333,
  "cell": "hom_dp_gated_atom_talk",
  "wall_time_s": 533.3926391601562,
  "config": {
    "game": "deadlock",
    "n_agents": 2,
    "horizon": 5,
    "memory": 2,
    "models_homo": "Qwen/Qwen2.5-7B-Instruct",
    "temp_homo": 0.7,
    "tom_order": 1,
    "seed": 46,
    "cell_name": "hom_dp_gated_atom_talk",
    "gate_trust_threshold": 0.6,
    "gate_ema_alpha": 0.3,
    "atom_warmup": 3,
    "homogeneous": true,
    "use_tom": true,
    "use_talk": true,
    "adaptive_tom": true,
    "gated_talk_tom": true,
    "diversity_preserving_gate": true
  },
  "team_mean_payoff": 1.7466666666666668
}