{
  "perspective_diversity": 0.000811766008606208,
  "cooperation_payoff": 1.7333333333333332,
  "cooperation_payoff_ci": [
    1.5133333333333332,
    1.9400000000000002
  ],
  "equilibrium_convergence": 1.0,
  "tom_prediction_accuracy": 0.6666666666666666,
  "tom_prediction_accuracy_ci": [
    0.6133333333333333,
    0.72
  ],
  "n_episodes": 30,
  "action_dist_agent1": [
    0.5733333333333334,
    0.4266666666666667
  ],
  "per_episode_payoffs": [
    2.2,
    2.0,
    3.0,
    1.6,
    0.8,
    2.4,
    0.8,
    2.2,
    1.4,
    2.0,
    1.6,
    1.6,
    1.8,
    1.8,
    1.8,
    2.2,
    1.4,
    0.6,
    1.8,
    1.8,
    2.0,
    2.0,
    0.8,
    0.4,
    1.8,
    2.4,
    2.0,
    1.8,
    1.4,
    2.6
  ],
  "gate_trust_rate": 0.9033333333333333,
  "gated_prediction_accuracy": 0.66,
  "signal_accuracy": 0.6233333333333333,
  "tom_belief_accuracy_in_gated": 0.6666666666666666,
  "dp_conflict_rate": 0.2966666666666667,
  "dp_intervention_rate": 0.2966666666666667,
  "cell": "het_gated_atom_talk",
  "wall_time_s": 572.094936132431,
  "config": {
    "game": "deadlock",
    "n_agents": 2,
    "horizon": 5,
    "memory": 2,
    "models_homo": "Qwen/Qwen2.5-7B-Instruct",
    "temp_homo": 0.7,
    "tom_order": 1,
    "seed": 58,
    "cell_name": "het_gated_atom_talk",
    "gate_trust_threshold": 0.6,
    "gate_ema_alpha": 0.3,
    "atom_warmup": 3,
    "homogeneous": false,
    "use_tom": true,
    "use_talk": true,
    "adaptive_tom": true,
    "gated_talk_tom": true,
    "diversity_preserving_gate": false
  },
  "team_mean_payoff": 1.7733333333333332
}