{
  "perspective_diversity": 0.15183417866919827,
  "cooperation_payoff": 1.706666666666667,
  "cooperation_payoff_ci": [
    1.4600000000000004,
    1.9600000000000002
  ],
  "equilibrium_convergence": 0.9866666666666667,
  "tom_prediction_accuracy": 0.58,
  "tom_prediction_accuracy_ci": [
    0.5233333333333333,
    0.6333333333333333
  ],
  "n_episodes": 30,
  "action_dist_agent1": [
    0.82,
    0.18
  ],
  "per_episode_payoffs": [
    1.6,
    2.2,
    0.6,
    1.2,
    2.2,
    2.2,
    2.2,
    3.0,
    0.6,
    1.8,
    2.2,
    2.8,
    1.2,
    2.2,
    1.8,
    1.2,
    2.2,
    2.2,
    1.4,
    0.6,
    0.6,
    2.4,
    2.2,
    1.2,
    1.6,
    0.0,
    2.2,
    1.8,
    2.2,
    1.6
  ],
  "gate_trust_rate": 0.9033333333333333,
  "gated_prediction_accuracy": 0.6666666666666666,
  "signal_accuracy": 0.7166666666666667,
  "tom_belief_accuracy_in_gated": 0.58,
  "dp_conflict_rate": 0.3566666666666667,
  "dp_intervention_rate": 0.3566666666666667,
  "cell": "het_dp_gated_atom_talk",
  "wall_time_s": 558.9309768676758,
  "config": {
    "game": "battle_of_the_sexes",
    "n_agents": 2,
    "horizon": 5,
    "memory": 2,
    "models_homo": "Qwen/Qwen2.5-7B-Instruct",
    "temp_homo": 0.7,
    "tom_order": 1,
    "seed": 54,
    "cell_name": "het_dp_gated_atom_talk",
    "gate_trust_threshold": 0.6,
    "gate_ema_alpha": 0.3,
    "atom_warmup": 3,
    "homogeneous": false,
    "use_tom": true,
    "use_talk": true,
    "adaptive_tom": true,
    "gated_talk_tom": true,
    "diversity_preserving_gate": true
  },
  "team_mean_payoff": 1.5166666666666666
}