{
  "perspective_diversity": 0.04358005631898429,
  "cooperation_payoff": 2.493333333333333,
  "cooperation_payoff_ci": [
    2.166666666666667,
    2.8200000000000003
  ],
  "equilibrium_convergence": 0.8533333333333333,
  "tom_prediction_accuracy": 0.64,
  "tom_prediction_accuracy_ci": [
    0.5833333333333334,
    0.6933333333333334
  ],
  "n_episodes": 30,
  "action_dist_agent1": [
    0.44666666666666666,
    0.5533333333333333
  ],
  "per_episode_payoffs": [
    3.0,
    1.2,
    4.2,
    2.0,
    2.4,
    3.0,
    0.6,
    1.6,
    2.2,
    0.6,
    2.2,
    3.2,
    1.2,
    1.8,
    3.0,
    3.0,
    3.2,
    4.0,
    3.0,
    3.0,
    3.0,
    2.2,
    3.2,
    3.0,
    2.2,
    2.6,
    1.6,
    1.4,
    3.2,
    4.0
  ],
  "gate_trust_rate": 0.88,
  "gated_prediction_accuracy": 0.6866666666666666,
  "signal_accuracy": 0.7,
  "tom_belief_accuracy_in_gated": 0.64,
  "dp_conflict_rate": 0.26666666666666666,
  "dp_intervention_rate": 0.26666666666666666,
  "cell": "het_gated_atom_talk",
  "wall_time_s": 457.0189507007599,
  "config": {
    "game": "chicken",
    "n_agents": 2,
    "horizon": 5,
    "memory": 2,
    "models_homo": "Qwen/Qwen2.5-7B-Instruct",
    "temp_homo": 0.7,
    "tom_order": 1,
    "seed": 61,
    "cell_name": "het_gated_atom_talk",
    "gate_trust_threshold": 0.6,
    "gate_ema_alpha": 0.3,
    "atom_warmup": 3,
    "homogeneous": false,
    "use_tom": true,
    "use_talk": true,
    "adaptive_tom": true,
    "gated_talk_tom": true,
    "diversity_preserving_gate": false
  },
  "team_mean_payoff": 2.1999999999999997
}