{
  "perspective_diversity": 0.2989996527243949,
  "cooperation_payoff": 2.859999999999999,
  "cooperation_payoff_ci": [
    2.393333333333333,
    3.286833333333332
  ],
  "equilibrium_convergence": 0.9333333333333333,
  "tom_prediction_accuracy": 0.6366666666666667,
  "tom_prediction_accuracy_ci": [
    0.5833333333333334,
    0.6933333333333334
  ],
  "n_episodes": 30,
  "action_dist_agent1": [
    0.26,
    0.74
  ],
  "per_episode_payoffs": [
    3.4,
    3.6,
    3.6,
    2.8,
    1.6,
    3.6,
    0.4,
    0.8,
    3.2,
    4.6,
    2.6,
    1.2,
    2.4,
    4.6,
    4.6,
    1.6,
    2.6,
    2.6,
    0.2,
    3.6,
    2.6,
    3.6,
    3.2,
    1.6,
    2.6,
    4.6,
    2.2,
    4.6,
    3.6,
    3.6
  ],
  "gate_trust_rate": 0.9,
  "gated_prediction_accuracy": 0.69,
  "signal_accuracy": 0.6833333333333333,
  "tom_belief_accuracy_in_gated": 0.6366666666666667,
  "dp_conflict_rate": 0.2733333333333333,
  "dp_intervention_rate": 0.2733333333333333,
  "cell": "het_combo_anti",
  "wall_time_s": 571.71053647995,
  "config": {
    "game": "chicken",
    "n_agents": 2,
    "horizon": 5,
    "memory": 2,
    "models_homo": "Qwen/Qwen2.5-7B-Instruct",
    "temp_homo": 0.7,
    "tom_order": 1,
    "seed": 42,
    "cell_name": "het_combo_anti",
    "gate_trust_threshold": 0.6,
    "gate_ema_alpha": 0.3,
    "atom_warmup": 3,
    "homogeneous": false,
    "use_tom": true,
    "use_talk": true,
    "adaptive_tom": true,
    "gated_talk_tom": true,
    "diversity_preserving_gate": true,
    "role_asymmetric_hint": true,
    "history_split_hint": true,
    "adaptive_intervention": true,
    "adaptive_interv_threshold": 0.3
  },
  "team_mean_payoff": 2.0999999999999996
}