{
  "perspective_diversity": 0.02101085082557018,
  "cooperation_payoff": 1.9733333333333334,
  "cooperation_payoff_ci": [
    1.7933333333333334,
    2.1533333333333333
  ],
  "equilibrium_convergence": 0.9866666666666667,
  "tom_prediction_accuracy": 0.6866666666666666,
  "tom_prediction_accuracy_ci": [
    0.6365833333333335,
    0.7366666666666667
  ],
  "n_episodes": 30,
  "action_dist_agent1": [
    0.54,
    0.46
  ],
  "per_episode_payoffs": [
    1.4,
    2.2,
    3.2,
    2.4,
    2.2,
    2.0,
    2.0,
    2.0,
    2.0,
    1.6,
    2.8,
    1.8,
    2.2,
    2.0,
    1.6,
    2.2,
    1.4,
    1.4,
    2.0,
    2.6,
    0.6,
    2.0,
    2.0,
    1.8,
    2.8,
    2.2,
    1.8,
    1.8,
    1.6,
    1.6
  ],
  "gate_trust_rate": 0.9566666666666667,
  "gated_prediction_accuracy": 0.74,
  "signal_accuracy": 0.7233333333333334,
  "tom_belief_accuracy_in_gated": 0.6866666666666666,
  "dp_conflict_rate": 0.25,
  "dp_intervention_rate": 0.25,
  "cell": "het_gated_atom_talk",
  "wall_time_s": 584.5095632076263,
  "config": {
    "game": "deadlock",
    "n_agents": 2,
    "horizon": 5,
    "memory": 2,
    "models_homo": "Qwen/Qwen2.5-7B-Instruct",
    "temp_homo": 0.7,
    "tom_order": 1,
    "seed": 53,
    "cell_name": "het_gated_atom_talk",
    "gate_trust_threshold": 0.6,
    "gate_ema_alpha": 0.3,
    "atom_warmup": 3,
    "homogeneous": false,
    "use_tom": true,
    "use_talk": true,
    "adaptive_tom": true,
    "gated_talk_tom": true,
    "diversity_preserving_gate": false
  },
  "team_mean_payoff": 1.7733333333333332
}