{
  "perspective_diversity": 0.22064541681307323,
  "cooperation_payoff": 1.633333333333333,
  "cooperation_payoff_ci": [
    1.2866666666666668,
    1.9533333333333331
  ],
  "equilibrium_convergence": 0.9333333333333333,
  "tom_prediction_accuracy": 0.6133333333333333,
  "tom_prediction_accuracy_ci": [
    0.5566666666666666,
    0.6666666666666666
  ],
  "n_episodes": 30,
  "action_dist_agent1": [
    0.3933333333333333,
    0.6066666666666667
  ],
  "per_episode_payoffs": [
    0.6,
    0.0,
    2.4,
    2.6,
    0.6,
    2.0,
    2.8,
    2.2,
    0.6,
    2.0,
    1.4,
    2.8,
    0.0,
    2.6,
    0.8,
    1.6,
    2.8,
    1.8,
    -0.2,
    1.6,
    2.8,
    1.2,
    1.6,
    0.8,
    1.0,
    2.0,
    2.8,
    2.8,
    1.4,
    1.6
  ],
  "gate_trust_rate": 0.8533333333333334,
  "gated_prediction_accuracy": 0.6,
  "signal_accuracy": 0.6,
  "tom_belief_accuracy_in_gated": 0.6133333333333333,
  "dp_conflict_rate": 0.32666666666666666,
  "dp_intervention_rate": 0.32666666666666666,
  "cell": "het_gsaca",
  "gsaca_detected_structure": "anti_coord",
  "gsaca_oracle_structure": "anti_coord",
  "gsaca_detection_correct": true,
  "gsaca_split_score": 0.5714285714285714,
  "gsaca_warmup_episodes": 5,
  "gsaca_n_observations": 25,
  "wall_time_s": 483.6105844974518,
  "config": {
    "game": "hawk_dove",
    "n_agents": 2,
    "horizon": 5,
    "memory": 2,
    "models_homo": "Qwen/Qwen2.5-7B-Instruct",
    "temp_homo": 0.7,
    "tom_order": 1,
    "seed": 44,
    "cell_name": "het_gsaca",
    "gate_trust_threshold": 0.6,
    "gate_ema_alpha": 0.3,
    "atom_warmup": 3,
    "homogeneous": false,
    "use_tom": true,
    "use_talk": true,
    "adaptive_tom": true,
    "gated_talk_tom": true,
    "diversity_preserving_gate": true
  },
  "team_mean_payoff": 1.1533333333333333
}