{
  "perspective_diversity": 0.0743363897940876,
  "cooperation_payoff": 2.63,
  "cooperation_payoff_ci": [
    2.5940000000000003,
    2.6659999999999995
  ],
  "equilibrium_convergence": 0.86,
  "tom_prediction_accuracy": 0.705,
  "tom_prediction_accuracy_ci": [
    0.6783333333333333,
    0.7308333333333333
  ],
  "n_episodes": 20,
  "action_dist_agent1": [
    0.81,
    0.19
  ],
  "per_episode_payoffs": [
    2.6399999999999997,
    2.5599999999999996,
    2.7199999999999998,
    2.76,
    2.48,
    2.7600000000000002,
    2.6,
    2.7199999999999998,
    2.6,
    2.6,
    2.56,
    2.7600000000000002,
    2.4800000000000004,
    2.6,
    2.64,
    2.6,
    2.7199999999999998,
    2.6,
    2.6,
    2.6
  ],
  "gate_trust_rate": 0.9666666666666667,
  "gated_prediction_accuracy": 0.8666666666666667,
  "signal_accuracy": 0.895,
  "tom_belief_accuracy_in_gated": 0.705,
  "dp_conflict_rate": 0.25833333333333336,
  "dp_intervention_rate": 0.25833333333333336,
  "cell": "het_gated_atom_talk",
  "wall_time_s": 2672.342177629471,
  "config": {
    "game": "public_goods",
    "n_agents": 4,
    "horizon": 5,
    "memory": 2,
    "models_homo": "Qwen/Qwen2.5-7B-Instruct",
    "temp_homo": 0.7,
    "tom_order": 1,
    "seed": 49,
    "cell_name": "het_gated_atom_talk",
    "gate_trust_threshold": 0.6,
    "gate_ema_alpha": 0.3,
    "atom_warmup": 3,
    "homogeneous": false,
    "use_tom": true,
    "use_talk": true,
    "adaptive_tom": true,
    "gated_talk_tom": true,
    "diversity_preserving_gate": false
  },
  "team_mean_payoff": 2.5400000000000005
}