{
  "perspective_diversity": 0.11774059413061277,
  "cooperation_payoff": 2.636,
  "cooperation_payoff_ci": [
    2.604,
    2.67005
  ],
  "equilibrium_convergence": 0.96,
  "tom_prediction_accuracy": 0.5908333333333333,
  "tom_prediction_accuracy_ci": [
    0.5625,
    0.6191666666666666
  ],
  "n_episodes": 20,
  "action_dist_agent1": [
    0.72,
    0.28
  ],
  "per_episode_payoffs": [
    2.68,
    2.56,
    2.7199999999999998,
    2.7600000000000002,
    2.4800000000000004,
    2.6399999999999997,
    2.6799999999999997,
    2.52,
    2.64,
    2.7600000000000002,
    2.64,
    2.56,
    2.56,
    2.6399999999999997,
    2.64,
    2.5599999999999996,
    2.6799999999999997,
    2.6,
    2.68,
    2.7199999999999998
  ],
  "gate_trust_rate": 0.9266666666666666,
  "gated_prediction_accuracy": 0.7658333333333334,
  "signal_accuracy": 0.8275,
  "tom_belief_accuracy_in_gated": 0.5908333333333333,
  "dp_conflict_rate": 0.3516666666666667,
  "dp_intervention_rate": 0.3516666666666667,
  "cell": "het_dp_gated_atom_talk",
  "wall_time_s": 2751.723223209381,
  "config": {
    "game": "public_goods",
    "n_agents": 4,
    "horizon": 5,
    "memory": 2,
    "models_homo": "Qwen/Qwen2.5-7B-Instruct",
    "temp_homo": 0.7,
    "tom_order": 1,
    "seed": 49,
    "cell_name": "het_dp_gated_atom_talk",
    "gate_trust_threshold": 0.6,
    "gate_ema_alpha": 0.3,
    "atom_warmup": 3,
    "homogeneous": false,
    "use_tom": true,
    "use_talk": true,
    "adaptive_tom": true,
    "gated_talk_tom": true,
    "diversity_preserving_gate": true
  },
  "team_mean_payoff": 2.5085
}