{
  "perspective_diversity": 0.38454552548015736,
  "cooperation_payoff": 3.133333333333333,
  "cooperation_payoff_ci": [
    2.7399999999999993,
    3.52
  ],
  "equilibrium_convergence": 0.9466666666666667,
  "tom_prediction_accuracy": 0.6566666666666666,
  "tom_prediction_accuracy_ci": [
    0.6033333333333334,
    0.71
  ],
  "n_episodes": 30,
  "action_dist_agent1": [
    0.26666666666666666,
    0.7333333333333333
  ],
  "per_episode_payoffs": [
    2.0,
    1.8,
    2.6,
    4.6,
    1.8,
    4.6,
    3.6,
    2.6,
    2.2,
    4.6,
    2.8,
    3.2,
    3.6,
    2.4,
    4.6,
    2.6,
    4.6,
    1.8,
    3.2,
    4.6,
    2.2,
    4.6,
    3.2,
    4.6,
    3.0,
    4.6,
    2.2,
    0.6,
    2.6,
    2.6
  ],
  "gate_trust_rate": 0.8966666666666666,
  "gated_prediction_accuracy": 0.6766666666666666,
  "signal_accuracy": 0.6666666666666666,
  "tom_belief_accuracy_in_gated": 0.6566666666666666,
  "dp_conflict_rate": 0.27666666666666667,
  "dp_intervention_rate": 0.27666666666666667,
  "cell": "het_hist_split",
  "wall_time_s": 622.8012645244598,
  "config": {
    "game": "chicken",
    "n_agents": 2,
    "horizon": 5,
    "memory": 2,
    "models_homo": "Qwen/Qwen2.5-7B-Instruct",
    "temp_homo": 0.7,
    "tom_order": 1,
    "seed": 42,
    "cell_name": "het_hist_split",
    "gate_trust_threshold": 0.6,
    "gate_ema_alpha": 0.3,
    "atom_warmup": 3,
    "homogeneous": false,
    "use_tom": true,
    "use_talk": true,
    "adaptive_tom": true,
    "gated_talk_tom": true,
    "diversity_preserving_gate": true,
    "history_split_hint": true
  },
  "team_mean_payoff": 2.28
}