{
  "perspective_diversity": 0.3491173334229815,
  "cooperation_payoff": 1.4933333333333332,
  "cooperation_payoff_ci": [
    1.1733333333333333,
    1.8066666666666664
  ],
  "equilibrium_convergence": 0.9866666666666667,
  "tom_prediction_accuracy": 0.6266666666666667,
  "tom_prediction_accuracy_ci": [
    0.57,
    0.68
  ],
  "n_episodes": 30,
  "action_dist_agent1": [
    0.86,
    0.14
  ],
  "per_episode_payoffs": [
    3.0,
    2.8,
    1.2,
    2.2,
    1.2,
    1.6,
    1.6,
    1.6,
    1.0,
    1.8,
    2.8,
    1.2,
    1.6,
    0.6,
    0.6,
    0.0,
    1.0,
    2.8,
    2.8,
    0.6,
    1.6,
    1.8,
    0.6,
    1.8,
    0.0,
    0.0,
    2.8,
    1.6,
    1.6,
    1.0
  ],
  "gate_trust_rate": 0.81,
  "gated_prediction_accuracy": 0.7166666666666667,
  "signal_accuracy": 0.7133333333333334,
  "tom_belief_accuracy_in_gated": 0.6266666666666667,
  "dp_conflict_rate": 0.3466666666666667,
  "dp_intervention_rate": 0.3466666666666667,
  "cell": "het_dp_gated_atom_talk",
  "wall_time_s": 431.73952627182007,
  "config": {
    "game": "battle_of_the_sexes",
    "n_agents": 2,
    "horizon": 5,
    "memory": 2,
    "models_homo": "Qwen/Qwen2.5-7B-Instruct",
    "temp_homo": 0.7,
    "tom_order": 1,
    "seed": 44,
    "cell_name": "het_dp_gated_atom_talk",
    "gate_trust_threshold": 0.75,
    "gate_ema_alpha": 0.3,
    "atom_warmup": 3,
    "homogeneous": false,
    "use_tom": true,
    "use_talk": true,
    "adaptive_tom": true,
    "gated_talk_tom": true,
    "diversity_preserving_gate": true
  },
  "team_mean_payoff": 1.3333333333333333
}