{
  "perspective_diversity": 0.07283173196482311,
  "cooperation_payoff": 2.572,
  "cooperation_payoff_ci": [
    2.5080000000000005,
    2.6280000000000006
  ],
  "equilibrium_convergence": 0.96,
  "tom_prediction_accuracy": NaN,
  "tom_prediction_accuracy_ci": [
    NaN,
    NaN
  ],
  "n_episodes": 20,
  "action_dist_agent1": [
    0.68,
    0.32
  ],
  "per_episode_payoffs": [
    2.8,
    2.6399999999999997,
    2.5200000000000005,
    2.6,
    2.6399999999999997,
    2.72,
    2.5200000000000005,
    2.5200000000000005,
    2.32,
    2.6800000000000006,
    2.5200000000000005,
    2.48,
    2.6,
    2.7199999999999998,
    2.56,
    2.3200000000000003,
    2.6800000000000006,
    2.72,
    2.6,
    2.2800000000000002
  ],
  "gate_trust_rate": NaN,
  "gated_prediction_accuracy": NaN,
  "signal_accuracy": NaN,
  "tom_belief_accuracy_in_gated": NaN,
  "dp_conflict_rate": NaN,
  "dp_intervention_rate": NaN,
  "cell": "het_notom",
  "wall_time_s": 66.65716862678528,
  "config": {
    "game": "public_goods",
    "n_agents": 4,
    "horizon": 5,
    "memory": 2,
    "models_homo": "Qwen/Qwen2.5-7B-Instruct",
    "temp_homo": 0.7,
    "tom_order": 1,
    "seed": 47,
    "cell_name": "het_notom",
    "gate_trust_threshold": 0.6,
    "gate_ema_alpha": 0.3,
    "atom_warmup": 3,
    "homogeneous": false,
    "use_tom": false,
    "use_talk": false,
    "adaptive_tom": false
  },
  "team_mean_payoff": 2.4695000000000005
}