{
  "perspective_diversity": 0.1862591163270259,
  "cooperation_payoff": 1.7133333333333334,
  "cooperation_payoff_ci": [
    1.3931666666666669,
    2.0266666666666664
  ],
  "equilibrium_convergence": 0.9866666666666667,
  "tom_prediction_accuracy": 0.6466666666666666,
  "tom_prediction_accuracy_ci": [
    0.5933333333333334,
    0.7
  ],
  "n_episodes": 30,
  "action_dist_agent1": [
    0.42,
    0.58
  ],
  "per_episode_payoffs": [
    1.2,
    1.4,
    0.6,
    -0.2,
    2.8,
    1.2,
    2.4,
    0.8,
    2.0,
    0.2,
    2.8,
    2.8,
    1.8,
    0.8,
    2.0,
    1.0,
    2.4,
    1.2,
    2.6,
    1.4,
    2.8,
    2.8,
    2.4,
    0.2,
    1.6,
    1.4,
    2.4,
    1.2,
    2.6,
    2.8
  ],
  "gate_trust_rate": 0.8766666666666667,
  "gated_prediction_accuracy": 0.6566666666666666,
  "signal_accuracy": 0.6466666666666666,
  "tom_belief_accuracy_in_gated": 0.6466666666666666,
  "dp_conflict_rate": 0.32,
  "dp_intervention_rate": 0.32,
  "cell": "het_adapt_interv",
  "wall_time_s": 528.0873281955719,
  "config": {
    "game": "hawk_dove",
    "n_agents": 2,
    "horizon": 5,
    "memory": 2,
    "models_homo": "Qwen/Qwen2.5-7B-Instruct",
    "temp_homo": 0.7,
    "tom_order": 1,
    "seed": 46,
    "cell_name": "het_adapt_interv",
    "gate_trust_threshold": 0.6,
    "gate_ema_alpha": 0.3,
    "atom_warmup": 3,
    "homogeneous": false,
    "use_tom": true,
    "use_talk": true,
    "adaptive_tom": true,
    "gated_talk_tom": true,
    "diversity_preserving_gate": true,
    "adaptive_intervention": true,
    "adaptive_interv_threshold": 0.3
  },
  "team_mean_payoff": 1.2733333333333337
}