{
  "perspective_diversity": 0.2103099405581709,
  "cooperation_payoff": 1.4999999999999998,
  "cooperation_payoff_ci": [
    1.2666666666666668,
    1.7533333333333334
  ],
  "equilibrium_convergence": 0.9066666666666667,
  "tom_prediction_accuracy": 0.5966666666666667,
  "tom_prediction_accuracy_ci": [
    0.5399166666666668,
    0.6533333333333333
  ],
  "n_episodes": 30,
  "action_dist_agent1": [
    0.31333333333333335,
    0.6866666666666666
  ],
  "per_episode_payoffs": [
    2.0,
    1.0,
    0.0,
    1.4,
    1.4,
    1.6,
    0.8,
    1.4,
    0.8,
    2.2,
    2.2,
    1.6,
    1.6,
    1.8,
    2.2,
    3.0,
    1.0,
    1.4,
    2.2,
    3.0,
    1.6,
    1.8,
    1.4,
    1.6,
    1.0,
    0.0,
    1.4,
    1.4,
    1.4,
    0.8
  ],
  "gate_trust_rate": 0.7666666666666667,
  "gated_prediction_accuracy": 0.6166666666666667,
  "signal_accuracy": 0.5366666666666666,
  "tom_belief_accuracy_in_gated": 0.5966666666666667,
  "dp_conflict_rate": 0.4,
  "dp_intervention_rate": 0.4,
  "cell": "het_gated_atom_talk",
  "wall_time_s": 472.21526432037354,
  "config": {
    "game": "hawk_dove",
    "n_agents": 2,
    "horizon": 5,
    "memory": 2,
    "models_homo": "Qwen/Qwen2.5-7B-Instruct",
    "temp_homo": 0.7,
    "tom_order": 1,
    "seed": 61,
    "cell_name": "het_gated_atom_talk",
    "gate_trust_threshold": 0.6,
    "gate_ema_alpha": 0.3,
    "atom_warmup": 3,
    "homogeneous": false,
    "use_tom": true,
    "use_talk": true,
    "adaptive_tom": true,
    "gated_talk_tom": true,
    "diversity_preserving_gate": false
  },
  "team_mean_payoff": 1.02
}