{
  "perspective_diversity": 0.22332136592116228,
  "cooperation_payoff": 2.433333333333333,
  "cooperation_payoff_ci": [
    2.2133333333333334,
    2.6533333333333333
  ],
  "equilibrium_convergence": 0.9866666666666667,
  "tom_prediction_accuracy": 0.61,
  "tom_prediction_accuracy_ci": [
    0.5566666666666666,
    0.6633333333333333
  ],
  "n_episodes": 30,
  "action_dist_agent1": [
    0.47333333333333333,
    0.5266666666666666
  ],
  "per_episode_payoffs": [
    3.0,
    1.8,
    2.6,
    3.2,
    0.6,
    2.8,
    2.6,
    1.8,
    2.6,
    2.0,
    2.6,
    3.2,
    1.6,
    2.8,
    1.6,
    2.6,
    3.6,
    2.2,
    2.6,
    2.2,
    3.2,
    2.2,
    2.2,
    2.4,
    2.2,
    3.2,
    2.8,
    2.0,
    2.6,
    2.2
  ],
  "gate_trust_rate": 0.9333333333333333,
  "gated_prediction_accuracy": 0.6966666666666667,
  "signal_accuracy": 0.69,
  "tom_belief_accuracy_in_gated": 0.61,
  "dp_conflict_rate": 0.2733333333333333,
  "dp_intervention_rate": 0.2733333333333333,
  "cell": "het_gsaca",
  "gsaca_detected_structure": "anti_coord",
  "gsaca_oracle_structure": "anti_coord",
  "gsaca_detection_correct": true,
  "gsaca_split_score": 0.33333333333333326,
  "gsaca_warmup_episodes": 5,
  "gsaca_n_observations": 25,
  "wall_time_s": 528.9238302707672,
  "config": {
    "game": "deadlock",
    "n_agents": 2,
    "horizon": 5,
    "memory": 2,
    "models_homo": "Qwen/Qwen2.5-7B-Instruct",
    "temp_homo": 0.7,
    "tom_order": 1,
    "seed": 58,
    "cell_name": "het_gsaca",
    "gate_trust_threshold": 0.6,
    "gate_ema_alpha": 0.3,
    "atom_warmup": 3,
    "homogeneous": false,
    "use_tom": true,
    "use_talk": true,
    "adaptive_tom": true,
    "gated_talk_tom": true,
    "diversity_preserving_gate": true
  },
  "team_mean_payoff": 1.8199999999999998
}