{
  "perspective_diversity": 0.29897102354567745,
  "cooperation_payoff": 1.8933333333333333,
  "cooperation_payoff_ci": [
    1.5599999999999998,
    2.2001666666666657
  ],
  "equilibrium_convergence": 0.9733333333333334,
  "tom_prediction_accuracy": 0.6766666666666666,
  "tom_prediction_accuracy_ci": [
    0.6233333333333333,
    0.73
  ],
  "n_episodes": 30,
  "action_dist_agent1": [
    0.41333333333333333,
    0.5866666666666667
  ],
  "per_episode_payoffs": [
    2.4,
    2.8,
    0.4,
    2.6,
    2.0,
    2.6,
    1.2,
    1.0,
    2.6,
    1.4,
    2.8,
    2.8,
    2.8,
    1.2,
    2.8,
    2.0,
    1.2,
    2.6,
    2.8,
    1.2,
    0.8,
    2.0,
    -0.2,
    0.8,
    2.8,
    1.6,
    2.8,
    2.8,
    1.2,
    1.0
  ],
  "gate_trust_rate": 0.8566666666666667,
  "gated_prediction_accuracy": 0.6633333333333333,
  "signal_accuracy": 0.6266666666666667,
  "tom_belief_accuracy_in_gated": 0.6766666666666666,
  "dp_conflict_rate": 0.31,
  "dp_intervention_rate": 0.31,
  "cell": "het_dp_gated_atom_talk",
  "wall_time_s": 445.95066475868225,
  "config": {
    "game": "hawk_dove",
    "n_agents": 2,
    "horizon": 5,
    "memory": 2,
    "models_homo": "Qwen/Qwen2.5-7B-Instruct",
    "temp_homo": 0.7,
    "tom_order": 1,
    "seed": 52,
    "cell_name": "het_dp_gated_atom_talk",
    "gate_trust_threshold": 0.6,
    "gate_ema_alpha": 0.3,
    "atom_warmup": 3,
    "homogeneous": false,
    "use_tom": true,
    "use_talk": true,
    "adaptive_tom": true,
    "gated_talk_tom": true,
    "diversity_preserving_gate": true
  },
  "team_mean_payoff": 1.3533333333333333
}