{
  "perspective_diversity": 0.06930134443445131,
  "cooperation_payoff": 2.5760000000000005,
  "cooperation_payoff_ci": [
    2.522666666666667,
    2.626666666666667
  ],
  "equilibrium_convergence": 0.8400000000000001,
  "tom_prediction_accuracy": 0.65,
  "tom_prediction_accuracy_ci": [
    0.5933333333333334,
    0.7033333333333334
  ],
  "n_episodes": 30,
  "action_dist_agent1": [
    0.64,
    0.36
  ],
  "per_episode_payoffs": [
    2.64,
    2.6,
    2.64,
    2.6800000000000006,
    2.56,
    2.6,
    2.56,
    2.84,
    2.48,
    2.4400000000000004,
    2.4000000000000004,
    2.56,
    2.52,
    2.72,
    2.8,
    2.3200000000000003,
    2.3200000000000003,
    2.64,
    2.6800000000000006,
    2.5200000000000005,
    2.3200000000000003,
    2.5200000000000005,
    2.2400000000000007,
    2.6,
    2.6,
    2.8400000000000007,
    2.6399999999999997,
    2.56,
    2.6800000000000006,
    2.7600000000000002
  ],
  "gate_trust_rate": 0.9566666666666667,
  "gated_prediction_accuracy": 0.8266666666666667,
  "signal_accuracy": 0.87,
  "tom_belief_accuracy_in_gated": 0.65,
  "dp_conflict_rate": 0.29333333333333333,
  "dp_intervention_rate": 0.29333333333333333,
  "cell": "het_3arm",
  "gsaca_detected_structure": "coord",
  "gsaca_oracle_structure": "coord",
  "gsaca_detection_correct": true,
  "gsaca_split_score": -0.16500000000000048,
  "gsaca_warmup_episodes": 5,
  "gsaca_n_observations": 25,
  "gsaca_3arm_selected": "NoToM",
  "gsaca_3arm_tau": 0.6,
  "wall_time_s": 836.0382072925568,
  "config": {
    "game": "public_goods",
    "n_agents": 4,
    "horizon": 5,
    "memory": 2,
    "models_homo": "Qwen/Qwen2.5-7B-Instruct",
    "temp_homo": 0.7,
    "tom_order": 1,
    "seed": 45,
    "cell_name": "het_3arm",
    "gate_trust_threshold": 0.6,
    "gate_ema_alpha": 0.3,
    "atom_warmup": 3,
    "homogeneous": false,
    "use_tom": true,
    "use_talk": true,
    "adaptive_tom": true,
    "gated_talk_tom": true,
    "diversity_preserving_gate": true
  },
  "team_mean_payoff": 2.4560000000000004
}