{
  "perspective_diversity": 0.26629179903272493,
  "cooperation_payoff": 3.0466666666666664,
  "cooperation_payoff_ci": [
    2.74,
    3.3534999999999986
  ],
  "equilibrium_convergence": 0.9333333333333333,
  "tom_prediction_accuracy": 0.6733333333333333,
  "tom_prediction_accuracy_ci": [
    0.62,
    0.7233333333333334
  ],
  "n_episodes": 30,
  "action_dist_agent1": [
    0.35333333333333333,
    0.6466666666666666
  ],
  "per_episode_payoffs": [
    2.2,
    3.6,
    2.2,
    3.2,
    3.6,
    3.2,
    2.6,
    3.6,
    3.6,
    1.8,
    2.6,
    1.8,
    1.2,
    2.6,
    3.6,
    2.8,
    3.4,
    3.6,
    4.6,
    2.4,
    2.8,
    4.6,
    4.6,
    3.2,
    4.0,
    3.2,
    1.6,
    3.6,
    3.6,
    2.0
  ],
  "gate_trust_rate": 0.8933333333333333,
  "gated_prediction_accuracy": 0.6666666666666666,
  "signal_accuracy": 0.64,
  "tom_belief_accuracy_in_gated": 0.6733333333333333,
  "dp_conflict_rate": 0.2733333333333333,
  "dp_intervention_rate": 0.2733333333333333,
  "cell": "het_dp_gated_atom_talk",
  "wall_time_s": 489.2367286682129,
  "config": {
    "game": "chicken",
    "n_agents": 2,
    "horizon": 5,
    "memory": 2,
    "models_homo": "Qwen/Qwen2.5-7B-Instruct",
    "temp_homo": 0.7,
    "tom_order": 1,
    "seed": 45,
    "cell_name": "het_dp_gated_atom_talk",
    "gate_trust_threshold": 0.6,
    "gate_ema_alpha": 0.3,
    "atom_warmup": 3,
    "homogeneous": false,
    "use_tom": true,
    "use_talk": true,
    "adaptive_tom": true,
    "gated_talk_tom": true,
    "diversity_preserving_gate": true
  },
  "team_mean_payoff": 2.3400000000000003
}