{
  "perspective_diversity": 0.13875562626234403,
  "cooperation_payoff": 1.7266666666666663,
  "cooperation_payoff_ci": [
    1.4466666666666665,
    1.9933333333333332
  ],
  "equilibrium_convergence": 0.8666666666666666,
  "tom_prediction_accuracy": 0.6266666666666667,
  "tom_prediction_accuracy_ci": [
    0.5733333333333334,
    0.68
  ],
  "n_episodes": 30,
  "action_dist_agent1": [
    0.7866666666666666,
    0.21333333333333335
  ],
  "per_episode_payoffs": [
    1.2,
    0.6,
    1.6,
    2.4,
    1.6,
    2.2,
    0.6,
    1.0,
    2.2,
    1.6,
    1.0,
    2.8,
    1.4,
    2.8,
    1.6,
    2.8,
    1.0,
    2.8,
    1.0,
    0.6,
    1.6,
    0.6,
    2.8,
    0.6,
    1.8,
    2.2,
    2.2,
    2.8,
    1.8,
    2.6
  ],
  "gate_trust_rate": 0.9033333333333333,
  "gated_prediction_accuracy": 0.7466666666666667,
  "signal_accuracy": 0.77,
  "tom_belief_accuracy_in_gated": 0.6266666666666667,
  "dp_conflict_rate": 0.33,
  "dp_intervention_rate": 0.33,
  "cell": "het_dp_gated_atom_talk",
  "wall_time_s": 449.93662095069885,
  "config": {
    "game": "battle_of_the_sexes",
    "n_agents": 2,
    "horizon": 5,
    "memory": 2,
    "models_homo": "Qwen/Qwen2.5-7B-Instruct",
    "temp_homo": 0.7,
    "tom_order": 1,
    "seed": 42,
    "cell_name": "het_dp_gated_atom_talk",
    "homogeneous": false,
    "use_tom": true,
    "use_talk": true,
    "adaptive_tom": true,
    "gated_talk_tom": true,
    "diversity_preserving_gate": true
  },
  "team_mean_payoff": 1.5666666666666667
}