{
  "perspective_diversity": 0.5770983536619811,
  "cooperation_payoff": 3.4733333333333323,
  "cooperation_payoff_ci": [
    3.1799999999999993,
    3.7799999999999994
  ],
  "equilibrium_convergence": 0.9733333333333333,
  "tom_prediction_accuracy": 0.6966666666666667,
  "tom_prediction_accuracy_ci": [
    0.64,
    0.75
  ],
  "n_episodes": 30,
  "action_dist_agent1": [
    0.26666666666666666,
    0.7333333333333333
  ],
  "per_episode_payoffs": [
    3.6,
    3.4,
    3.6,
    2.6,
    4.6,
    2.2,
    2.0,
    2.6,
    4.6,
    3.6,
    2.4,
    3.6,
    3.2,
    4.6,
    3.6,
    3.6,
    4.6,
    2.6,
    4.6,
    4.6,
    3.6,
    4.6,
    2.6,
    4.6,
    4.6,
    2.4,
    2.6,
    2.8,
    2.6,
    3.6
  ],
  "gate_trust_rate": 0.96,
  "gated_prediction_accuracy": 0.68,
  "signal_accuracy": 0.68,
  "tom_belief_accuracy_in_gated": 0.6966666666666667,
  "dp_conflict_rate": 0.24333333333333335,
  "dp_intervention_rate": 0.24333333333333335,
  "cell": "het_dp_gated_atom_talk",
  "wall_time_s": 392.9972348213196,
  "config": {
    "game": "chicken",
    "n_agents": 2,
    "horizon": 5,
    "memory": 2,
    "models_homo": "Qwen/Qwen2.5-7B-Instruct",
    "temp_homo": 0.7,
    "tom_order": 1,
    "seed": 43,
    "cell_name": "het_dp_gated_atom_talk",
    "gate_trust_threshold": 0.45,
    "gate_ema_alpha": 0.3,
    "atom_warmup": 3,
    "homogeneous": false,
    "use_tom": true,
    "use_talk": true,
    "adaptive_tom": true,
    "gated_talk_tom": true,
    "diversity_preserving_gate": true
  },
  "team_mean_payoff": 2.4600000000000004
}