{
  "perspective_diversity": 0.18811315215506721,
  "cooperation_payoff": 2.733333333333333,
  "cooperation_payoff_ci": [
    2.6199999999999997,
    2.813333333333333
  ],
  "equilibrium_convergence": 0.9066666666666667,
  "tom_prediction_accuracy": 0.8533333333333334,
  "tom_prediction_accuracy_ci": [
    0.8133333333333334,
    0.89
  ],
  "n_episodes": 30,
  "action_dist_agent1": [
    0.7933333333333333,
    0.20666666666666667
  ],
  "per_episode_payoffs": [
    2.6,
    2.8,
    2.6,
    2.8,
    2.8,
    2.6,
    1.6,
    3.0,
    2.8,
    2.8,
    2.6,
    2.6,
    2.6,
    3.0,
    2.2,
    3.0,
    2.8,
    3.0,
    2.6,
    2.8,
    3.0,
    2.6,
    2.8,
    2.6,
    2.8,
    3.0,
    2.8,
    2.8,
    3.0,
    3.0
  ],
  "gate_trust_rate": 0.9866666666666667,
  "gated_prediction_accuracy": 0.8733333333333333,
  "signal_accuracy": 0.8866666666666667,
  "tom_belief_accuracy_in_gated": 0.8533333333333334,
  "dp_conflict_rate": 0.07333333333333333,
  "dp_intervention_rate": 0.07333333333333333,
  "cell": "het_dp_gated_atom_talk",
  "wall_time_s": 490.93986535072327,
  "config": {
    "game": "stag_hunt",
    "n_agents": 2,
    "horizon": 5,
    "memory": 2,
    "models_homo": "Qwen/Qwen2.5-7B-Instruct",
    "temp_homo": 0.7,
    "tom_order": 1,
    "seed": 46,
    "cell_name": "het_dp_gated_atom_talk",
    "homogeneous": false,
    "use_tom": true,
    "use_talk": true,
    "adaptive_tom": true,
    "gated_talk_tom": true,
    "diversity_preserving_gate": true
  },
  "team_mean_payoff": 2.566666666666666
}