{
  "perspective_diversity": 0.32333761729222366,
  "cooperation_payoff": 3.0266666666666655,
  "cooperation_payoff_ci": [
    2.6199999999999997,
    3.433499999999998
  ],
  "equilibrium_convergence": 0.9733333333333334,
  "tom_prediction_accuracy": 0.6633333333333333,
  "tom_prediction_accuracy_ci": [
    0.61,
    0.7166666666666667
  ],
  "n_episodes": 30,
  "action_dist_agent1": [
    0.28,
    0.72
  ],
  "per_episode_payoffs": [
    3.6,
    1.6,
    2.0,
    3.6,
    4.6,
    1.4,
    4.6,
    1.2,
    2.6,
    3.6,
    4.0,
    3.6,
    2.4,
    3.6,
    4.6,
    1.2,
    2.6,
    4.6,
    3.6,
    2.8,
    2.6,
    3.8,
    2.2,
    4.6,
    2.6,
    2.6,
    1.6,
    4.6,
    1.8,
    2.6
  ],
  "gate_trust_rate": 0.89,
  "gated_prediction_accuracy": 0.6633333333333333,
  "signal_accuracy": 0.6533333333333333,
  "tom_belief_accuracy_in_gated": 0.6633333333333333,
  "dp_conflict_rate": 0.2633333333333333,
  "dp_intervention_rate": 0.2633333333333333,
  "cell": "het_adapt_interv",
  "wall_time_s": 609.061384677887,
  "config": {
    "game": "chicken",
    "n_agents": 2,
    "horizon": 5,
    "memory": 2,
    "models_homo": "Qwen/Qwen2.5-7B-Instruct",
    "temp_homo": 0.7,
    "tom_order": 1,
    "seed": 42,
    "cell_name": "het_adapt_interv",
    "gate_trust_threshold": 0.6,
    "gate_ema_alpha": 0.3,
    "atom_warmup": 3,
    "homogeneous": false,
    "use_tom": true,
    "use_talk": true,
    "adaptive_tom": true,
    "gated_talk_tom": true,
    "diversity_preserving_gate": true,
    "adaptive_intervention": true,
    "adaptive_interv_threshold": 0.3
  },
  "team_mean_payoff": 2.2399999999999998
}