{
  "perspective_diversity": 0.16530823749175852,
  "cooperation_payoff": 1.7666666666666668,
  "cooperation_payoff_ci": [
    1.5000000000000002,
    2.046666666666667
  ],
  "equilibrium_convergence": 0.9733333333333334,
  "tom_prediction_accuracy": 0.5633333333333334,
  "tom_prediction_accuracy_ci": [
    0.5066666666666667,
    0.62
  ],
  "n_episodes": 30,
  "action_dist_agent1": [
    0.7733333333333333,
    0.22666666666666666
  ],
  "per_episode_payoffs": [
    2.2,
    1.2,
    2.4,
    0.6,
    2.6,
    0.6,
    2.8,
    1.6,
    2.6,
    1.0,
    1.0,
    2.8,
    1.0,
    1.0,
    2.8,
    1.0,
    3.0,
    1.0,
    1.6,
    1.0,
    1.0,
    1.6,
    2.2,
    2.8,
    1.6,
    1.6,
    2.6,
    1.6,
    2.6,
    1.6
  ],
  "gate_trust_rate": 0.9966666666666667,
  "gated_prediction_accuracy": 0.8,
  "signal_accuracy": 0.8033333333333333,
  "tom_belief_accuracy_in_gated": 0.5633333333333334,
  "dp_conflict_rate": 0.36666666666666664,
  "dp_intervention_rate": 0.36666666666666664,
  "cell": "het_dp_gated_atom_talk",
  "wall_time_s": 517.4527544975281,
  "config": {
    "game": "battle_of_the_sexes",
    "n_agents": 2,
    "horizon": 5,
    "memory": 2,
    "models_homo": "Qwen/Qwen2.5-7B-Instruct",
    "temp_homo": 0.7,
    "tom_order": 1,
    "seed": 45,
    "cell_name": "het_dp_gated_atom_talk",
    "gate_trust_threshold": 0.3,
    "gate_ema_alpha": 0.3,
    "atom_warmup": 3,
    "homogeneous": false,
    "use_tom": true,
    "use_talk": true,
    "adaptive_tom": true,
    "gated_talk_tom": true,
    "diversity_preserving_gate": true
  },
  "team_mean_payoff": 1.6333333333333333
}