{
  "perspective_diversity": 0.12964110118322525,
  "cooperation_payoff": 2.28,
  "cooperation_payoff_ci": [
    2.0866666666666673,
    2.466666666666667
  ],
  "equilibrium_convergence": 0.9466666666666667,
  "tom_prediction_accuracy": 0.6366666666666667,
  "tom_prediction_accuracy_ci": [
    0.5833333333333334,
    0.6933333333333334
  ],
  "n_episodes": 30,
  "action_dist_agent1": [
    0.49333333333333335,
    0.5066666666666667
  ],
  "per_episode_payoffs": [
    2.4,
    2.6,
    1.2,
    2.6,
    2.2,
    2.0,
    2.8,
    2.2,
    2.6,
    2.6,
    2.6,
    3.2,
    2.2,
    2.6,
    2.2,
    1.6,
    1.6,
    2.2,
    2.6,
    2.2,
    1.4,
    2.6,
    2.2,
    2.8,
    2.8,
    2.2,
    1.0,
    3.0,
    2.6,
    1.6
  ],
  "gate_trust_rate": 0.9266666666666666,
  "gated_prediction_accuracy": 0.6966666666666667,
  "signal_accuracy": 0.6766666666666666,
  "tom_belief_accuracy_in_gated": 0.6366666666666667,
  "dp_conflict_rate": 0.2733333333333333,
  "dp_intervention_rate": 0.2733333333333333,
  "cell": "het_gsaca",
  "gsaca_detected_structure": "anti_coord",
  "gsaca_oracle_structure": "anti_coord",
  "gsaca_detection_correct": true,
  "gsaca_split_score": 0.3125,
  "gsaca_warmup_episodes": 5,
  "gsaca_n_observations": 25,
  "wall_time_s": 607.278077840805,
  "config": {
    "game": "deadlock",
    "n_agents": 2,
    "horizon": 5,
    "memory": 2,
    "models_homo": "Qwen/Qwen2.5-7B-Instruct",
    "temp_homo": 0.7,
    "tom_order": 1,
    "seed": 49,
    "cell_name": "het_gsaca",
    "gate_trust_threshold": 0.6,
    "gate_ema_alpha": 0.3,
    "atom_warmup": 3,
    "homogeneous": false,
    "use_tom": true,
    "use_talk": true,
    "adaptive_tom": true,
    "gated_talk_tom": true,
    "diversity_preserving_gate": true
  },
  "team_mean_payoff": 1.7999999999999998
}