{
  "perspective_diversity": 0.08740884309630184,
  "cooperation_payoff": 2.293333333333334,
  "cooperation_payoff_ci": [
    2.08,
    2.5066666666666664
  ],
  "equilibrium_convergence": 0.8666666666666667,
  "tom_prediction_accuracy": 0.44666666666666666,
  "tom_prediction_accuracy_ci": [
    0.39,
    0.5066666666666667
  ],
  "n_episodes": 30,
  "action_dist_agent1": [
    0.30666666666666664,
    0.6933333333333334
  ],
  "per_episode_payoffs": [
    1.6,
    1.0,
    2.2,
    1.2,
    2.6,
    2.2,
    2.2,
    2.6,
    3.2,
    2.2,
    2.0,
    2.6,
    1.8,
    1.4,
    2.0,
    2.2,
    3.2,
    2.2,
    3.2,
    3.2,
    2.6,
    2.6,
    2.6,
    1.8,
    2.2,
    2.6,
    2.6,
    3.2,
    2.6,
    1.2
  ],
  "gate_trust_rate": 0.76,
  "gated_prediction_accuracy": 0.5666666666666667,
  "signal_accuracy": 0.58,
  "tom_belief_accuracy_in_gated": 0.44666666666666666,
  "dp_conflict_rate": 0.42,
  "dp_intervention_rate": 0.42,
  "cell": "hom_dp_gated_atom_talk",
  "wall_time_s": 462.53555631637573,
  "config": {
    "game": "chicken",
    "n_agents": 2,
    "horizon": 5,
    "memory": 2,
    "models_homo": "Qwen/Qwen2.5-7B-Instruct",
    "temp_homo": 0.7,
    "tom_order": 1,
    "seed": 45,
    "cell_name": "hom_dp_gated_atom_talk",
    "gate_trust_threshold": 0.6,
    "gate_ema_alpha": 0.3,
    "atom_warmup": 3,
    "homogeneous": true,
    "use_tom": true,
    "use_talk": true,
    "adaptive_tom": true,
    "gated_talk_tom": true,
    "diversity_preserving_gate": true
  },
  "team_mean_payoff": 1.8799999999999997
}