{
  "perspective_diversity": 0.26838989757986154,
  "cooperation_payoff": 2.92,
  "cooperation_payoff_ci": [
    2.566666666666666,
    3.2866666666666657
  ],
  "equilibrium_convergence": 0.9466666666666668,
  "tom_prediction_accuracy": 0.6533333333333333,
  "tom_prediction_accuracy_ci": [
    0.6,
    0.7066666666666667
  ],
  "n_episodes": 30,
  "action_dist_agent1": [
    0.29333333333333333,
    0.7066666666666667
  ],
  "per_episode_payoffs": [
    2.6,
    4.6,
    2.4,
    3.6,
    3.6,
    3.6,
    4.6,
    2.6,
    1.8,
    2.0,
    1.6,
    2.6,
    4.6,
    2.6,
    3.6,
    1.2,
    2.6,
    2.6,
    2.2,
    4.6,
    2.6,
    4.6,
    3.6,
    2.8,
    1.2,
    3.6,
    1.2,
    2.6,
    2.2,
    3.6
  ],
  "gate_trust_rate": 0.8633333333333333,
  "gated_prediction_accuracy": 0.65,
  "signal_accuracy": 0.6466666666666666,
  "tom_belief_accuracy_in_gated": 0.6533333333333333,
  "dp_conflict_rate": 0.3,
  "dp_intervention_rate": 0.3,
  "cell": "het_role_asym",
  "wall_time_s": 547.18088722229,
  "config": {
    "game": "chicken",
    "n_agents": 2,
    "horizon": 5,
    "memory": 2,
    "models_homo": "Qwen/Qwen2.5-7B-Instruct",
    "temp_homo": 0.7,
    "tom_order": 1,
    "seed": 43,
    "cell_name": "het_role_asym",
    "gate_trust_threshold": 0.6,
    "gate_ema_alpha": 0.3,
    "atom_warmup": 3,
    "homogeneous": false,
    "use_tom": true,
    "use_talk": true,
    "adaptive_tom": true,
    "gated_talk_tom": true,
    "diversity_preserving_gate": true,
    "role_asymmetric_hint": true
  },
  "team_mean_payoff": 2.2
}