{
  "perspective_diversity": 0.08198436268497186,
  "cooperation_payoff": 1.4266666666666665,
  "cooperation_payoff_ci": [
    1.1466666666666667,
    1.6934999999999993
  ],
  "equilibrium_convergence": 1.0,
  "tom_prediction_accuracy": 0.6566666666666666,
  "tom_prediction_accuracy_ci": [
    0.6033333333333334,
    0.71
  ],
  "n_episodes": 30,
  "action_dist_agent1": [
    0.6933333333333334,
    0.30666666666666664
  ],
  "per_episode_payoffs": [
    2.2,
    1.6,
    1.4,
    2.2,
    0.0,
    2.4,
    0.4,
    1.6,
    0.0,
    1.4,
    2.4,
    1.8,
    2.0,
    1.2,
    0.8,
    0.6,
    1.8,
    1.2,
    3.0,
    1.8,
    1.0,
    1.0,
    0.6,
    1.2,
    2.8,
    1.2,
    0.6,
    0.4,
    2.0,
    2.2
  ],
  "gate_trust_rate": 0.8166666666666667,
  "gated_prediction_accuracy": 0.6066666666666667,
  "signal_accuracy": 0.5566666666666666,
  "tom_belief_accuracy_in_gated": 0.6566666666666666,
  "dp_conflict_rate": 0.3,
  "dp_intervention_rate": 0.3,
  "cell": "het_gated_atom_talk",
  "wall_time_s": 438.6368000507355,
  "config": {
    "game": "deadlock",
    "n_agents": 2,
    "horizon": 5,
    "memory": 2,
    "models_homo": "Qwen/Qwen2.5-7B-Instruct",
    "temp_homo": 0.7,
    "tom_order": 1,
    "seed": 42,
    "cell_name": "het_gated_atom_talk",
    "gate_trust_threshold": 0.6,
    "gate_ema_alpha": 0.3,
    "atom_warmup": 3,
    "homogeneous": false,
    "use_tom": true,
    "use_talk": true,
    "adaptive_tom": true,
    "gated_talk_tom": true,
    "diversity_preserving_gate": false
  },
  "team_mean_payoff": 1.8266666666666667
}