{
  "perspective_diversity": 0.36961129750708277,
  "cooperation_payoff": 3.1399999999999997,
  "cooperation_payoff_ci": [
    2.686666666666666,
    3.5534999999999983
  ],
  "equilibrium_convergence": 0.9733333333333333,
  "tom_prediction_accuracy": 0.66,
  "tom_prediction_accuracy_ci": [
    0.6033333333333334,
    0.7133333333333334
  ],
  "n_episodes": 30,
  "action_dist_agent1": [
    0.25333333333333335,
    0.7466666666666667
  ],
  "per_episode_payoffs": [
    4.6,
    4.6,
    3.6,
    1.2,
    0.6,
    2.6,
    3.2,
    2.0,
    2.6,
    1.4,
    3.6,
    4.6,
    2.6,
    4.6,
    3.2,
    2.0,
    4.6,
    5.0,
    2.6,
    4.6,
    3.6,
    2.6,
    3.6,
    2.6,
    1.0,
    4.6,
    4.6,
    3.2,
    1.8,
    2.8
  ],
  "gate_trust_rate": 0.8766666666666667,
  "gated_prediction_accuracy": 0.6666666666666666,
  "signal_accuracy": 0.69,
  "tom_belief_accuracy_in_gated": 0.66,
  "dp_conflict_rate": 0.2833333333333333,
  "dp_intervention_rate": 0.2833333333333333,
  "cell": "het_dp_gated_atom_talk",
  "wall_time_s": 462.12051272392273,
  "config": {
    "game": "chicken",
    "n_agents": 2,
    "horizon": 5,
    "memory": 2,
    "models_homo": "Qwen/Qwen2.5-7B-Instruct",
    "temp_homo": 0.7,
    "tom_order": 1,
    "seed": 46,
    "cell_name": "het_dp_gated_atom_talk",
    "gate_trust_threshold": 0.6,
    "gate_ema_alpha": 0.5,
    "atom_warmup": 3,
    "homogeneous": false,
    "use_tom": true,
    "use_talk": true,
    "adaptive_tom": true,
    "gated_talk_tom": true,
    "diversity_preserving_gate": true
  },
  "team_mean_payoff": 2.3
}