{
  "perspective_diversity": 0.4629971888967126,
  "cooperation_payoff": 3.1933333333333325,
  "cooperation_payoff_ci": [
    2.813333333333333,
    3.5733333333333324
  ],
  "equilibrium_convergence": 0.9600000000000001,
  "tom_prediction_accuracy": 0.6666666666666666,
  "tom_prediction_accuracy_ci": [
    0.6133333333333333,
    0.72
  ],
  "n_episodes": 30,
  "action_dist_agent1": [
    0.23333333333333334,
    0.7666666666666667
  ],
  "per_episode_payoffs": [
    4.6,
    1.6,
    2.6,
    4.6,
    1.4,
    3.0,
    3.6,
    2.6,
    1.4,
    3.2,
    2.6,
    2.0,
    4.6,
    4.6,
    3.6,
    2.6,
    2.6,
    2.2,
    3.6,
    2.6,
    3.6,
    4.6,
    3.2,
    4.6,
    4.6,
    3.6,
    4.6,
    2.2,
    2.6,
    2.6
  ],
  "gate_trust_rate": 0.91,
  "gated_prediction_accuracy": 0.6566666666666666,
  "signal_accuracy": 0.6733333333333333,
  "tom_belief_accuracy_in_gated": 0.6666666666666666,
  "dp_conflict_rate": 0.25333333333333335,
  "dp_intervention_rate": 0.25333333333333335,
  "cell": "het_dp_gated_atom_talk",
  "wall_time_s": 455.42712450027466,
  "config": {
    "game": "chicken",
    "n_agents": 2,
    "horizon": 5,
    "memory": 2,
    "models_homo": "Qwen/Qwen2.5-7B-Instruct",
    "temp_homo": 0.7,
    "tom_order": 1,
    "seed": 46,
    "cell_name": "het_dp_gated_atom_talk",
    "gate_trust_threshold": 0.6,
    "gate_ema_alpha": 0.1,
    "atom_warmup": 3,
    "homogeneous": false,
    "use_tom": true,
    "use_talk": true,
    "adaptive_tom": true,
    "gated_talk_tom": true,
    "diversity_preserving_gate": true
  },
  "team_mean_payoff": 2.26
}