{
  "root": "v2_results/exp_vllm_paradox_attainment_v1",
  "metric": "cooperation_payoff",
  "n_files": 360,
  "holm_primary": {
    "battle_of_the_sexes": 1.1444091796875e-05,
    "public_goods": 1.1444091796875e-05,
    "chicken": 1.52587890625e-05,
    "deadlock": 0.00026534745063635704,
    "hawk_dove": 0.00026534745063635704,
    "stag_hunt": 0.00026534745063635704
  },
  "results": {
    "paradox": {
      "chicken": {
        "mean_diff": 0.26400000000000023,
        "n": 20,
        "wilcoxon_p": 3.814697265625e-06,
        "cohen_dz": 1.8964044774421376,
        "win_rate": 0.95,
        "ci_lo": 0.20433333333333376,
        "ci_hi": 0.3226666666666668,
        "mean_a": 2.4400000000000004,
        "mean_b": 2.176,
        "seeds": [
          42,
          43,
          44,
          45,
          46,
          47,
          48,
          49,
          50,
          51,
          52,
          53,
          54,
          55,
          56,
          57,
          58,
          59,
          60,
          61
        ]
      },
      "deadlock": {
        "mean_diff": -0.5940000000000003,
        "n": 20,
        "wilcoxon_p": 8.844915021211901e-05,
        "cohen_dz": -6.014463477673219,
        "win_rate": 0.0,
        "ci_lo": -0.6350000000000001,
        "ci_hi": -0.5513333333333336,
        "mean_a": 1.56,
        "mean_b": 2.1540000000000004,
        "seeds": [
          42,
          43,
          44,
          45,
          46,
          47,
          48,
          49,
          50,
          51,
          52,
          53,
          54,
          55,
          56,
          57,
          58,
          59,
          60,
          61
        ]
      },
      "hawk_dove": {
        "mean_diff": -0.8799999999999999,
        "n": 20,
        "wilcoxon_p": 8.844915021211901e-05,
        "cohen_dz": -6.5114967683271106,
        "win_rate": 0.0,
        "ci_lo": -0.9386666666666666,
        "ci_hi": -0.8240000000000001,
        "mean_a": 1.116,
        "mean_b": 1.9959999999999998,
        "seeds": [
          42,
          43,
          44,
          45,
          46,
          47,
          48,
          49,
          50,
          51,
          52,
          53,
          54,
          55,
          56,
          57,
          58,
          59,
          60,
          61
        ]
      },
      "stag_hunt": {
        "mean_diff": -0.07833333333333334,
        "n": 20,
        "wilcoxon_p": 0.0001308020996998329,
        "cohen_dz": -2.0673733544181188,
        "win_rate": 0.0,
        "ci_lo": -0.09400000000000006,
        "ci_hi": -0.06233333333333324,
        "mean_a": 2.9206666666666665,
        "mean_b": 2.9989999999999997,
        "seeds": [
          42,
          43,
          44,
          45,
          46,
          47,
          48,
          49,
          50,
          51,
          52,
          53,
          54,
          55,
          56,
          57,
          58,
          59,
          60,
          61
        ]
      },
      "battle_of_the_sexes": {
        "mean_diff": -1.5673333333333335,
        "n": 20,
        "wilcoxon_p": 1.9073486328125e-06,
        "cohen_dz": -9.331670098841498,
        "win_rate": 0.0,
        "ci_lo": -1.638,
        "ci_hi": -1.495,
        "mean_a": 1.2806666666666666,
        "mean_b": 2.848,
        "seeds": [
          42,
          43,
          44,
          45,
          46,
          47,
          48,
          49,
          50,
          51,
          52,
          53,
          54,
          55,
          56,
          57,
          58,
          59,
          60,
          61
        ]
      },
      "public_goods": {
        "mean_diff": -0.0901999999999998,
        "n": 20,
        "wilcoxon_p": 1.9073486328125e-06,
        "cohen_dz": -3.397610497719115,
        "win_rate": 0.0,
        "ci_lo": -0.10129999999999983,
        "ci_hi": -0.07889999999999982,
        "mean_a": 2.5538,
        "mean_b": 2.644,
        "seeds": [
          42,
          43,
          44,
          45,
          46,
          47,
          48,
          49,
          50,
          51,
          52,
          53,
          54,
          55,
          56,
          57,
          58,
          59,
          60,
          61
        ]
      }
    },
    "attainment": {
      "chicken": {
        "mean_diff": -0.2133333333333333,
        "n": 20,
        "wilcoxon_p": 0.0003223419189453125,
        "cohen_dz": -0.9868491568543917,
        "win_rate": 0.25,
        "ci_lo": -0.3093333333333333,
        "ci_hi": -0.12332500000000006,
        "mean_a": 2.176,
        "mean_b": 2.3893333333333326,
        "seeds": [
          42,
          43,
          44,
          45,
          46,
          47,
          48,
          49,
          50,
          51,
          52,
          53,
          54,
          55,
          56,
          57,
          58,
          59,
          60,
          61
        ]
      },
      "deadlock": {
        "mean_diff": 0.690666666666667,
        "n": 20,
        "wilcoxon_p": 1.9073486328125e-06,
        "cohen_dz": 6.24743462892234,
        "win_rate": 1.0,
        "ci_lo": 0.6430000000000002,
        "ci_hi": 0.7373333333333337,
        "mean_a": 2.1540000000000004,
        "mean_b": 1.4633333333333332,
        "seeds": [
          42,
          43,
          44,
          45,
          46,
          47,
          48,
          49,
          50,
          51,
          52,
          53,
          54,
          55,
          56,
          57,
          58,
          59,
          60,
          61
        ]
      },
      "hawk_dove": {
        "mean_diff": 0.8593333333333334,
        "n": 20,
        "wilcoxon_p": 1.9073486328125e-06,
        "cohen_dz": 4.408721230593817,
        "win_rate": 1.0,
        "ci_lo": 0.7756666666666667,
        "ci_hi": 0.9426666666666665,
        "mean_a": 1.9959999999999998,
        "mean_b": 1.1366666666666667,
        "seeds": [
          42,
          43,
          44,
          45,
          46,
          47,
          48,
          49,
          50,
          51,
          52,
          53,
          54,
          55,
          56,
          57,
          58,
          59,
          60,
          61
        ]
      },
      "stag_hunt": {
        "mean_diff": 0.08166666666666664,
        "n": 20,
        "wilcoxon_p": 8.757494073814436e-05,
        "cohen_dz": 2.1518434816380387,
        "win_rate": 1.0,
        "ci_lo": 0.06533333333333335,
        "ci_hi": 0.09833333333333336,
        "mean_a": 2.9989999999999997,
        "mean_b": 2.9173333333333327,
        "seeds": [
          42,
          43,
          44,
          45,
          46,
          47,
          48,
          49,
          50,
          51,
          52,
          53,
          54,
          55,
          56,
          57,
          58,
          59,
          60,
          61
        ]
      },
      "battle_of_the_sexes": {
        "mean_diff": 1.5596666666666665,
        "n": 20,
        "wilcoxon_p": 1.9073486328125e-06,
        "cohen_dz": 9.562320263448326,
        "win_rate": 1.0,
        "ci_lo": 1.4886583333333332,
        "ci_hi": 1.6279999999999997,
        "mean_a": 2.848,
        "mean_b": 1.2883333333333336,
        "seeds": [
          42,
          43,
          44,
          45,
          46,
          47,
          48,
          49,
          50,
          51,
          52,
          53,
          54,
          55,
          56,
          57,
          58,
          59,
          60,
          61
        ]
      },
      "public_goods": {
        "mean_diff": 0.11639999999999986,
        "n": 20,
        "wilcoxon_p": 8.844915021211901e-05,
        "cohen_dz": 4.229777208562057,
        "win_rate": 1.0,
        "ci_lo": 0.10529999999999988,
        "ci_hi": 0.1285999999999998,
        "mean_a": 2.644,
        "mean_b": 2.527600000000001,