{
  "perspective_diversity": 0.10409074972027818,
  "cooperation_payoff": 2.533333333333333,
  "cooperation_payoff_ci": [
    2.173333333333334,
    2.9
  ],
  "equilibrium_convergence": 0.9866666666666667,
  "tom_prediction_accuracy": 0.5466666666666666,
  "tom_prediction_accuracy_ci": [
    0.49333333333333335,
    0.6033333333333334
  ],
  "n_episodes": 30,
  "action_dist_agent1": [
    0.36666666666666664,
    0.6333333333333333
  ],
  "per_episode_payoffs": [
    1.4,
    4.2,
    1.2,
    2.6,
    2.0,
    1.4,
    2.6,
    2.0,
    3.2,
    1.8,
    2.0,
    3.2,
    2.8,
    3.6,
    2.2,
    3.2,
    2.2,
    4.0,
    5.0,
    3.2,
    2.2,
    3.8,
    2.2,
    2.4,
    0.4,
    0.6,
    1.8,
    2.6,
    3.0,
    3.2
  ],
  "gate_trust_rate": 0.7266666666666667,
  "gated_prediction_accuracy": 0.6233333333333333,
  "signal_accuracy": 0.6166666666666667,
  "tom_belief_accuracy_in_gated": 0.5466666666666666,
  "dp_conflict_rate": 0.53,
  "dp_intervention_rate": 0.53,
  "cell": "het_gsaca",
  "gsaca_detected_structure": "anti_coord",
  "gsaca_oracle_structure": "anti_coord",
  "gsaca_detection_correct": true,
  "gsaca_split_score": 1.7142857142857142,
  "gsaca_warmup_episodes": 5,
  "gsaca_n_observations": 25,
  "wall_time_s": 483.4228539466858,
  "config": {
    "game": "chicken",
    "n_agents": 2,
    "horizon": 5,
    "memory": 2,
    "models_homo": "Qwen/Qwen2.5-7B-Instruct",
    "temp_homo": 0.7,
    "tom_order": 1,
    "seed": 43,
    "cell_name": "het_gsaca",
    "gate_trust_threshold": 0.6,
    "gate_ema_alpha": 0.3,
    "atom_warmup": 3,
    "homogeneous": false,
    "use_tom": true,
    "use_talk": true,
    "adaptive_tom": true,
    "gated_talk_tom": true,
    "diversity_preserving_gate": true
  },
  "team_mean_payoff": 2.08
}