{
  "perspective_diversity": 0.051582399467602846,
  "cooperation_payoff": 0.9600000000000001,
  "cooperation_payoff_ci": [
    0.8333333333333334,
    1.1
  ],
  "equilibrium_convergence": 0.9733333333333333,
  "tom_prediction_accuracy": 0.44333333333333336,
  "tom_prediction_accuracy_ci": [
    0.38666666666666666,
    0.5
  ],
  "n_episodes": 30,
  "action_dist_agent1": [
    0.37333333333333335,
    0.6266666666666667
  ],
  "per_episode_payoffs": [
    1.2,
    0.8,
    1.0,
    0.2,
    1.0,
    1.0,
    0.4,
    1.2,
    1.2,
    0.6,
    0.6,
    0.8,
    1.2,
    0.6,
    1.4,
    1.0,
    1.0,
    1.0,
    1.0,
    0.4,
    1.2,
    0.8,
    1.4,
    0.6,
    1.0,
    0.6,
    1.4,
    2.2,
    0.8,
    1.2
  ],
  "gate_trust_rate": 0.5233333333333333,
  "gated_prediction_accuracy": 0.4166666666666667,
  "signal_accuracy": 0.4533333333333333,
  "tom_belief_accuracy_in_gated": 0.44333333333333336,
  "dp_conflict_rate": 0.6233333333333333,
  "dp_intervention_rate": 0.6233333333333333,
  "cell": "hom_gsaca",
  "gsaca_detected_structure": "anti_coord",
  "gsaca_oracle_structure": "anti_coord",
  "gsaca_detection_correct": true,
  "gsaca_split_score": 1.1666666666666667,
  "gsaca_warmup_episodes": 5,
  "gsaca_n_observations": 25,
  "wall_time_s": 592.2574806213379,
  "config": {
    "game": "hawk_dove",
    "n_agents": 2,
    "horizon": 5,
    "memory": 2,
    "models_homo": "Qwen/Qwen2.5-7B-Instruct",
    "temp_homo": 0.7,
    "tom_order": 1,
    "seed": 45,
    "cell_name": "hom_gsaca",
    "gate_trust_threshold": 0.6,
    "gate_ema_alpha": 0.3,
    "atom_warmup": 3,
    "homogeneous": true,
    "use_tom": true,
    "use_talk": true,
    "adaptive_tom": true,
    "gated_talk_tom": true,
    "diversity_preserving_gate": true
  },
  "team_mean_payoff": 0.7200000000000001
}