{
  "perspective_diversity": 0.05310319043132472,
  "cooperation_payoff": 2.2533333333333334,
  "cooperation_payoff_ci": [2.0733333333333337, 2.4466666666666668],
  "equilibrium_convergence": 1.0,
  "tom_prediction_accuracy": 0.69,
  "tom_prediction_accuracy_ci": [0.6366666666666667, 0.74],
  "n_episodes": 30,
  "action_dist_agent1": [0.8933333333333333, 0.10666666666666667],
  "per_episode_payoffs": [2.4,1.6,2.4,3.0,1.6,3.0,2.2,1.2,2.2,2.4,3.0,1.6,2.2,2.2,2.2,2.4,3.0,2.4,2.2,1.6,1.6,3.0,3.0,3.0,1.6,2.2,1.8,2.2,2.4,2.0],
  "cell": "hom_tom",
  "wall_time_s": 103.06492805480957,
  "config": {"game":"stag_hunt","n_agents":null,"horizon":5,"memory":2,"models_homo":"Qwen/Qwen2.5-3B-Instruct","temp_homo":0.7,"tom_order":1,"seed":1,"homogeneous":true,"use_tom":true,"cell_name":"hom_tom"}
}