{
  "perspective_diversity": 0.43251290955952976,
  "cooperation_payoff": 2.659999999999999,
  "cooperation_payoff_ci": [
    2.613333333333333,
    2.7066666666666657
  ],
  "equilibrium_convergence": 0.96,
  "tom_prediction_accuracy": 0.7733333333333333,
  "tom_prediction_accuracy_ci": [
    0.7266666666666667,
    0.8167499999999995
  ],
  "n_episodes": 30,
  "action_dist_agent1": [
    0.66,
    0.34
  ],
  "per_episode_payoffs": [
    2.6,
    2.6,
    2.6,
    3.0,
    2.6,
    3.0,
    2.6,
    2.8,
    2.6,
    2.6,
    2.6,
    2.8,
    2.6,
    2.6,
    2.6,
    2.8,
    2.6,
    2.8,
    2.6,
    2.8,
    2.8,
    2.6,
    2.4,
    2.6,
    2.6,
    2.6,
    2.6,
    2.6,
    2.6,
    2.6
  ],
  "gate_trust_rate": 0.9933333333333333,
  "gated_prediction_accuracy": 0.8566666666666667,
  "signal_accuracy": 0.8633333333333333,
  "tom_belief_accuracy_in_gated": 0.7733333333333333,
  "dp_conflict_rate": 0.11666666666666667,
  "dp_intervention_rate": 0.11666666666666667,
  "cell": "het_dp_gated_atom_talk",
  "wall_time_s": 532.5085854530334,
  "config": {
    "game": "stag_hunt",
    "n_agents": 2,
    "horizon": 5,
    "memory": 2,
    "models_homo": "Qwen/Qwen2.5-7B-Instruct",
    "temp_homo": 0.7,
    "tom_order": 1,
    "seed": 43,
    "cell_name": "het_dp_gated_atom_talk",
    "homogeneous": false,
    "use_tom": true,
    "use_talk": true,
    "adaptive_tom": true,
    "gated_talk_tom": true,
    "diversity_preserving_gate": true
  },
  "team_mean_payoff": 2.366666666666667
}