{
  "perspective_diversity": 0.20352669078386978,
  "cooperation_payoff": 1.56,
  "cooperation_payoff_ci": [
    1.2796666666666672,
    1.8201666666666658
  ],
  "equilibrium_convergence": 0.8933333333333333,
  "tom_prediction_accuracy": 0.66,
  "tom_prediction_accuracy_ci": [
    0.6033333333333334,
    0.71
  ],
  "n_episodes": 30,
  "action_dist_agent1": [
    0.8133333333333334,
    0.18666666666666668
  ],
  "per_episode_payoffs": [
    1.8,
    1.8,
    0.0,
    1.0,
    0.0,
    2.2,
    1.8,
    2.6,
    1.4,
    0.0,
    1.6,
    2.4,
    1.2,
    1.8,
    1.0,
    1.0,
    2.8,
    1.6,
    0.6,
    1.8,
    1.2,
    2.8,
    2.8,
    1.6,
    1.6,
    2.4,
    1.2,
    2.2,
    1.4,
    1.2
  ],
  "gate_trust_rate": 0.91,
  "gated_prediction_accuracy": 0.7333333333333333,
  "signal_accuracy": 0.7366666666666667,
  "tom_belief_accuracy_in_gated": 0.66,
  "dp_conflict_rate": 0.30333333333333334,
  "dp_intervention_rate": 0.30333333333333334,
  "cell": "het_dp_gated_atom_talk",
  "wall_time_s": 464.69520020484924,
  "config": {
    "game": "battle_of_the_sexes",
    "n_agents": 2,
    "horizon": 5,
    "memory": 2,
    "models_homo": "Qwen/Qwen2.5-7B-Instruct",
    "temp_homo": 0.7,
    "tom_order": 1,
    "seed": 45,
    "cell_name": "het_dp_gated_atom_talk",
    "gate_trust_threshold": 0.6,
    "gate_ema_alpha": 0.3,
    "atom_warmup": 3,
    "homogeneous": false,
    "use_tom": true,
    "use_talk": true,
    "adaptive_tom": true,
    "gated_talk_tom": true,
    "diversity_preserving_gate": true
  },
  "team_mean_payoff": 1.4
}