{
  "perspective_diversity": 0.0008176682813332593,
  "cooperation_payoff": 1.7133333333333334,
  "cooperation_payoff_ci": [
    1.5331666666666666,
    1.9133333333333333
  ],
  "equilibrium_convergence": 0.8400000000000001,
  "tom_prediction_accuracy": 0.5,
  "tom_prediction_accuracy_ci": [
    0.44333333333333336,
    0.5566666666666666
  ],
  "n_episodes": 30,
  "action_dist_agent1": [
    0.5866666666666667,
    0.41333333333333333
  ],
  "per_episode_payoffs": [
    2.6,
    1.4,
    2.2,
    1.6,
    3.0,
    2.0,
    1.8,
    1.6,
    1.4,
    1.0,
    1.6,
    1.8,
    3.0,
    1.4,
    2.0,
    1.4,
    1.8,
    2.2,
    1.2,
    1.2,
    1.6,
    2.0,
    2.0,
    1.2,
    1.8,
    1.8,
    1.2,
    1.2,
    1.6,
    0.8
  ],
  "gate_trust_rate": 0.8,
  "gated_prediction_accuracy": 0.54,
  "signal_accuracy": 0.62,
  "tom_belief_accuracy_in_gated": 0.5,
  "dp_conflict_rate": 0.4666666666666667,
  "dp_intervention_rate": 0.4666666666666667,
  "cell": "hom_dp_gated_atom_talk",
  "wall_time_s": 600.0740423202515,
  "config": {
    "game": "deadlock",
    "n_agents": 2,
    "horizon": 5,
    "memory": 2,
    "models_homo": "Qwen/Qwen2.5-7B-Instruct",
    "temp_homo": 0.7,
    "tom_order": 1,
    "seed": 45,
    "cell_name": "hom_dp_gated_atom_talk",
    "gate_trust_threshold": 0.6,
    "gate_ema_alpha": 0.3,
    "atom_warmup": 3,
    "homogeneous": true,
    "use_tom": true,
    "use_talk": true,
    "adaptive_tom": true,
    "gated_talk_tom": true,
    "diversity_preserving_gate": true
  },
  "team_mean_payoff": 1.7533333333333334
}