{
  "perspective_diversity": 0.14681033839436855,
  "cooperation_payoff": 2.6420000000000003,
  "cooperation_payoff_ci": [
    2.5860000000000003,
    2.7040500000000005
  ],
  "equilibrium_convergence": 0.86,
  "tom_prediction_accuracy": 0.6175,
  "tom_prediction_accuracy_ci": [
    0.5891666666666666,
    0.6441874999999999
  ],
  "n_episodes": 20,
  "action_dist_agent1": [
    0.71,
    0.29
  ],
  "per_episode_payoffs": [
    2.4799999999999995,
    2.52,
    2.6,
    2.6,
    2.52,
    2.7199999999999998,
    2.7600000000000002,
    2.5599999999999996,
    2.88,
    3.0,
    2.52,
    2.52,
    2.6,
    2.88,
    2.6,
    2.52,
    2.6799999999999997,
    2.6,
    2.6399999999999997,
    2.64
  ],
  "gate_trust_rate": 0.9183333333333333,
  "gated_prediction_accuracy": 0.7766666666666666,
  "signal_accuracy": 0.825,
  "tom_belief_accuracy_in_gated": 0.6175,
  "dp_conflict_rate": 0.3441666666666667,
  "dp_intervention_rate": 0.3441666666666667,
  "cell": "het_gated_atom_talk",
  "wall_time_s": 2841.6728372573853,
  "config": {
    "game": "public_goods",
    "n_agents": 4,
    "horizon": 5,
    "memory": 2,
    "models_homo": "Qwen/Qwen2.5-7B-Instruct",
    "temp_homo": 0.7,
    "tom_order": 1,
    "seed": 42,
    "cell_name": "het_gated_atom_talk",
    "gate_trust_threshold": 0.6,
    "gate_ema_alpha": 0.3,
    "atom_warmup": 3,
    "homogeneous": false,
    "use_tom": true,
    "use_talk": true,
    "adaptive_tom": true,
    "gated_talk_tom": true,
    "diversity_preserving_gate": false
  },
  "team_mean_payoff": 2.5069999999999997
}