{
  "perspective_diversity": 0.1526617743882641,
  "cooperation_payoff": 2.3133333333333335,
  "cooperation_payoff_ci": [
    2.1131666666666664,
    2.4999999999999996
  ],
  "equilibrium_convergence": 0.9199999999999999,
  "tom_prediction_accuracy": 0.64,
  "tom_prediction_accuracy_ci": [
    0.5865833333333335,
    0.6933333333333334
  ],
  "n_episodes": 30,
  "action_dist_agent1": [
    0.48,
    0.52
  ],
  "per_episode_payoffs": [
    2.2,
    2.4,
    2.6,
    1.8,
    1.2,
    1.4,
    2.2,
    3.2,
    2.2,
    2.0,
    2.6,
    1.8,
    2.4,
    2.0,
    2.6,
    2.4,
    1.0,
    2.0,
    2.2,
    2.6,
    2.6,
    3.2,
    2.2,
    1.8,
    3.2,
    3.6,
    2.4,
    2.6,
    2.6,
    2.4
  ],
  "gate_trust_rate": 0.94,
  "gated_prediction_accuracy": 0.6833333333333333,
  "signal_accuracy": 0.6833333333333333,
  "tom_belief_accuracy_in_gated": 0.64,
  "dp_conflict_rate": 0.2833333333333333,
  "dp_intervention_rate": 0.2833333333333333,
  "cell": "het_dp_gated_atom_talk",
  "wall_time_s": 583.9989261627197,
  "config": {
    "game": "deadlock",
    "n_agents": 2,
    "horizon": 5,
    "memory": 2,
    "models_homo": "Qwen/Qwen2.5-7B-Instruct",
    "temp_homo": 0.7,
    "tom_order": 1,
    "seed": 43,
    "cell_name": "het_dp_gated_atom_talk",
    "gate_trust_threshold": 0.6,
    "gate_ema_alpha": 0.3,
    "atom_warmup": 3,
    "homogeneous": false,
    "use_tom": true,
    "use_talk": true,
    "adaptive_tom": true,
    "gated_talk_tom": true,
    "diversity_preserving_gate": true
  },
  "team_mean_payoff": 1.7933333333333332
}