{
  "perspective_diversity": 0.11665060212235277,
  "cooperation_payoff": 2.606,
  "cooperation_payoff_ci": [
    2.5620000000000003,
    2.6460500000000002
  ],
  "equilibrium_convergence": 0.9400000000000001,
  "tom_prediction_accuracy": 0.6916666666666667,
  "tom_prediction_accuracy_ci": [
    0.6641666666666667,
    0.7166874999999999
  ],
  "n_episodes": 20,
  "action_dist_agent1": [
    0.83,
    0.17
  ],
  "per_episode_payoffs": [
    2.64,
    2.52,
    2.6,
    2.6,
    2.6,
    2.6399999999999997,
    2.6800000000000006,
    2.6399999999999997,
    2.6399999999999997,
    2.56,
    2.5599999999999996,
    2.6,
    2.6,
    2.64,
    2.7600000000000002,
    2.3200000000000003,
    2.64,
    2.6,
    2.48,
    2.8000000000000003
  ],
  "gate_trust_rate": 0.9591666666666666,
  "gated_prediction_accuracy": 0.845,
  "signal_accuracy": 0.8775,
  "tom_belief_accuracy_in_gated": 0.6916666666666667,
  "dp_conflict_rate": 0.28583333333333333,
  "dp_intervention_rate": 0.28583333333333333,
  "cell": "het_gated_atom_talk",
  "wall_time_s": 2817.780772924423,
  "config": {
    "game": "public_goods",
    "n_agents": 4,
    "horizon": 5,
    "memory": 2,
    "models_homo": "Qwen/Qwen2.5-7B-Instruct",
    "temp_homo": 0.7,
    "tom_order": 1,
    "seed": 59,
    "cell_name": "het_gated_atom_talk",
    "gate_trust_threshold": 0.6,
    "gate_ema_alpha": 0.3,
    "atom_warmup": 3,
    "homogeneous": false,
    "use_tom": true,
    "use_talk": true,
    "adaptive_tom": true,
    "gated_talk_tom": true,
    "diversity_preserving_gate": false
  },
  "team_mean_payoff": 2.5385
}