{
  "perspective_diversity": 0.0008489956235073794,
  "cooperation_payoff": 2.033333333333333,
  "cooperation_payoff_ci": [
    1.7665000000000002,
    2.273333333333333
  ],
  "equilibrium_convergence": 0.88,
  "tom_prediction_accuracy": 0.74,
  "tom_prediction_accuracy_ci": [
    0.69,
    0.79
  ],
  "n_episodes": 30,
  "action_dist_agent1": [
    0.6066666666666667,
    0.3933333333333333
  ],
  "per_episode_payoffs": [
    2.8,
    2.8,
    2.4,
    2.8,
    1.2,
    1.0,
    1.6,
    3.0,
    2.6,
    2.6,
    2.8,
    1.8,
    1.4,
    2.8,
    0.8,
    1.4,
    2.6,
    2.2,
    2.2,
    1.6,
    2.8,
    1.2,
    2.4,
    2.8,
    1.4,
    2.8,
    1.2,
    2.2,
    0.4,
    1.4
  ],
  "gate_trust_rate": 0.9433333333333334,
  "gated_prediction_accuracy": 0.8233333333333334,
  "signal_accuracy": 0.82,
  "tom_belief_accuracy_in_gated": 0.74,
  "dp_conflict_rate": 0.30666666666666664,
  "dp_intervention_rate": 0.30666666666666664,
  "cell": "het_gated_atom_talk",
  "wall_time_s": 532.9393656253815,
  "config": {
    "game": "battle_of_the_sexes",
    "n_agents": 2,
    "horizon": 5,
    "memory": 2,
    "models_homo": "Qwen/Qwen2.5-7B-Instruct",
    "temp_homo": 0.7,
    "tom_order": 1,
    "seed": 49,
    "cell_name": "het_gated_atom_talk",
    "gate_trust_threshold": 0.6,
    "gate_ema_alpha": 0.3,
    "atom_warmup": 3,
    "homogeneous": false,
    "use_tom": true,
    "use_talk": true,
    "adaptive_tom": true,
    "gated_talk_tom": true,
    "diversity_preserving_gate": false
  },
  "team_mean_payoff": 1.9166666666666667
}