{
  "perspective_diversity": 0.0515316596938688,
  "cooperation_payoff": 2.5,
  "cooperation_payoff_ci": [
    2.1600000000000006,
    2.8800000000000003
  ],
  "equilibrium_convergence": 0.9066666666666666,
  "tom_prediction_accuracy": 0.5233333333333333,
  "tom_prediction_accuracy_ci": [
    0.4666666666666667,
    0.58
  ],
  "n_episodes": 30,
  "action_dist_agent1": [
    0.4066666666666667,
    0.5933333333333334
  ],
  "per_episode_payoffs": [
    2.0,
    1.4,
    2.2,
    2.2,
    3.8,
    3.2,
    2.0,
    2.4,
    1.4,
    1.8,
    2.6,
    1.8,
    4.6,
    1.4,
    1.4,
    2.4,
    1.8,
    1.6,
    5.0,
    3.6,
    2.2,
    1.6,
    1.8,
    2.6,
    4.2,
    3.2,
    2.6,
    2.0,
    4.2,
    2.0
  ],
  "gate_trust_rate": 0.72,
  "gated_prediction_accuracy": 0.59,
  "signal_accuracy": 0.5966666666666667,
  "tom_belief_accuracy_in_gated": 0.5233333333333333,
  "dp_conflict_rate": 0.5,
  "dp_intervention_rate": 0.5,
  "cell": "het_dp_gated_atom_talk",
  "wall_time_s": 526.1962614059448,
  "config": {
    "game": "chicken",
    "n_agents": 2,
    "horizon": 5,
    "memory": 2,
    "models_homo": "Qwen/Qwen2.5-7B-Instruct",
    "temp_homo": 0.7,
    "tom_order": 1,
    "seed": 43,
    "cell_name": "het_dp_gated_atom_talk",
    "gate_trust_threshold": 0.6,
    "gate_ema_alpha": 0.3,
    "atom_warmup": 3,
    "homogeneous": false,
    "use_tom": true,
    "use_talk": true,
    "adaptive_tom": true,
    "gated_talk_tom": true,
    "diversity_preserving_gate": true
  },
  "team_mean_payoff": 2.1799999999999997
}