{
  "perspective_diversity": 0.23953777972345883,
  "cooperation_payoff": 1.3133333333333335,
  "cooperation_payoff_ci": [
    1.0666666666666667,
    1.56
  ],
  "equilibrium_convergence": 0.9866666666666667,
  "tom_prediction_accuracy": 0.5933333333333334,
  "tom_prediction_accuracy_ci": [
    0.54,
    0.6466666666666666
  ],
  "n_episodes": 30,
  "action_dist_agent1": [
    0.23333333333333334,
    0.7666666666666667
  ],
  "per_episode_payoffs": [
    2.8,
    1.0,
    0.6,
    1.4,
    1.4,
    1.4,
    0.8,
    1.0,
    2.8,
    1.4,
    2.2,
    0.6,
    0.2,
    0.6,
    2.2,
    0.2,
    2.2,
    0.8,
    1.2,
    1.4,
    1.2,
    0.6,
    0.8,
    1.4,
    2.0,
    1.4,
    0.8,
    2.2,
    1.6,
    1.2
  ],
  "gate_trust_rate": 0.78,
  "gated_prediction_accuracy": 0.5366666666666666,
  "signal_accuracy": 0.55,
  "tom_belief_accuracy_in_gated": 0.5933333333333334,
  "dp_conflict_rate": 0.37,
  "dp_intervention_rate": 0.37,
  "cell": "het_gated_atom_talk",
  "wall_time_s": 439.9619405269623,
  "config": {
    "game": "hawk_dove",
    "n_agents": 2,
    "horizon": 5,
    "memory": 2,
    "models_homo": "Qwen/Qwen2.5-7B-Instruct",
    "temp_homo": 0.7,
    "tom_order": 1,
    "seed": 53,
    "cell_name": "het_gated_atom_talk",
    "gate_trust_threshold": 0.6,
    "gate_ema_alpha": 0.3,
    "atom_warmup": 3,
    "homogeneous": false,
    "use_tom": true,
    "use_talk": true,
    "adaptive_tom": true,
    "gated_talk_tom": true,
    "diversity_preserving_gate": false
  },
  "team_mean_payoff": 0.8033333333333333
}