{
  "perspective_diversity": 0.23126164412802866,
  "cooperation_payoff": 2.313685788666142,
  "cooperation_payoff_ci": [
    2.040856186458155,
    2.570513318524819
  ],
  "equilibrium_convergence": 0.9333333333333333,
  "tom_prediction_accuracy": 0.6466666666666666,
  "tom_prediction_accuracy_ci": [
    0.59,
    0.6966666666666667
  ],
  "n_episodes": 30,
  "action_dist_agent1": [
    0.3933333333333333,
    0.6066666666666667
  ],
  "per_episode_payoffs": [
    3.0207129284633636,
    3.0604971652090103,
    2.287133802111234,
    0.9452040045535781,
    1.100165034980641,
    1.9188932816552864,
    2.81791846170431,
    2.4088175044775832,
    1.7499328267785281,
    3.761194423942114,
    1.2850016590600895,
    2.853678430906932,
    1.503366692795764,
    2.374780101711597,
    2.655796206708799,
    2.643600670033918,
    2.7544479361678382,
    2.8508182147303933,
    2.8691438669956213,
    3.820275513676622,
    1.5743757409756636,
    2.6489036225146463,
    1.9950903592593447,
    2.083070296866814,
    2.5368351733740613,
    2.8206341402727166,
    0.8436738142900164,
    2.487282883069558,
    2.0681439370817305,
    1.6711849656165056
  ],
  "gate_trust_rate": 0.96,
  "gated_prediction_accuracy": 0.7333333333333333,
  "signal_accuracy": 0.7533333333333333,
  "tom_belief_accuracy_in_gated": 0.6466666666666666,
  "dp_conflict_rate": 0.26666666666666666,
  "dp_intervention_rate": 0.26666666666666666,
  "cell": "het_gsaca",
  "gsaca_detected_structure": "anti_coord",
  "gsaca_oracle_structure": "anti_coord",
  "gsaca_detection_correct": true,
  "gsaca_split_score": 0.7949468166794706,
  "gsaca_warmup_episodes": 5,
  "gsaca_n_observations": 25,
  "wall_time_s": 572.4294645786285,
  "config": {
    "game": "deadlock",
    "n_agents": 2,
    "horizon": 5,
    "memory": 2,
    "models_homo": "Qwen/Qwen2.5-7B-Instruct",
    "temp_homo": 0.7,
    "tom_order": 1,
    "seed": 42,
    "cell_name": "het_gsaca",
    "gate_trust_threshold": 0.6,
    "gate_ema_alpha": 0.3,
    "atom_warmup": 3,
    "homogeneous": false,
    "use_tom": true,
    "use_talk": true,
    "adaptive_tom": true,
    "gated_talk_tom": true,
    "diversity_preserving_gate": true
  },
  "team_mean_payoff": 1.7163695694929282
}