{
  "perspective_diversity": 0.15479356289798318,
  "cooperation_payoff": 2.2701762276664046,
  "cooperation_payoff_ci": [
    1.9843385663019435,
    2.5455563069296994
  ],
  "equilibrium_convergence": 0.9333333333333333,
  "tom_prediction_accuracy": 0.68,
  "tom_prediction_accuracy_ci": [
    0.63,
    0.7333333333333333
  ],
  "n_episodes": 30,
  "action_dist_agent1": [
    0.44666666666666666,
    0.5533333333333333
  ],
  "per_episode_payoffs": [
    2.6103564642316814,
    2.630248582604505,
    2.843566901055617,
    0.572602002276789,
    1.3500825174903206,
    2.0594466408276433,
    3.1089592308521548,
    3.504408752238792,
    2.074966413389264,
    1.680597211971057,
    2.842500829530045,
    3.626839215453466,
    2.951683346397882,
    1.9873900508557985,
    2.6278981033543993,
    2.6218003350169594,
    2.477223968083919,
    1.9254091073651967,
    1.4345719334978106,
    2.3101377568383112,
    1.4871878704878319,
    2.524451811257323,
    2.3975451796296725,
    2.041535148433407,
    3.7684175866870304,
    2.010317070136358,
    1.3218369071450082,
    2.243641441534779,
    0.9340719685408656,
    2.135592482808253
  ],
  "gate_trust_rate": 0.9366666666666666,
  "gated_prediction_accuracy": 0.7166666666666667,
  "signal_accuracy": 0.7066666666666667,
  "tom_belief_accuracy_in_gated": 0.68,
  "dp_conflict_rate": 0.24666666666666667,
  "dp_intervention_rate": 0.24666666666666667,
  "cell": "het_gsaca",
  "gsaca_detected_structure": "anti_coord",
  "gsaca_oracle_structure": "anti_coord",
  "gsaca_detection_correct": true,
  "gsaca_split_score": 0.623594917670989,
  "gsaca_warmup_episodes": 5,
  "gsaca_n_observations": 25,
  "wall_time_s": 574.2588629722595,
  "config": {
    "game": "deadlock",
    "n_agents": 2,
    "horizon": 5,
    "memory": 2,
    "models_homo": "Qwen/Qwen2.5-7B-Instruct",
    "temp_homo": 0.7,
    "tom_order": 1,
    "seed": 42,
    "cell_name": "het_gsaca",
    "gate_trust_threshold": 0.6,
    "gate_ema_alpha": 0.3,
    "atom_warmup": 3,
    "homogeneous": false,
    "use_tom": true,
    "use_talk": true,
    "adaptive_tom": true,
    "gated_talk_tom": true,
    "diversity_preserving_gate": true
  },
  "team_mean_payoff": 1.7648514514131304
}