{
  "perspective_diversity": 0.17783282708829884,
  "cooperation_payoff": 1.5066666666666668,
  "cooperation_payoff_ci": [
    1.2466666666666666,
    1.7666666666666666
  ],
  "equilibrium_convergence": 0.8933333333333333,
  "tom_prediction_accuracy": 0.6233333333333333,
  "tom_prediction_accuracy_ci": [
    0.5666666666666667,
    0.68
  ],
  "n_episodes": 30,
  "action_dist_agent1": [
    0.36,
    0.64
  ],
  "per_episode_payoffs": [
    2.0,
    1.6,
    3.0,
    0.6,
    2.2,
    0.2,
    1.0,
    2.2,
    2.2,
    1.8,
    2.8,
    0.8,
    0.4,
    1.2,
    0.8,
    0.6,
    1.4,
    0.6,
    2.0,
    2.6,
    1.0,
    1.6,
    1.4,
    1.4,
    2.0,
    2.0,
    2.2,
    1.2,
    1.0,
    1.4
  ],
  "gate_trust_rate": 0.7866666666666666,
  "gated_prediction_accuracy": 0.58,
  "signal_accuracy": 0.5133333333333333,
  "tom_belief_accuracy_in_gated": 0.6233333333333333,
  "dp_conflict_rate": 0.3433333333333333,
  "dp_intervention_rate": 0.3433333333333333,
  "cell": "het_gated_atom_talk",
  "wall_time_s": 517.6091775894165,
  "config": {
    "game": "hawk_dove",
    "n_agents": 2,
    "horizon": 5,
    "memory": 2,
    "models_homo": "Qwen/Qwen2.5-7B-Instruct",
    "temp_homo": 0.7,
    "tom_order": 1,
    "seed": 54,
    "cell_name": "het_gated_atom_talk",
    "gate_trust_threshold": 0.6,
    "gate_ema_alpha": 0.3,
    "atom_warmup": 3,
    "homogeneous": false,
    "use_tom": true,
    "use_talk": true,
    "adaptive_tom": true,
    "gated_talk_tom": true,
    "diversity_preserving_gate": false
  },
  "team_mean_payoff": 1.0666666666666667
}