{
  "perspective_diversity": 0.0004084897361796699,
  "cooperation_payoff": 1.9066666666666665,
  "cooperation_payoff_ci": [
    1.8266666666666669,
    1.9733333333333334
  ],
  "equilibrium_convergence": 0.8933333333333333,
  "tom_prediction_accuracy": 0.9166666666666666,
  "tom_prediction_accuracy_ci": [
    0.8833333333333333,
    0.9466666666666667
  ],
  "n_episodes": 30,
  "action_dist_agent1": [
    0.9466666666666667,
    0.05333333333333334
  ],
  "per_episode_payoffs": [
    2.0,
    1.6,
    1.6,
    2.0,
    1.6,
    2.0,
    2.0,
    1.2,
    2.0,
    2.0,
    1.6,
    2.0,
    2.0,
    2.0,
    2.0,
    2.0,
    2.0,
    2.0,
    2.0,
    2.0,
    2.0,
    2.0,
    1.6,
    2.0,
    2.0,
    2.0,
    2.0,
    2.0,
    2.0,
    2.0
  ],
  "gate_trust_rate": 0.9866666666666667,
  "gated_prediction_accuracy": 0.9066666666666666,
  "signal_accuracy": 0.92,
  "tom_belief_accuracy_in_gated": 0.9166666666666666,
  "dp_conflict_rate": 0.11,
  "dp_intervention_rate": 0.11,
  "cell": "hom_gated_atom_talk",
  "wall_time_s": 771.7259995937347,
  "config": {
    "game": "hawk_dove",
    "n_agents": 2,
    "horizon": 5,
    "memory": 2,
    "models_homo": "THUDM/GLM-4-9B-0414",
    "temp_homo": 0.7,
    "tom_order": 1,
    "seed": 45,
    "cell_name": "hom_gated_atom_talk",
    "gate_trust_threshold": 0.6,
    "gate_ema_alpha": 0.3,
    "atom_warmup": 3,
    "homogeneous": true,
    "use_tom": true,
    "use_talk": true,
    "adaptive_tom": true,
    "gated_talk_tom": true,
    "diversity_preserving_gate": false
  },
  "team_mean_payoff": 1.9166666666666667
}