{
  "perspective_diversity": 0.20694002260912855,
  "cooperation_payoff": 2.426666666666667,
  "cooperation_payoff_ci": [
    2.2333333333333334,
    2.6266666666666665
  ],
  "equilibrium_convergence": 0.96,
  "tom_prediction_accuracy": 0.6333333333333333,
  "tom_prediction_accuracy_ci": [
    0.5766666666666667,
    0.6866666666666666
  ],
  "n_episodes": 30,
  "action_dist_agent1": [
    0.46,
    0.54
  ],
  "per_episode_payoffs": [
    2.6,
    2.6,
    3.0,
    2.2,
    2.6,
    2.0,
    2.6,
    2.8,
    3.2,
    1.8,
    3.6,
    1.4,
    2.6,
    2.0,
    2.4,
    1.6,
    2.2,
    2.8,
    2.0,
    3.2,
    2.2,
    2.6,
    3.0,
    1.4,
    2.2,
    3.0,
    1.6,
    2.2,
    2.2,
    3.2
  ],
  "gate_trust_rate": 0.9333333333333333,
  "gated_prediction_accuracy": 0.68,
  "signal_accuracy": 0.6666666666666666,
  "tom_belief_accuracy_in_gated": 0.6333333333333333,
  "dp_conflict_rate": 0.26666666666666666,
  "dp_intervention_rate": 0.26666666666666666,
  "cell": "het_gsaca",
  "gsaca_detected_structure": "anti_coord",
  "gsaca_oracle_structure": "anti_coord",
  "gsaca_detection_correct": true,
  "gsaca_split_score": 0.33333333333333326,
  "gsaca_warmup_episodes": 5,
  "gsaca_n_observations": 25,
  "wall_time_s": 595.4748892784119,
  "config": {
    "game": "deadlock",
    "n_agents": 2,
    "horizon": 5,
    "memory": 2,
    "models_homo": "Qwen/Qwen2.5-7B-Instruct",
    "temp_homo": 0.7,
    "tom_order": 1,
    "seed": 55,
    "cell_name": "het_gsaca",
    "gate_trust_threshold": 0.6,
    "gate_ema_alpha": 0.3,
    "atom_warmup": 3,
    "homogeneous": false,
    "use_tom": true,
    "use_talk": true,
    "adaptive_tom": true,
    "gated_talk_tom": true,
    "diversity_preserving_gate": true
  },
  "team_mean_payoff": 1.826666666666666
}