{
  "perspective_diversity": 0.2196286751518731,
  "cooperation_payoff": 2.873333333333333,
  "cooperation_payoff_ci": [
    2.493333333333333,
    3.246833333333332
  ],
  "equilibrium_convergence": 0.9866666666666667,
  "tom_prediction_accuracy": 0.6166666666666667,
  "tom_prediction_accuracy_ci": [
    0.5633333333333334,
    0.67
  ],
  "n_episodes": 30,
  "action_dist_agent1": [
    0.31333333333333335,
    0.6866666666666666
  ],
  "per_episode_payoffs": [
    3.2,
    3.6,
    2.6,
    4.6,
    2.2,
    0.8,
    1.6,
    1.8,
    3.6,
    1.6,
    3.6,
    2.6,
    4.6,
    1.6,
    2.4,
    2.6,
    1.4,
    2.0,
    3.6,
    3.6,
    2.2,
    4.6,
    3.6,
    3.6,
    4.2,
    1.6,
    3.2,
    2.8,
    4.6,
    2.2
  ],
  "gate_trust_rate": 0.9066666666666666,
  "gated_prediction_accuracy": 0.6533333333333333,
  "signal_accuracy": 0.68,
  "tom_belief_accuracy_in_gated": 0.6166666666666667,
  "dp_conflict_rate": 0.2833333333333333,
  "dp_intervention_rate": 0.2833333333333333,
  "cell": "het_dp_gated_atom_talk",
  "wall_time_s": 439.7346439361572,
  "config": {
    "game": "chicken",
    "n_agents": 2,
    "horizon": 5,
    "memory": 2,
    "models_homo": "Qwen/Qwen2.5-7B-Instruct",
    "temp_homo": 0.7,
    "tom_order": 1,
    "seed": 53,
    "cell_name": "het_dp_gated_atom_talk",
    "gate_trust_threshold": 0.6,
    "gate_ema_alpha": 0.3,
    "atom_warmup": 3,
    "homogeneous": false,
    "use_tom": true,
    "use_talk": true,
    "adaptive_tom": true,
    "gated_talk_tom": true,
    "diversity_preserving_gate": true
  },
  "team_mean_payoff": 2.2199999999999993
}