{
  "perspective_diversity": 0.6187071284673602,
  "cooperation_payoff": 3.4733333333333323,
  "cooperation_payoff_ci": [
    3.126666666666666,
    3.8066666666666658
  ],
  "equilibrium_convergence": 0.9466666666666667,
  "tom_prediction_accuracy": 0.6733333333333333,
  "tom_prediction_accuracy_ci": [
    0.6233333333333333,
    0.7233333333333334
  ],
  "n_episodes": 30,
  "action_dist_agent1": [
    0.24,
    0.76
  ],
  "per_episode_payoffs": [
    2.4,
    2.6,
    2.8,
    4.6,
    1.6,
    3.2,
    3.6,
    4.6,
    3.6,
    4.6,
    3.2,
    4.6,
    1.8,
    4.6,
    2.2,
    4.6,
    3.6,
    2.6,
    3.6,
    2.6,
    3.6,
    3.2,
    2.6,
    3.6,
    4.6,
    4.6,
    2.2,
    3.6,
    4.6,
    4.6
  ],
  "gate_trust_rate": 0.88,
  "gated_prediction_accuracy": 0.6733333333333333,
  "signal_accuracy": 0.6933333333333334,
  "tom_belief_accuracy_in_gated": 0.6733333333333333,
  "dp_conflict_rate": 0.20666666666666667,
  "dp_intervention_rate": 0.20666666666666667,
  "cell": "het_dp_gated_atom_talk",
  "wall_time_s": 429.0928454399109,
  "config": {
    "game": "chicken",
    "n_agents": 2,
    "horizon": 5,
    "memory": 2,
    "models_homo": "Qwen/Qwen2.5-7B-Instruct",
    "temp_homo": 0.7,
    "tom_order": 1,
    "seed": 43,
    "cell_name": "het_dp_gated_atom_talk",
    "gate_trust_threshold": 0.75,
    "gate_ema_alpha": 0.3,
    "atom_warmup": 3,
    "homogeneous": false,
    "use_tom": true,
    "use_talk": true,
    "adaptive_tom": true,
    "gated_talk_tom": true,
    "diversity_preserving_gate": true
  },
  "team_mean_payoff": 2.4200000000000004
}