{
  "perspective_diversity": 0.038289119412522776,
  "cooperation_payoff": 2.04,
  "cooperation_payoff_ci": [
    1.8533333333333337,
    2.2201666666666657
  ],
  "equilibrium_convergence": 0.96,
  "tom_prediction_accuracy": 0.6833333333333333,
  "tom_prediction_accuracy_ci": [
    0.63,
    0.7366666666666667
  ],
  "n_episodes": 30,
  "action_dist_agent1": [
    0.54,
    0.46
  ],
  "per_episode_payoffs": [
    2.0,
    2.6,
    0.6,
    2.0,
    1.6,
    1.6,
    1.8,
    1.8,
    2.2,
    2.0,
    2.0,
    3.2,
    2.0,
    1.6,
    1.2,
    2.0,
    2.2,
    1.8,
    2.0,
    3.0,
    2.0,
    2.0,
    2.6,
    2.8,
    2.0,
    2.2,
    2.0,
    2.8,
    1.8,
    1.8
  ],
  "gate_trust_rate": 0.95,
  "gated_prediction_accuracy": 0.7533333333333333,
  "signal_accuracy": 0.73,
  "tom_belief_accuracy_in_gated": 0.6833333333333333,
  "dp_conflict_rate": 0.24666666666666667,
  "dp_intervention_rate": 0.24666666666666667,
  "cell": "het_gated_atom_talk",
  "wall_time_s": 548.548686504364,
  "config": {
    "game": "deadlock",
    "n_agents": 2,
    "horizon": 5,
    "memory": 2,
    "models_homo": "Qwen/Qwen2.5-7B-Instruct",
    "temp_homo": 0.7,
    "tom_order": 1,
    "seed": 49,
    "cell_name": "het_gated_atom_talk",
    "gate_trust_threshold": 0.6,
    "gate_ema_alpha": 0.3,
    "atom_warmup": 3,
    "homogeneous": false,
    "use_tom": true,
    "use_talk": true,
    "adaptive_tom": true,
    "gated_talk_tom": true,
    "diversity_preserving_gate": false
  },
  "team_mean_payoff": 1.7733333333333332
}