{
  "perspective_diversity": 0.0,
  "cooperation_payoff": 2.773685788666143,
  "cooperation_payoff_ci": [
    2.5391727013717746,
    2.969121173631958
  ],
  "equilibrium_convergence": 0.9333333333333333,
  "tom_prediction_accuracy": 0.9433333333333334,
  "tom_prediction_accuracy_ci": [
    0.9166666666666666,
    0.97
  ],
  "n_episodes": 30,
  "action_dist_agent1": [
    0.9666666666666667,
    0.03333333333333333
  ],
  "per_episode_payoffs": [
    2.820712928463364,
    2.660497165209011,
    3.4871338021112335,
    1.145204004553578,
    0.7001650349806412,
    3.1188932816552866,
    3.21791846170431,
    2.808817504477583,
    3.149932826778528,
    3.1611944239421144,
    2.68500165906009,
    3.053678430906932,
    2.5033666927957645,
    3.374780101711597,
    3.0557962067087994,
    3.0436006700339178,
    2.7544479361678382,
    3.2508182147303932,
    2.669143866995621,
    3.220275513676622,
    2.3743757409756636,
    3.2489036225146464,
    2.9950903592593447,
    2.2830702968668137,
    3.3368351733740615,
    3.0206341402727164,
    2.4436738142900163,
    2.2872828830695577,
    2.4681439370817304,
    2.8711849656165063
  ],
  "gate_trust_rate": 0.98,
  "gated_prediction_accuracy": 0.86,
  "signal_accuracy": 0.88,
  "tom_belief_accuracy_in_gated": 0.74,
  "dp_conflict_rate": 0.18,
  "dp_intervention_rate": 0.18,
  "cell": "het_gsaca",
  "gsaca_detected_structure": "coord",
  "gsaca_oracle_structure": "coord",
  "gsaca_detection_correct": true,
  "gsaca_split_score": -1.9568998793192303,
  "gsaca_warmup_episodes": 5,
  "gsaca_n_observations": 25,
  "wall_time_s": 518.0954790115356,
  "config": {
    "game": "stag_hunt",
    "n_agents": 2,
    "horizon": 5,
    "memory": 2,
    "models_homo": "Qwen/Qwen2.5-7B-Instruct",
    "temp_homo": 0.7,
    "tom_order": 1,
    "seed": 45,
    "cell_name": "het_gsaca",
    "gate_trust_threshold": 0.6,
    "gate_ema_alpha": 0.3,
    "atom_warmup": 3,
    "homogeneous": false,
    "use_tom": true,
    "use_talk": true,
    "adaptive_tom": true,
    "gated_talk_tom": true,
    "diversity_preserving_gate": true
  },
  "team_mean_payoff": 2.8297029028262615
}