{
  "perspective_diversity": 0.16340433514489447,
  "cooperation_payoff": 1.7533333333333336,
  "cooperation_payoff_ci": [
    1.4933333333333334,
    2.006666666666667
  ],
  "equilibrium_convergence": 0.9066666666666666,
  "tom_prediction_accuracy": 0.6433333333333333,
  "tom_prediction_accuracy_ci": [
    0.5866666666666667,
    0.6966666666666667
  ],
  "n_episodes": 30,
  "action_dist_agent1": [
    0.8066666666666666,
    0.19333333333333333
  ],
  "per_episode_payoffs": [
    2.2,
    0.6,
    2.2,
    1.0,
    2.8,
    3.0,
    1.6,
    2.6,
    1.8,
    1.0,
    2.2,
    2.8,
    2.2,
    1.6,
    1.4,
    1.8,
    2.4,
    0.0,
    1.6,
    1.2,
    0.6,
    0.6,
    2.8,
    1.6,
    2.2,
    1.8,
    1.6,
    2.2,
    1.6,
    1.6
  ],
  "gate_trust_rate": 0.95,
  "gated_prediction_accuracy": 0.7566666666666667,
  "signal_accuracy": 0.78,
  "tom_belief_accuracy_in_gated": 0.6433333333333333,
  "dp_conflict_rate": 0.29,
  "dp_intervention_rate": 0.29,
  "cell": "het_dp_gated_atom_talk",
  "wall_time_s": 457.40797424316406,
  "config": {
    "game": "battle_of_the_sexes",
    "n_agents": 2,
    "horizon": 5,
    "memory": 2,
    "models_homo": "Qwen/Qwen2.5-7B-Instruct",
    "temp_homo": 0.7,
    "tom_order": 1,
    "seed": 52,
    "cell_name": "het_dp_gated_atom_talk",
    "gate_trust_threshold": 0.6,
    "gate_ema_alpha": 0.3,
    "atom_warmup": 3,
    "homogeneous": false,
    "use_tom": true,
    "use_talk": true,
    "adaptive_tom": true,
    "gated_talk_tom": true,
    "diversity_preserving_gate": true
  },
  "team_mean_payoff": 1.5833333333333333
}