{
  "perspective_diversity": 0.5399033107813945,
  "cooperation_payoff": 2.5680000000000005,
  "cooperation_payoff_ci": [
    2.5320000000000005,
    2.604
  ],
  "equilibrium_convergence": 0.96,
  "tom_prediction_accuracy": 0.8383333333333334,
  "tom_prediction_accuracy_ci": [
    0.8175,
    0.8583333333333333
  ],
  "n_episodes": 20,
  "action_dist_agent1": [
    0.98,
    0.02
  ],
  "per_episode_payoffs": [
    2.52,
    2.5200000000000005,
    2.7600000000000002,
    2.52,
    2.6,
    2.6,
    2.6,
    2.6,
    2.44,
    2.6,
    2.6,
    2.6,
    2.6,
    2.3600000000000003,
    2.52,
    2.52,
    2.6,
    2.6,
    2.6,
    2.6
  ],
  "gate_trust_rate": 0.9611111111111111,
  "gated_prediction_accuracy": 0.8777777777777778,
  "signal_accuracy": 0.9166666666666666,
  "tom_belief_accuracy_in_gated": 0.7055555555555556,
  "dp_conflict_rate": 0.2222222222222222,
  "dp_intervention_rate": 0.2222222222222222,
  "cell": "het_gsaca",
  "gsaca_detected_structure": "coord",
  "gsaca_oracle_structure": "coord",
  "gsaca_detection_correct": true,
  "gsaca_split_score": -0.18750000000000044,
  "gsaca_warmup_episodes": 3,
  "gsaca_n_observations": 15,
  "wall_time_s": 2648.38857626915,
  "config": {
    "game": "public_goods",
    "n_agents": 4,
    "horizon": 5,
    "memory": 2,
    "models_homo": "Qwen/Qwen2.5-7B-Instruct",
    "temp_homo": 0.7,
    "tom_order": 1,
    "seed": 46,
    "cell_name": "het_gsaca",
    "gate_trust_threshold": 0.6,
    "gate_ema_alpha": 0.3,
    "atom_warmup": 3,
    "homogeneous": false,
    "use_tom": true,
    "use_talk": true,
    "adaptive_tom": true,
    "gated_talk_tom": true,
    "diversity_preserving_gate": true
  },
  "team_mean_payoff": 2.5805000000000002
}