{
  "perspective_diversity": 0.11530209033891894,
  "cooperation_payoff": 1.6199999999999997,
  "cooperation_payoff_ci": [
    1.2666666666666666,
    1.986666666666666
  ],
  "equilibrium_convergence": 0.9066666666666667,
  "tom_prediction_accuracy": 0.6266666666666667,
  "tom_prediction_accuracy_ci": [
    0.5733333333333334,
    0.68
  ],
  "n_episodes": 30,
  "action_dist_agent1": [
    0.44666666666666666,
    0.5533333333333333
  ],
  "per_episode_payoffs": [
    1.8,
    0.4,
    0.8,
    2.8,
    0.4,
    0.6,
    0.0,
    2.8,
    1.6,
    1.6,
    0.6,
    2.8,
    0.6,
    1.2,
    2.8,
    2.0,
    1.6,
    2.8,
    2.8,
    2.8,
    -0.4,
    2.8,
    2.0,
    1.6,
    1.6,
    -0.2,
    2.0,
    1.8,
    2.8,
    1.8
  ],
  "gate_trust_rate": 0.8466666666666667,
  "gated_prediction_accuracy": 0.62,
  "signal_accuracy": 0.62,
  "tom_belief_accuracy_in_gated": 0.6266666666666667,
  "dp_conflict_rate": 0.31333333333333335,
  "dp_intervention_rate": 0.31333333333333335,
  "cell": "het_dp_gated_atom_talk",
  "wall_time_s": 395.87825560569763,
  "config": {
    "game": "hawk_dove",
    "n_agents": 2,
    "horizon": 5,
    "memory": 2,
    "models_homo": "Qwen/Qwen2.5-7B-Instruct",
    "temp_homo": 0.7,
    "tom_order": 1,
    "seed": 58,
    "cell_name": "het_dp_gated_atom_talk",
    "gate_trust_threshold": 0.6,
    "gate_ema_alpha": 0.3,
    "atom_warmup": 3,
    "homogeneous": false,
    "use_tom": true,
    "use_talk": true,
    "adaptive_tom": true,
    "gated_talk_tom": true,
    "diversity_preserving_gate": true
  },
  "team_mean_payoff": 1.2700000000000005
}