{
  "perspective_diversity": 0.46773442517262,
  "cooperation_payoff": 3.2733333333333325,
  "cooperation_payoff_ci": [
    2.9066666666666663,
    3.626666666666666
  ],
  "equilibrium_convergence": 0.9733333333333333,
  "tom_prediction_accuracy": 0.7,
  "tom_prediction_accuracy_ci": [
    0.6466666666666666,
    0.75
  ],
  "n_episodes": 30,
  "action_dist_agent1": [
    0.25333333333333335,
    0.7466666666666667
  ],
  "per_episode_payoffs": [
    4.6,
    2.8,
    3.6,
    2.8,
    1.6,
    3.6,
    3.2,
    2.6,
    3.2,
    4.6,
    5.0,
    4.6,
    2.4,
    3.6,
    3.6,
    1.6,
    1.8,
    2.2,
    4.6,
    2.2,
    3.6,
    3.6,
    3.6,
    4.6,
    1.8,
    3.6,
    3.6,
    2.8,
    2.2,
    4.6
  ],
  "gate_trust_rate": 0.9333333333333333,
  "gated_prediction_accuracy": 0.7166666666666667,
  "signal_accuracy": 0.7233333333333334,
  "tom_belief_accuracy_in_gated": 0.7,
  "dp_conflict_rate": 0.21666666666666667,
  "dp_intervention_rate": 0.21666666666666667,
  "cell": "het_3arm",
  "gsaca_detected_structure": "anti_coord",
  "gsaca_oracle_structure": "anti_coord",
  "gsaca_detection_correct": true,
  "gsaca_split_score": 1.6363636363636365,
  "gsaca_warmup_episodes": 5,
  "gsaca_n_observations": 25,
  "gsaca_3arm_selected": "CGA",
  "gsaca_3arm_tau": 0.2,
  "wall_time_s": 418.5463926792145,
  "config": {
    "game": "chicken",
    "n_agents": 2,
    "horizon": 5,
    "memory": 2,
    "models_homo": "Qwen/Qwen2.5-7B-Instruct",
    "temp_homo": 0.7,
    "tom_order": 1,
    "seed": 44,
    "cell_name": "het_3arm",
    "gate_trust_threshold": 0.6,
    "gate_ema_alpha": 0.3,
    "atom_warmup": 3,
    "homogeneous": false,
    "use_tom": true,
    "use_talk": true,
    "adaptive_tom": true,
    "gated_talk_tom": true,
    "diversity_preserving_gate": true
  },
  "team_mean_payoff": 2.3399999999999994
}