{
  "perspective_diversity": 0.22852779549889793,
  "cooperation_payoff": 2.622,
  "cooperation_payoff_ci": [
    2.5520000000000005,
    2.686
  ],
  "equilibrium_convergence": 0.8200000000000001,
  "tom_prediction_accuracy": 0.6325,
  "tom_prediction_accuracy_ci": [
    0.6066666666666667,
    0.6583333333333333
  ],
  "n_episodes": 20,
  "action_dist_agent1": [
    0.73,
    0.27
  ],
  "per_episode_payoffs": [
    2.7600000000000002,
    2.7600000000000002,
    2.6799999999999997,
    2.7600000000000002,
    2.4400000000000004,
    2.6799999999999997,
    2.76,
    2.72,
    2.6800000000000006,
    2.4,
    2.6399999999999997,
    2.6,
    2.7199999999999998,
    2.7600000000000002,
    2.3600000000000003,
    2.5599999999999996,
    2.8800000000000003,
    2.3600000000000003,
    2.4800000000000004,
    2.4400000000000004
  ],
  "gate_trust_rate": 0.9141666666666667,
  "gated_prediction_accuracy": 0.74,
  "signal_accuracy": 0.8075,
  "tom_belief_accuracy_in_gated": 0.6325,
  "dp_conflict_rate": 0.3233333333333333,
  "dp_intervention_rate": 0.3233333333333333,
  "cell": "het_dp_gated_atom_talk",
  "wall_time_s": 2650.2068235874176,
  "config": {
    "game": "public_goods",
    "n_agents": 4,
    "horizon": 5,
    "memory": 2,
    "models_homo": "Qwen/Qwen2.5-7B-Instruct",
    "temp_homo": 0.7,
    "tom_order": 1,
    "seed": 43,
    "cell_name": "het_dp_gated_atom_talk",
    "homogeneous": false,
    "use_tom": true,
    "use_talk": true,
    "adaptive_tom": true,
    "gated_talk_tom": true,
    "diversity_preserving_gate": true
  },
  "team_mean_payoff": 2.5069999999999997
}