{
  "perspective_diversity": 0.07156374847645708,
  "cooperation_payoff": 2.5860000000000003,
  "cooperation_payoff_ci": [
    2.518,
    2.652
  ],
  "equilibrium_convergence": 0.98,
  "tom_prediction_accuracy": 0.6,
  "tom_prediction_accuracy_ci": [
    0.5708333333333333,
    0.6283333333333333
  ],
  "n_episodes": 20,
  "action_dist_agent1": [
    0.77,
    0.23
  ],
  "per_episode_payoffs": [
    2.3200000000000003,
    2.6799999999999997,
    2.4400000000000004,
    2.88,
    2.48,
    2.56,
    2.7199999999999998,
    2.6399999999999997,
    2.64,
    2.6399999999999997,
    2.76,
    2.6800000000000006,
    2.4400000000000004,
    2.3600000000000003,
    2.6799999999999997,
    2.7600000000000002,
    2.6399999999999997,
    2.3600000000000003,
    2.4,
    2.64
  ],
  "gate_trust_rate": 0.9483333333333334,
  "gated_prediction_accuracy": 0.795,
  "signal_accuracy": 0.84,
  "tom_belief_accuracy_in_gated": 0.6,
  "dp_conflict_rate": 0.3516666666666667,
  "dp_intervention_rate": 0.3516666666666667,
  "cell": "het_dp_gated_atom_talk",
  "wall_time_s": 2551.6427059173584,
  "config": {
    "game": "public_goods",
    "n_agents": 4,
    "horizon": 5,
    "memory": 2,
    "models_homo": "Qwen/Qwen2.5-7B-Instruct",
    "temp_homo": 0.7,
    "tom_order": 1,
    "seed": 46,
    "cell_name": "het_dp_gated_atom_talk",
    "gate_trust_threshold": 0.6,
    "gate_ema_alpha": 0.3,
    "atom_warmup": 3,
    "homogeneous": false,
    "use_tom": true,
    "use_talk": true,
    "adaptive_tom": true,
    "gated_talk_tom": true,
    "diversity_preserving_gate": true
  },
  "team_mean_payoff": 2.5085
}