{
  "perspective_diversity": 0.518954912228295,
  "cooperation_payoff": 3.393333333333332,
  "cooperation_payoff_ci": [
    2.9733333333333323,
    3.759999999999999
  ],
  "equilibrium_convergence": 0.96,
  "tom_prediction_accuracy": 0.6933333333333334,
  "tom_prediction_accuracy_ci": [
    0.6433333333333333,
    0.7466666666666667
  ],
  "n_episodes": 30,
  "action_dist_agent1": [
    0.26,
    0.74
  ],
  "per_episode_payoffs": [
    2.2,
    2.6,
    5.0,
    2.2,
    3.6,
    2.6,
    4.6,
    4.6,
    4.6,
    2.2,
    3.6,
    2.2,
    4.6,
    2.8,
    1.8,
    4.6,
    4.6,
    4.6,
    4.6,
    3.6,
    3.2,
    0.8,
    2.8,
    2.6,
    4.6,
    2.8,
    4.6,
    3.6,
    2.0,
    3.6
  ],
  "gate_trust_rate": 0.9233333333333333,
  "gated_prediction_accuracy": 0.7066666666666667,
  "signal_accuracy": 0.6766666666666666,
  "tom_belief_accuracy_in_gated": 0.6933333333333334,
  "dp_conflict_rate": 0.21666666666666667,
  "dp_intervention_rate": 0.21666666666666667,
  "cell": "het_dp_gated_atom_talk",
  "wall_time_s": 518.2469215393066,
  "config": {
    "game": "chicken",
    "n_agents": 2,
    "horizon": 5,
    "memory": 2,
    "models_homo": "Qwen/Qwen2.5-7B-Instruct",
    "temp_homo": 0.7,
    "tom_order": 1,
    "seed": 59,
    "cell_name": "het_dp_gated_atom_talk",
    "gate_trust_threshold": 0.6,
    "gate_ema_alpha": 0.3,
    "atom_warmup": 3,
    "homogeneous": false,
    "use_tom": true,
    "use_talk": true,
    "adaptive_tom": true,
    "gated_talk_tom": true,
    "diversity_preserving_gate": true
  },
  "team_mean_payoff": 2.420000000000001
}