{
  "perspective_diversity": 0.10421115884741997,
  "cooperation_payoff": 1.4133333333333333,
  "cooperation_payoff_ci": [
    1.16,
    1.6600000000000004
  ],
  "equilibrium_convergence": 0.7866666666666667,
  "tom_prediction_accuracy": 0.56,
  "tom_prediction_accuracy_ci": [
    0.5066666666666667,
    0.6166666666666667
  ],
  "n_episodes": 30,
  "action_dist_agent1": [
    0.37333333333333335,
    0.6266666666666667
  ],
  "per_episode_payoffs": [
    0.8,
    2.0,
    1.2,
    1.0,
    1.0,
    -0.2,
    1.2,
    2.0,
    0.2,
    1.4,
    1.0,
    2.2,
    0.8,
    0.6,
    1.0,
    1.0,
    1.0,
    2.0,
    2.8,
    0.8,
    2.0,
    2.2,
    1.8,
    1.4,
    2.2,
    1.4,
    2.4,
    0.8,
    2.2,
    2.2
  ],
  "gate_trust_rate": 0.8,
  "gated_prediction_accuracy": 0.5566666666666666,
  "signal_accuracy": 0.5433333333333333,
  "tom_belief_accuracy_in_gated": 0.56,
  "dp_conflict_rate": 0.3433333333333333,
  "dp_intervention_rate": 0.3433333333333333,
  "cell": "het_gated_atom_talk",
  "wall_time_s": 439.44406962394714,
  "config": {
    "game": "hawk_dove",
    "n_agents": 2,
    "horizon": 5,
    "memory": 2,
    "models_homo": "Qwen/Qwen2.5-7B-Instruct",
    "temp_homo": 0.7,
    "tom_order": 1,
    "seed": 44,
    "cell_name": "het_gated_atom_talk",
    "gate_trust_threshold": 0.6,
    "gate_ema_alpha": 0.3,
    "atom_warmup": 3,
    "homogeneous": false,
    "use_tom": true,
    "use_talk": true,
    "adaptive_tom": true,
    "gated_talk_tom": true,
    "diversity_preserving_gate": false
  },
  "team_mean_payoff": 1.0733333333333335
}