{
  "perspective_diversity": 0.08649918726120473,
  "cooperation_payoff": 2.1933333333333334,
  "cooperation_payoff_ci": [
    1.9666666666666672,
    2.4000000000000004
  ],
  "equilibrium_convergence": 0.8933333333333333,
  "tom_prediction_accuracy": 0.6566666666666666,
  "tom_prediction_accuracy_ci": [
    0.6033333333333334,
    0.71
  ],
  "n_episodes": 30,
  "action_dist_agent1": [
    0.49333333333333335,
    0.5066666666666667
  ],
  "per_episode_payoffs": [
    2.0,
    2.4,
    2.4,
    2.4,
    1.6,
    1.6,
    2.0,
    2.0,
    2.0,
    2.4,
    1.4,
    2.2,
    3.2,
    2.8,
    3.2,
    1.8,
    2.2,
    1.8,
    2.2,
    2.6,
    3.2,
    2.2,
    1.8,
    3.2,
    2.8,
    1.8,
    2.2,
    0.2,
    2.4,
    1.8
  ],
  "gate_trust_rate": 0.96,
  "gated_prediction_accuracy": 0.75,
  "signal_accuracy": 0.7366666666666667,
  "tom_belief_accuracy_in_gated": 0.6566666666666666,
  "dp_conflict_rate": 0.2733333333333333,
  "dp_intervention_rate": 0.2733333333333333,
  "cell": "het_gated_atom_talk",
  "wall_time_s": 578.7264912128448,
  "config": {
    "game": "deadlock",
    "n_agents": 2,
    "horizon": 5,
    "memory": 2,
    "models_homo": "Qwen/Qwen2.5-7B-Instruct",
    "temp_homo": 0.7,
    "tom_order": 1,
    "seed": 46,
    "cell_name": "het_gated_atom_talk",
    "gate_trust_threshold": 0.6,
    "gate_ema_alpha": 0.3,
    "atom_warmup": 3,
    "homogeneous": false,
    "use_tom": true,
    "use_talk": true,
    "adaptive_tom": true,
    "gated_talk_tom": true,
    "diversity_preserving_gate": false
  },
  "team_mean_payoff": 1.793333333333333
}