{
  "perspective_diversity": 0.07589056208684998,
  "cooperation_payoff": 2.6119999999999997,
  "cooperation_payoff_ci": [
    2.5620000000000003,
    2.662
  ],
  "equilibrium_convergence": 0.88,
  "tom_prediction_accuracy": 0.645,
  "tom_prediction_accuracy_ci": [
    0.6175,
    0.6725
  ],
  "n_episodes": 20,
  "action_dist_agent1": [
    0.76,
    0.24
  ],
  "per_episode_payoffs": [
    2.4800000000000004,
    2.6399999999999997,
    2.8,
    2.6799999999999997,
    2.72,
    2.6799999999999997,
    2.7199999999999998,
    2.5599999999999996,
    2.6799999999999997,
    2.56,
    2.4,
    2.52,
    2.44,
    2.56,
    2.72,
    2.4,
    2.7600000000000002,
    2.6,
    2.6,
    2.72
  ],
  "gate_trust_rate": 0.9508333333333333,
  "gated_prediction_accuracy": 0.815,
  "signal_accuracy": 0.8525,
  "tom_belief_accuracy_in_gated": 0.645,
  "dp_conflict_rate": 0.30083333333333334,
  "dp_intervention_rate": 0.30083333333333334,
  "cell": "het_dp_gated_atom_talk",
  "wall_time_s": 2634.289308786392,
  "config": {
    "game": "public_goods",
    "n_agents": 4,
    "horizon": 5,
    "memory": 2,
    "models_homo": "Qwen/Qwen2.5-7B-Instruct",
    "temp_homo": 0.7,
    "tom_order": 1,
    "seed": 45,
    "cell_name": "het_dp_gated_atom_talk",
    "homogeneous": false,
    "use_tom": true,
    "use_talk": true,
    "adaptive_tom": true,
    "gated_talk_tom": true,
    "diversity_preserving_gate": true
  },
  "team_mean_payoff": 2.5145000000000004
}