{
  "perspective_diversity": 0.0072070624494739305,
  "cooperation_payoff": 1.1333333333333335,
  "cooperation_payoff_ci": [
    0.7866666666666666,
    1.4868333333333328
  ],
  "equilibrium_convergence": 0.8666666666666667,
  "tom_prediction_accuracy": 0.56,
  "tom_prediction_accuracy_ci": [
    0.5033333333333333,
    0.6166666666666667
  ],
  "n_episodes": 30,
  "action_dist_agent1": [
    0.4533333333333333,
    0.5466666666666666
  ],
  "per_episode_payoffs": [
    3.0,
    2.2,
    0.2,
    0.2,
    0.2,
    0.0,
    0.6,
    0.8,
    2.0,
    1.2,
    2.0,
    2.0,
    0.2,
    2.0,
    1.0,
    1.0,
    0.0,
    1.6,
    2.4,
    0.0,
    1.6,
    0.2,
    0.4,
    0.4,
    1.0,
    3.0,
    3.0,
    0.2,
    -0.4,
    2.0
  ],
  "gate_trust_rate": 0.6933333333333334,
  "gated_prediction_accuracy": 0.5133333333333333,
  "signal_accuracy": 0.54,
  "tom_belief_accuracy_in_gated": 0.56,
  "dp_conflict_rate": 0.49333333333333335,
  "dp_intervention_rate": 0.49333333333333335,
  "cell": "het_gsaca",
  "gsaca_detected_structure": "anti_coord",
  "gsaca_oracle_structure": "anti_coord",
  "gsaca_detection_correct": true,
  "gsaca_split_score": 2.5,
  "gsaca_warmup_episodes": 5,
  "gsaca_n_observations": 25,
  "wall_time_s": 470.78548073768616,
  "config": {
    "game": "hawk_dove",
    "n_agents": 2,
    "horizon": 5,
    "memory": 2,
    "models_homo": "Qwen/Qwen2.5-7B-Instruct",
    "temp_homo": 0.7,
    "tom_order": 1,
    "seed": 42,
    "cell_name": "het_gsaca",
    "gate_trust_threshold": 0.6,
    "gate_ema_alpha": 0.3,
    "atom_warmup": 3,
    "homogeneous": false,
    "use_tom": true,
    "use_talk": true,
    "adaptive_tom": true,
    "gated_talk_tom": true,
    "diversity_preserving_gate": true
  },
  "team_mean_payoff": 1.0433333333333334
}