{
  "perspective_diversity": 0.0967507994318241,
  "cooperation_payoff": 2.586666666666667,
  "cooperation_payoff_ci": [
    2.3333333333333335,
    2.8400000000000003
  ],
  "equilibrium_convergence": 0.9466666666666667,
  "tom_prediction_accuracy": 0.7,
  "tom_prediction_accuracy_ci": [
    0.65,
    0.7533333333333333
  ],
  "n_episodes": 30,
  "action_dist_agent1": [
    0.4666666666666667,
    0.5333333333333333
  ],
  "per_episode_payoffs": [
    1.4,
    1.0,
    3.2,
    3.0,
    3.0,
    2.2,
    4.0,
    3.0,
    1.8,
    2.0,
    2.2,
    3.0,
    2.2,
    3.0,
    3.0,
    1.0,
    2.6,
    3.2,
    2.4,
    2.2,
    2.0,
    2.0,
    3.0,
    3.0,
    4.0,
    2.6,
    2.4,
    3.2,
    3.0,
    3.0
  ],
  "gate_trust_rate": 0.91,
  "gated_prediction_accuracy": 0.7133333333333334,
  "signal_accuracy": 0.71,
  "tom_belief_accuracy_in_gated": 0.7,
  "dp_conflict_rate": 0.19666666666666666,
  "dp_intervention_rate": 0.19666666666666666,
  "cell": "het_gated_atom_talk",
  "wall_time_s": 449.1508777141571,
  "config": {
    "game": "chicken",
    "n_agents": 2,
    "horizon": 5,
    "memory": 2,
    "models_homo": "Qwen/Qwen2.5-7B-Instruct",
    "temp_homo": 0.7,
    "tom_order": 1,
    "seed": 50,
    "cell_name": "het_gated_atom_talk",
    "gate_trust_threshold": 0.6,
    "gate_ema_alpha": 0.3,
    "atom_warmup": 3,
    "homogeneous": false,
    "use_tom": true,
    "use_talk": true,
    "adaptive_tom": true,
    "gated_talk_tom": true,
    "diversity_preserving_gate": false
  },
  "team_mean_payoff": 2.1599999999999993
}