{
  "perspective_diversity": 0.08809501960977387,
  "cooperation_payoff": 1.4199999999999997,
  "cooperation_payoff_ci": [
    1.1,
    1.7466666666666664
  ],
  "equilibrium_convergence": 0.9333333333333333,
  "tom_prediction_accuracy": 0.6133333333333333,
  "tom_prediction_accuracy_ci": [
    0.5566666666666666,
    0.67
  ],
  "n_episodes": 30,
  "action_dist_agent1": [
    0.43333333333333335,
    0.5666666666666667
  ],
  "per_episode_payoffs": [
    0.0,
    0.4,
    0.8,
    2.8,
    0.2,
    1.8,
    1.0,
    2.8,
    0.6,
    1.6,
    2.8,
    1.2,
    2.0,
    0.0,
    2.6,
    1.6,
    1.4,
    1.4,
    2.8,
    1.2,
    2.0,
    2.8,
    2.0,
    1.6,
    0.8,
    0.8,
    0.6,
    0.0,
    0.8,
    2.2
  ],
  "gate_trust_rate": 0.8066666666666666,
  "gated_prediction_accuracy": 0.62,
  "signal_accuracy": 0.6133333333333333,
  "tom_belief_accuracy_in_gated": 0.6133333333333333,
  "dp_conflict_rate": 0.38666666666666666,
  "dp_intervention_rate": 0.38666666666666666,
  "cell": "het_hist_split",
  "wall_time_s": 526.5280547142029,
  "config": {
    "game": "hawk_dove",
    "n_agents": 2,
    "horizon": 5,
    "memory": 2,
    "models_homo": "Qwen/Qwen2.5-7B-Instruct",
    "temp_homo": 0.7,
    "tom_order": 1,
    "seed": 45,
    "cell_name": "het_hist_split",
    "gate_trust_threshold": 0.6,
    "gate_ema_alpha": 0.3,
    "atom_warmup": 3,
    "homogeneous": false,
    "use_tom": true,
    "use_talk": true,
    "adaptive_tom": true,
    "gated_talk_tom": true,
    "diversity_preserving_gate": true,
    "history_split_hint": true
  },
  "team_mean_payoff": 1.11
}