{
  "perspective_diversity": 0.1396274910746149,
  "cooperation_payoff": 1.9,
  "cooperation_payoff_ci": [
    1.6200000000000003,
    2.173333333333333
  ],
  "equilibrium_convergence": 1.0,
  "tom_prediction_accuracy": 0.6533333333333333,
  "tom_prediction_accuracy_ci": [
    0.6,
    0.7066666666666667
  ],
  "n_episodes": 30,
  "action_dist_agent1": [
    0.8533333333333334,
    0.14666666666666667
  ],
  "per_episode_payoffs": [
    2.4,
    2.2,
    2.2,
    0.6,
    1.8,
    1.2,
    2.2,
    2.4,
    2.2,
    2.2,
    1.0,
    1.2,
    2.8,
    2.4,
    1.8,
    0.6,
    2.8,
    2.2,
    2.6,
    0.6,
    3.0,
    2.2,
    0.0,
    2.2,
    2.4,
    1.2,
    1.2,
    2.6,
    2.4,
    2.4
  ],
  "gate_trust_rate": 0.89,
  "gated_prediction_accuracy": 0.7233333333333334,
  "signal_accuracy": 0.7133333333333334,
  "tom_belief_accuracy_in_gated": 0.6533333333333333,
  "dp_conflict_rate": 0.29333333333333333,
  "dp_intervention_rate": 0.29333333333333333,
  "cell": "het_dp_gated_atom_talk",
  "wall_time_s": 456.49742889404297,
  "config": {
    "game": "battle_of_the_sexes",
    "n_agents": 2,
    "horizon": 5,
    "memory": 2,
    "models_homo": "Qwen/Qwen2.5-7B-Instruct",
    "temp_homo": 0.7,
    "tom_order": 1,
    "seed": 43,
    "cell_name": "het_dp_gated_atom_talk",
    "gate_trust_threshold": 0.6,
    "gate_ema_alpha": 0.3,
    "atom_warmup": 3,
    "homogeneous": false,
    "use_tom": true,
    "use_talk": true,
    "adaptive_tom": true,
    "gated_talk_tom": true,
    "diversity_preserving_gate": true
  },
  "team_mean_payoff": 1.6666666666666667
}