{
  "perspective_diversity": 0.14397452164396182,
  "cooperation_payoff": 2.6420000000000003,
  "cooperation_payoff_ci": [
    2.5980000000000003,
    2.682
  ],
  "equilibrium_convergence": 0.98,
  "tom_prediction_accuracy": 0.6891666666666667,
  "tom_prediction_accuracy_ci": [
    0.6633333333333333,
    0.715
  ],
  "n_episodes": 20,
  "action_dist_agent1": [
    0.81,
    0.19
  ],
  "per_episode_payoffs": [
    2.56,
    2.52,
    2.7199999999999998,
    2.6,
    2.7199999999999998,
    2.6799999999999997,
    2.7199999999999998,
    2.48,
    2.7199999999999998,
    2.7600000000000002,
    2.6,
    2.8000000000000003,
    2.76,
    2.6,
    2.56,
    2.52,
    2.6399999999999997,
    2.7600000000000002,
    2.52,
    2.6
  ],
  "gate_trust_rate": 0.97,
  "gated_prediction_accuracy": 0.8508333333333333,
  "signal_accuracy": 0.8725,
  "tom_belief_accuracy_in_gated": 0.6891666666666667,
  "dp_conflict_rate": 0.305,
  "dp_intervention_rate": 0.305,
  "cell": "het_gated_atom_talk",
  "wall_time_s": 2844.364422082901,
  "config": {
    "game": "public_goods",
    "n_agents": 4,
    "horizon": 5,
    "memory": 2,
    "models_homo": "Qwen/Qwen2.5-7B-Instruct",
    "temp_homo": 0.7,
    "tom_order": 1,
    "seed": 43,
    "cell_name": "het_gated_atom_talk",
    "gate_trust_threshold": 0.6,
    "gate_ema_alpha": 0.3,
    "atom_warmup": 3,
    "homogeneous": false,
    "use_tom": true,
    "use_talk": true,
    "adaptive_tom": true,
    "gated_talk_tom": true,
    "diversity_preserving_gate": false
  },
  "team_mean_payoff": 2.5445
}