{
  "perspective_diversity": 0.1462667801699527,
  "cooperation_payoff": 2.3133333333333335,
  "cooperation_payoff_ci": [
    2.0933333333333333,
    2.506833333333333
  ],
  "equilibrium_convergence": 0.96,
  "tom_prediction_accuracy": 0.6166666666666667,
  "tom_prediction_accuracy_ci": [
    0.5633333333333334,
    0.6733333333333333
  ],
  "n_episodes": 30,
  "action_dist_agent1": [
    0.44666666666666666,
    0.5533333333333333
  ],
  "per_episode_payoffs": [
    1.8,
    3.0,
    1.6,
    2.6,
    2.6,
    3.0,
    3.0,
    1.4,
    1.4,
    2.4,
    2.2,
    2.4,
    2.2,
    3.0,
    2.4,
    3.0,
    0.6,
    2.4,
    2.8,
    3.2,
    2.2,
    2.4,
    1.8,
    2.6,
    2.0,
    2.6,
    2.6,
    2.2,
    2.6,
    1.4
  ],
  "gate_trust_rate": 0.9166666666666666,
  "gated_prediction_accuracy": 0.67,
  "signal_accuracy": 0.6666666666666666,
  "tom_belief_accuracy_in_gated": 0.6166666666666667,
  "dp_conflict_rate": 0.31666666666666665,
  "dp_intervention_rate": 0.31666666666666665,
  "cell": "het_gsaca",
  "gsaca_detected_structure": "anti_coord",
  "gsaca_oracle_structure": "anti_coord",
  "gsaca_detection_correct": true,
  "gsaca_split_score": 0.4285714285714286,
  "gsaca_warmup_episodes": 5,
  "gsaca_n_observations": 25,
  "wall_time_s": 544.246551990509,
  "config": {
    "game": "deadlock",
    "n_agents": 2,
    "horizon": 5,
    "memory": 2,
    "models_homo": "Qwen/Qwen2.5-7B-Instruct",
    "temp_homo": 0.7,
    "tom_order": 1,
    "seed": 44,
    "cell_name": "het_gsaca",
    "gate_trust_threshold": 0.6,
    "gate_ema_alpha": 0.3,
    "atom_warmup": 3,
    "homogeneous": false,
    "use_tom": true,
    "use_talk": true,
    "adaptive_tom": true,
    "gated_talk_tom": true,
    "diversity_preserving_gate": true
  },
  "team_mean_payoff": 1.793333333333333
}