{
  "perspective_diversity": 0.74054639978748,
  "cooperation_payoff": 2.584,
  "cooperation_payoff_ci": [
    2.5540000000000007,
    2.612
  ],
  "equilibrium_convergence": 0.92,
  "tom_prediction_accuracy": 0.8216666666666667,
  "tom_prediction_accuracy_ci": [
    0.7991666666666667,
    0.8433333333333334
  ],
  "n_episodes": 20,
  "action_dist_agent1": [
    0.96,
    0.04
  ],
  "per_episode_payoffs": [
    2.6399999999999997,
    2.7199999999999998,
    2.68,
    2.6,
    2.5200000000000005,
    2.6,
    2.52,
    2.6,
    2.4400000000000004,
    2.6,
    2.6,
    2.52,
    2.6,
    2.6,
    2.6,
    2.6,
    2.6,
    2.4400000000000004,
    2.6,
    2.6
  ],
  "gate_trust_rate": 0.9222222222222223,
  "gated_prediction_accuracy": 0.8055555555555556,
  "signal_accuracy": 0.8833333333333333,
  "tom_belief_accuracy_in_gated": 0.5611111111111111,
  "dp_conflict_rate": 0.37777777777777777,
  "dp_intervention_rate": 0.37777777777777777,
  "cell": "het_gsaca",
  "gsaca_detected_structure": "coord",
  "gsaca_oracle_structure": "coord",
  "gsaca_detection_correct": true,
  "gsaca_split_score": -0.21000000000000085,
  "gsaca_warmup_episodes": 3,
  "gsaca_n_observations": 15,
  "wall_time_s": 2686.6420578956604,
  "config": {
    "game": "public_goods",
    "n_agents": 4,
    "horizon": 5,
    "memory": 2,
    "models_homo": "Qwen/Qwen2.5-7B-Instruct",
    "temp_homo": 0.7,
    "tom_order": 1,
    "seed": 51,
    "cell_name": "het_gsaca",
    "gate_trust_threshold": 0.6,
    "gate_ema_alpha": 0.3,
    "atom_warmup": 3,
    "homogeneous": false,
    "use_tom": true,
    "use_talk": true,
    "adaptive_tom": true,
    "gated_talk_tom": true,
    "diversity_preserving_gate": true
  },
  "team_mean_payoff": 2.579
}