{
  "perspective_diversity": 0.027063236589529346,
  "cooperation_payoff": 1.993333333333333,
  "cooperation_payoff_ci": [
    1.8200000000000003,
    2.1733333333333333
  ],
  "equilibrium_convergence": 0.9199999999999999,
  "tom_prediction_accuracy": 0.65,
  "tom_prediction_accuracy_ci": [
    0.5966666666666667,
    0.7033333333333334
  ],
  "n_episodes": 30,
  "action_dist_agent1": [
    0.5333333333333333,
    0.4666666666666667
  ],
  "per_episode_payoffs": [
    1.8,
    2.2,
    2.0,
    2.4,
    2.0,
    1.8,
    2.0,
    2.0,
    2.0,
    1.4,
    3.2,
    2.0,
    2.0,
    1.6,
    1.8,
    2.6,
    2.2,
    2.2,
    2.0,
    1.6,
    3.2,
    1.6,
    1.6,
    0.6,
    2.4,
    1.4,
    2.4,
    2.0,
    1.8,
    2.0
  ],
  "gate_trust_rate": 0.9633333333333334,
  "gated_prediction_accuracy": 0.7566666666666667,
  "signal_accuracy": 0.74,
  "tom_belief_accuracy_in_gated": 0.65,
  "dp_conflict_rate": 0.25,
  "dp_intervention_rate": 0.25,
  "cell": "het_gated_atom_talk",
  "wall_time_s": 528.0013370513916,
  "config": {
    "game": "deadlock",
    "n_agents": 2,
    "horizon": 5,
    "memory": 2,
    "models_homo": "Qwen/Qwen2.5-7B-Instruct",
    "temp_homo": 0.7,
    "tom_order": 1,
    "seed": 45,
    "cell_name": "het_gated_atom_talk",
    "homogeneous": false,
    "use_tom": true,
    "use_talk": true,
    "adaptive_tom": true,
    "gated_talk_tom": true,
    "diversity_preserving_gate": false
  },
  "team_mean_payoff": 1.7666666666666666
}