{
  "perspective_diversity": 0.22077501123550744,
  "cooperation_payoff": 2.7199999999999998,
  "cooperation_payoff_ci": [
    2.6399999999999992,
    2.8
  ],
  "equilibrium_convergence": 0.9466666666666667,
  "tom_prediction_accuracy": 0.8533333333333334,
  "tom_prediction_accuracy_ci": [
    0.8132500000000001,
    0.8933333333333333
  ],
  "n_episodes": 30,
  "action_dist_agent1": [
    0.76,
    0.24
  ],
  "per_episode_payoffs": [
    2.6,
    3.0,
    3.0,
    2.6,
    2.6,
    3.0,
    3.0,
    2.6,
    2.8,
    2.6,
    3.0,
    2.6,
    2.4,
    2.4,
    2.8,
    2.6,
    2.8,
    3.0,
    3.0,
    3.0,
    2.8,
    2.6,
    2.8,
    2.8,
    2.8,
    2.2,
    2.6,
    2.2,
    2.8,
    2.6
  ],
  "gate_trust_rate": 0.98,
  "gated_prediction_accuracy": 0.87,
  "signal_accuracy": 0.8633333333333333,
  "tom_belief_accuracy_in_gated": 0.8533333333333334,
  "dp_conflict_rate": 0.08333333333333333,
  "dp_intervention_rate": 0.08333333333333333,
  "cell": "het_dp_gated_atom_talk",
  "wall_time_s": 541.6709570884705,
  "config": {
    "game": "stag_hunt",
    "n_agents": 2,
    "horizon": 5,
    "memory": 2,
    "models_homo": "Qwen/Qwen2.5-7B-Instruct",
    "temp_homo": 0.7,
    "tom_order": 1,
    "seed": 58,
    "cell_name": "het_dp_gated_atom_talk",
    "gate_trust_threshold": 0.6,
    "gate_ema_alpha": 0.3,
    "atom_warmup": 3,
    "homogeneous": false,
    "use_tom": true,
    "use_talk": true,
    "adaptive_tom": true,
    "gated_talk_tom": true,
    "diversity_preserving_gate": true
  },
  "team_mean_payoff": 2.5266666666666664
}