{
  "perspective_diversity": 0.40936971386828075,
  "cooperation_payoff": 3.1399999999999997,
  "cooperation_payoff_ci": [
    2.7933333333333334,
    3.5001666666666655
  ],
  "equilibrium_convergence": 1.0,
  "tom_prediction_accuracy": 0.6466666666666666,
  "tom_prediction_accuracy_ci": [
    0.5933333333333334,
    0.7
  ],
  "n_episodes": 30,
  "action_dist_agent1": [
    0.25333333333333335,
    0.7466666666666667
  ],
  "per_episode_payoffs": [
    4.0,
    2.6,
    2.2,
    3.6,
    2.2,
    3.6,
    3.0,
    4.6,
    2.6,
    4.2,
    1.8,
    4.6,
    2.8,
    4.2,
    2.6,
    3.6,
    1.8,
    2.2,
    2.6,
    4.6,
    4.6,
    1.6,
    2.6,
    1.6,
    3.6,
    4.2,
    3.2,
    4.6,
    2.6,
    2.2
  ],
  "gate_trust_rate": 0.9166666666666666,
  "gated_prediction_accuracy": 0.6966666666666667,
  "signal_accuracy": 0.7133333333333334,
  "tom_belief_accuracy_in_gated": 0.6466666666666666,
  "dp_conflict_rate": 0.2866666666666667,
  "dp_intervention_rate": 0.2866666666666667,
  "cell": "het_3arm",
  "gsaca_detected_structure": "anti_coord",
  "gsaca_oracle_structure": "anti_coord",
  "gsaca_detection_correct": true,
  "gsaca_split_score": 2.0,
  "gsaca_warmup_episodes": 5,
  "gsaca_n_observations": 25,
  "gsaca_3arm_selected": "CGA",
  "gsaca_3arm_tau": 0.0,
  "wall_time_s": 472.3533616065979,
  "config": {
    "game": "chicken",
    "n_agents": 2,
    "horizon": 5,
    "memory": 2,
    "models_homo": "Qwen/Qwen2.5-7B-Instruct",
    "temp_homo": 0.7,
    "tom_order": 1,
    "seed": 45,
    "cell_name": "het_3arm",
    "gate_trust_threshold": 0.6,
    "gate_ema_alpha": 0.3,
    "atom_warmup": 3,
    "homogeneous": false,
    "use_tom": true,
    "use_talk": true,
    "adaptive_tom": true,
    "gated_talk_tom": true,
    "diversity_preserving_gate": true
  },
  "team_mean_payoff": 2.2599999999999993
}