{
  "perspective_diversity": 0.21376320015759312,
  "cooperation_payoff": 2.9635095609997384,
  "cooperation_payoff_ci": [
    2.571438822504299,
    3.3573285922233227
  ],
  "equilibrium_convergence": 0.96,
  "tom_prediction_accuracy": 0.6333333333333333,
  "tom_prediction_accuracy_ci": [
    0.58,
    0.6867499999999995
  ],
  "n_episodes": 30,
  "action_dist_agent1": [
    0.35333333333333333,
    0.6466666666666666
  ],
  "per_episode_payoffs": [
    3.810356464231681,
    3.8302485826045056,
    3.443566901055617,
    1.772602002276789,
    1.7500825174903205,
    3.459446640827643,
    3.7089592308521544,
    2.5044087522387914,
    4.6749664133892646,
    3.8805972119710574,
    3.4425008295300445,
    3.626839215453466,
    1.551683346397882,
    3.787390050855799,
    1.0278981033543995,
    4.6218003350169585,
    0.4772239680839192,
    1.5254091073651967,
    2.2345719334978105,
    3.7101377568383107,
    4.2871878704878315,
    2.7244518112573233,
    1.1975451796296723,
    2.441535148433407,
    3.7684175866870313,
    2.6103170701363583,
    2.9218369071450083,
    2.243641441534779,
    4.334071968540866,
    3.535592482808253
  ],
  "gate_trust_rate": 0.8766666666666667,
  "gated_prediction_accuracy": 0.6666666666666666,
  "signal_accuracy": 0.6566666666666666,
  "tom_belief_accuracy_in_gated": 0.6333333333333333,
  "dp_conflict_rate": 0.3233333333333333,
  "dp_intervention_rate": 0.3233333333333333,
  "cell": "het_gsaca",
  "gsaca_detected_structure": "anti_coord",
  "gsaca_oracle_structure": "anti_coord",
  "gsaca_detection_correct": true,
  "gsaca_split_score": 1.6542510429426847,
  "gsaca_warmup_episodes": 5,
  "gsaca_n_observations": 25,
  "wall_time_s": 485.0726411342621,
  "config": {
    "game": "chicken",
    "n_agents": 2,
    "horizon": 5,
    "memory": 2,
    "models_homo": "Qwen/Qwen2.5-7B-Instruct",
    "temp_homo": 0.7,
    "tom_order": 1,
    "seed": 45,
    "cell_name": "het_gsaca",
    "gate_trust_threshold": 0.6,
    "gate_ema_alpha": 0.3,
    "atom_warmup": 3,
    "homogeneous": false,
    "use_tom": true,
    "use_talk": true,
    "adaptive_tom": true,
    "gated_talk_tom": true,
    "diversity_preserving_gate": true
  },
  "team_mean_payoff": 2.3515181180797975
}