{
  "perspective_diversity": 0.009343856758533997,
  "cooperation_payoff": 1.8066666666666669,
  "cooperation_payoff_ci": [
    1.6000000000000003,
    1.9800000000000002
  ],
  "equilibrium_convergence": 0.88,
  "tom_prediction_accuracy": 0.82,
  "tom_prediction_accuracy_ci": [
    0.7766666666666666,
    0.86
  ],
  "n_episodes": 30,
  "action_dist_agent1": [
    0.8333333333333334,
    0.16666666666666666
  ],
  "per_episode_payoffs": [
    2.0,
    0.8,
    0.2,
    2.0,
    0.6,
    2.0,
    1.4,
    2.0,
    2.0,
    2.0,
    2.0,
    2.6,
    2.0,
    2.0,
    2.0,
    0.8,
    2.0,
    2.0,
    1.6,
    2.2,
    2.0,
    2.0,
    2.2,
    2.0,
    2.0,
    1.6,
    2.0,
    2.0,
    2.2,
    2.0
  ],
  "gate_trust_rate": 0.94,
  "gated_prediction_accuracy": 0.8333333333333334,
  "signal_accuracy": 0.8533333333333334,
  "tom_belief_accuracy_in_gated": 0.82,
  "dp_conflict_rate": 0.20666666666666667,
  "dp_intervention_rate": 0.20666666666666667,
  "cell": "hom_dp_gated_atom_talk",
  "wall_time_s": 862.5814776420593,
  "config": {
    "game": "hawk_dove",
    "n_agents": 2,
    "horizon": 5,
    "memory": 2,
    "models_homo": "THUDM/GLM-4-9B-0414",
    "temp_homo": 0.7,
    "tom_order": 1,
    "seed": 43,
    "cell_name": "hom_dp_gated_atom_talk",
    "gate_trust_threshold": 0.6,
    "gate_ema_alpha": 0.3,
    "atom_warmup": 3,
    "homogeneous": true,
    "use_tom": true,
    "use_talk": true,
    "adaptive_tom": true,
    "gated_talk_tom": true,
    "diversity_preserving_gate": true
  },
  "team_mean_payoff": 1.7366666666666666
}