{
  "perspective_diversity": 0.08810897266436925,
  "cooperation_payoff": 2.5920000000000005,
  "cooperation_payoff_ci": [
    2.5480000000000005,
    2.632
  ],
  "equilibrium_convergence": 1.0,
  "tom_prediction_accuracy": 0.69,
  "tom_prediction_accuracy_ci": [
    0.6432500000000001,
    0.7433333333333333
  ],
  "n_episodes": 30,
  "action_dist_agent1": [
    0.68,
    0.32
  ],
  "per_episode_payoffs": [
    2.6,
    2.6800000000000006,
    2.68,
    2.72,
    2.5200000000000005,
    2.6,
    2.52,
    2.8,
    2.6399999999999997,
    2.3600000000000003,
    2.6000000000000005,
    2.7199999999999998,
    2.72,
    2.6399999999999997,
    2.6,
    2.4,
    2.3600000000000003,
    2.72,
    2.56,
    2.6399999999999997,
    2.6799999999999997,
    2.4799999999999995,
    2.4,
    2.56,
    2.48,
    2.4800000000000004,
    2.6800000000000006,
    2.72,
    2.68,
    2.5200000000000005
  ],
  "gate_trust_rate": 0.96,
  "gated_prediction_accuracy": 0.8,
  "signal_accuracy": 0.84,
  "tom_belief_accuracy_in_gated": 0.69,
  "dp_conflict_rate": 0.27666666666666667,
  "dp_intervention_rate": 0.27666666666666667,
  "cell": "het_3arm",
  "gsaca_detected_structure": "coord",
  "gsaca_oracle_structure": "coord",
  "gsaca_detection_correct": true,
  "gsaca_split_score": -0.22500000000000053,
  "gsaca_warmup_episodes": 5,
  "gsaca_n_observations": 25,
  "gsaca_3arm_selected": "NoToM",
  "gsaca_3arm_tau": 0.4,
  "wall_time_s": 720.8522186279297,
  "config": {
    "game": "public_goods",
    "n_agents": 4,
    "horizon": 5,
    "memory": 2,
    "models_homo": "Qwen/Qwen2.5-7B-Instruct",
    "temp_homo": 0.7,
    "tom_order": 1,
    "seed": 44,
    "cell_name": "het_3arm",
    "gate_trust_threshold": 0.6,
    "gate_ema_alpha": 0.3,
    "atom_warmup": 3,
    "homogeneous": false,
    "use_tom": true,
    "use_talk": true,
    "adaptive_tom": true,
    "gated_talk_tom": true,
    "diversity_preserving_gate": true
  },
  "team_mean_payoff": 2.4770000000000008
}