{
  "perspective_diversity": 0.36961129750708277,
  "cooperation_payoff": 3.0599999999999996,
  "cooperation_payoff_ci": [
    2.746666666666667,
    3.3999999999999995
  ],
  "equilibrium_convergence": 0.9733333333333333,
  "tom_prediction_accuracy": 0.6433333333333333,
  "tom_prediction_accuracy_ci": [
    0.59,
    0.7
  ],
  "n_episodes": 30,
  "action_dist_agent1": [
    0.25333333333333335,
    0.7466666666666667
  ],
  "per_episode_payoffs": [
    2.6,
    3.6,
    3.6,
    2.0,
    3.6,
    2.6,
    3.6,
    2.0,
    3.2,
    2.6,
    2.6,
    1.0,
    2.6,
    4.0,
    3.6,
    4.6,
    3.2,
    2.8,
    2.2,
    2.0,
    2.6,
    4.2,
    4.6,
    4.6,
    2.2,
    4.6,
    2.2,
    2.6,
    3.6,
    2.6
  ],
  "gate_trust_rate": 0.8933333333333333,
  "gated_prediction_accuracy": 0.6566666666666666,
  "signal_accuracy": 0.6633333333333333,
  "tom_belief_accuracy_in_gated": 0.6433333333333333,
  "dp_conflict_rate": 0.28,
  "dp_intervention_rate": 0.28,
  "cell": "het_gsaca",
  "gsaca_detected_structure": "anti_coord",
  "gsaca_oracle_structure": "anti_coord",
  "gsaca_detection_correct": true,
  "gsaca_split_score": 1.6363636363636365,
  "gsaca_warmup_episodes": 5,
  "gsaca_n_observations": 25,
  "wall_time_s": 449.1657609939575,
  "config": {
    "game": "chicken",
    "n_agents": 2,
    "horizon": 5,
    "memory": 2,
    "models_homo": "Qwen/Qwen2.5-7B-Instruct",
    "temp_homo": 0.7,
    "tom_order": 1,
    "seed": 42,
    "cell_name": "het_gsaca",
    "gate_trust_threshold": 0.6,
    "gate_ema_alpha": 0.3,
    "atom_warmup": 3,
    "homogeneous": false,
    "use_tom": true,
    "use_talk": true,
    "adaptive_tom": true,
    "gated_talk_tom": true,
    "diversity_preserving_gate": true
  },
  "team_mean_payoff": 2.2199999999999998
}