{
  "perspective_diversity": 0.5220769017467793,
  "cooperation_payoff": 3.3968428943330715,
  "cooperation_payoff_ci": [
    2.955929171265166,
    3.8354174095527123
  ],
  "equilibrium_convergence": 0.9733333333333333,
  "tom_prediction_accuracy": 0.6966666666666667,
  "tom_prediction_accuracy_ci": [
    0.6466666666666666,
    0.75
  ],
  "n_episodes": 30,
  "action_dist_agent1": [
    0.26666666666666666,
    0.7333333333333333
  ],
  "per_episode_payoffs": [
    4.810356464231681,
    4.830248582604506,
    2.6435669010556166,
    1.9726020022767892,
    2.7500825174903207,
    3.659446640827644,
    2.708959230852155,
    4.504408752238791,
    1.6749664133892637,
    1.480597211971057,
    4.4425008295300445,
    4.626839215453466,
    4.351683346397882,
    4.787390050855798,
    4.627898103354399,
    3.621800335016959,
    3.477223968083919,
    4.725409107365197,
    2.4345719334978106,
    4.710137756838311,
    3.2871878704878315,
    4.724451811257323,
    1.1975451796296723,
    2.2415351484334067,
    1.7684175866870304,
    4.610317070136358,
    2.3218369071450082,
    3.043641441534779,
    1.3340719685408653,
    4.535592482808253
  ],
  "gate_trust_rate": 0.9566666666666667,
  "gated_prediction_accuracy": 0.7266666666666667,
  "signal_accuracy": 0.7366666666666667,
  "tom_belief_accuracy_in_gated": 0.6966666666666667,
  "dp_conflict_rate": 0.23333333333333334,
  "dp_intervention_rate": 0.23333333333333334,
  "cell": "het_gsaca",
  "gsaca_detected_structure": "anti_coord",
  "gsaca_oracle_structure": "anti_coord",
  "gsaca_detection_correct": true,
  "gsaca_split_score": 1.332129235557385,
  "gsaca_warmup_episodes": 5,
  "gsaca_n_observations": 25,
  "wall_time_s": 384.56661105155945,
  "config": {
    "game": "chicken",
    "n_agents": 2,
    "horizon": 5,
    "memory": 2,
    "models_homo": "Qwen/Qwen2.5-7B-Instruct",
    "temp_homo": 0.7,
    "tom_order": 1,
    "seed": 43,
    "cell_name": "het_gsaca",
    "gate_trust_threshold": 0.6,
    "gate_ema_alpha": 0.3,
    "atom_warmup": 3,
    "homogeneous": false,
    "use_tom": true,
    "use_talk": true,
    "adaptive_tom": true,
    "gated_talk_tom": true,
    "diversity_preserving_gate": true
  },
  "team_mean_payoff": 2.4515181180797976
}