{
  "perspective_diversity": 0.10180956230029502,
  "cooperation_payoff": 2.5946666666666665,
  "cooperation_payoff_ci": [
    2.5533333333333337,
    2.636033333333334
  ],
  "equilibrium_convergence": 0.9199999999999999,
  "tom_prediction_accuracy": 0.6166666666666667,
  "tom_prediction_accuracy_ci": [
    0.56,
    0.6733333333333333
  ],
  "n_episodes": 30,
  "action_dist_agent1": [
    0.64,
    0.36
  ],
  "per_episode_payoffs": [
    2.6399999999999997,
    2.68,
    2.4800000000000004,
    2.88,
    2.6399999999999997,
    2.3200000000000003,
    2.56,
    2.5200000000000005,
    2.6399999999999997,
    2.6,
    2.4,
    2.6399999999999997,
    2.56,
    2.4400000000000004,
    2.6,
    2.5200000000000005,
    2.7600000000000007,
    2.6,
    2.6800000000000006,
    2.7600000000000002,
    2.6000000000000005,
    2.6800000000000006,
    2.48,
    2.72,
    2.6399999999999997,
    2.6,
    2.44,
    2.6,
    2.5200000000000005,
    2.6400000000000006
  ],
  "gate_trust_rate": 0.93,
  "gated_prediction_accuracy": 0.76,
  "signal_accuracy": 0.81,
  "tom_belief_accuracy_in_gated": 0.6166666666666667,
  "dp_conflict_rate": 0.30666666666666664,
  "dp_intervention_rate": 0.30666666666666664,
  "cell": "het_3arm",
  "gsaca_detected_structure": "coord",
  "gsaca_oracle_structure": "coord",
  "gsaca_detection_correct": true,
  "gsaca_split_score": -0.1846153846153853,
  "gsaca_warmup_episodes": 5,
  "gsaca_n_observations": 25,
  "gsaca_3arm_selected": "NoToM",
  "gsaca_3arm_tau": 0.6,
  "wall_time_s": 828.3118016719818,
  "config": {
    "game": "public_goods",
    "n_agents": 4,
    "horizon": 5,
    "memory": 2,
    "models_homo": "Qwen/Qwen2.5-7B-Instruct",
    "temp_homo": 0.7,
    "tom_order": 1,
    "seed": 46,
    "cell_name": "het_3arm",
    "gate_trust_threshold": 0.6,
    "gate_ema_alpha": 0.3,
    "atom_warmup": 3,
    "homogeneous": false,
    "use_tom": true,
    "use_talk": true,
    "adaptive_tom": true,
    "gated_talk_tom": true,
    "diversity_preserving_gate": true
  },
  "team_mean_payoff": 2.4630000000000005
}