{
  "perspective_diversity": 0.1602575818486752,
  "cooperation_payoff": 2.3466666666666662,
  "cooperation_payoff_ci": [
    2.1133333333333337,
    2.56
  ],
  "equilibrium_convergence": 0.9866666666666667,
  "tom_prediction_accuracy": 0.6066666666666667,
  "tom_prediction_accuracy_ci": [
    0.5466666666666666,
    0.6633333333333333
  ],
  "n_episodes": 30,
  "action_dist_agent1": [
    0.47333333333333333,
    0.5266666666666666
  ],
  "per_episode_payoffs": [
    2.6,
    1.2,
    3.0,
    2.6,
    2.0,
    2.6,
    2.4,
    2.6,
    2.2,
    2.2,
    2.6,
    3.6,
    2.8,
    3.0,
    2.8,
    1.6,
    2.6,
    2.6,
    3.0,
    2.2,
    2.2,
    2.2,
    2.2,
    2.8,
    2.2,
    2.2,
    1.2,
    0.6,
    2.0,
    2.6
  ],
  "gate_trust_rate": 0.9033333333333333,
  "gated_prediction_accuracy": 0.6966666666666667,
  "signal_accuracy": 0.6666666666666666,
  "tom_belief_accuracy_in_gated": 0.6066666666666667,
  "dp_conflict_rate": 0.31333333333333335,
  "dp_intervention_rate": 0.31333333333333335,
  "cell": "het_dp_gated_atom_talk",
  "wall_time_s": 529.2280616760254,
  "config": {
    "game": "deadlock",
    "n_agents": 2,
    "horizon": 5,
    "memory": 2,
    "models_homo": "Qwen/Qwen2.5-7B-Instruct",
    "temp_homo": 0.7,
    "tom_order": 1,
    "seed": 47,
    "cell_name": "het_dp_gated_atom_talk",
    "gate_trust_threshold": 0.6,
    "gate_ema_alpha": 0.3,
    "atom_warmup": 3,
    "homogeneous": false,
    "use_tom": true,
    "use_talk": true,
    "adaptive_tom": true,
    "gated_talk_tom": true,
    "diversity_preserving_gate": true
  },
  "team_mean_payoff": 1.813333333333333
}