{
  "perspective_diversity": 0.04903547109520736,
  "cooperation_payoff": 2.5360000000000005,
  "cooperation_payoff_ci": [
    2.4960000000000004,
    2.5700000000000007
  ],
  "equilibrium_convergence": 0.96,
  "tom_prediction_accuracy": 0.8008333333333333,
  "tom_prediction_accuracy_ci": [
    0.7774791666666667,
    0.8233333333333334
  ],
  "n_episodes": 20,
  "action_dist_agent1": [
    0.98,
    0.02
  ],
  "per_episode_payoffs": [
    2.6,
    2.56,
    2.4,
    2.52,
    2.6,
    2.6,
    2.52,
    2.44,
    2.52,
    2.6,
    2.6,
    2.6,
    2.4400000000000004,
    2.2800000000000002,
    2.6,
    2.5200000000000005,
    2.52,
    2.6,
    2.6,
    2.6
  ],
  "gate_trust_rate": 0.9166666666666666,
  "gated_prediction_accuracy": 0.7888888888888889,
  "signal_accuracy": 0.8166666666666667,
  "tom_belief_accuracy_in_gated": 0.65,
  "dp_conflict_rate": 0.32222222222222224,
  "dp_intervention_rate": 0.32222222222222224,
  "cell": "het_gsaca",
  "gsaca_detected_structure": "coord",
  "gsaca_oracle_structure": "coord",
  "gsaca_detection_correct": true,
  "gsaca_split_score": -0.20000000000000018,
  "gsaca_warmup_episodes": 3,
  "gsaca_n_observations": 15,
  "wall_time_s": 2813.5589554309845,
  "config": {
    "game": "public_goods",
    "n_agents": 4,
    "horizon": 5,
    "memory": 2,
    "models_homo": "Qwen/Qwen2.5-7B-Instruct",
    "temp_homo": 0.7,
    "tom_order": 1,
    "seed": 43,
    "cell_name": "het_gsaca",
    "gate_trust_threshold": 0.6,
    "gate_ema_alpha": 0.3,
    "atom_warmup": 3,
    "homogeneous": false,
    "use_tom": true,
    "use_talk": true,
    "adaptive_tom": true,
    "gated_talk_tom": true,
    "diversity_preserving_gate": true
  },
  "team_mean_payoff": 2.5685000000000002
}