{
  "perspective_diversity": 0.26693005432180505,
  "cooperation_payoff": 1.5800000000000003,
  "cooperation_payoff_ci": [
    1.273166666666667,
    1.8800000000000001
  ],
  "equilibrium_convergence": 0.9733333333333333,
  "tom_prediction_accuracy": 0.5766666666666667,
  "tom_prediction_accuracy_ci": [
    0.5233333333333333,
    0.63
  ],
  "n_episodes": 30,
  "action_dist_agent1": [
    0.8533333333333334,
    0.14666666666666667
  ],
  "per_episode_payoffs": [
    1.2,
    0.6,
    2.2,
    3.0,
    2.4,
    1.6,
    2.8,
    1.6,
    2.2,
    2.8,
    0.6,
    0.6,
    0.6,
    1.6,
    2.4,
    1.6,
    1.2,
    1.2,
    2.2,
    2.8,
    1.8,
    2.6,
    0.0,
    1.2,
    1.0,
    0.6,
    0.6,
    2.8,
    1.0,
    0.6
  ],
  "gate_trust_rate": 0.8133333333333334,
  "gated_prediction_accuracy": 0.6833333333333333,
  "signal_accuracy": 0.69,
  "tom_belief_accuracy_in_gated": 0.5766666666666667,
  "dp_conflict_rate": 0.36666666666666664,
  "dp_intervention_rate": 0.36666666666666664,
  "cell": "het_dp_gated_atom_talk",
  "wall_time_s": 488.92976474761963,
  "config": {
    "game": "battle_of_the_sexes",
    "n_agents": 2,
    "horizon": 5,
    "memory": 2,
    "models_homo": "Qwen/Qwen2.5-7B-Instruct",
    "temp_homo": 0.7,
    "tom_order": 1,
    "seed": 46,
    "cell_name": "het_dp_gated_atom_talk",
    "gate_trust_threshold": 0.75,
    "gate_ema_alpha": 0.3,
    "atom_warmup": 3,
    "homogeneous": false,
    "use_tom": true,
    "use_talk": true,
    "adaptive_tom": true,
    "gated_talk_tom": true,
    "diversity_preserving_gate": true
  },
  "team_mean_payoff": 1.4
}