{
  "perspective_diversity": 0.1309252488136386,
  "cooperation_payoff": 0.09333333333333332,
  "cooperation_payoff_ci": [
    -0.05333333333333334,
    0.23999999999999996
  ],
  "equilibrium_convergence": 0.9066666666666666,
  "tom_prediction_accuracy": 0.6033333333333334,
  "tom_prediction_accuracy_ci": [
    0.5466666666666666,
    0.66
  ],
  "n_episodes": 30,
  "action_dist_agent1": [
    0.36666666666666664,
    0.6333333333333333
  ],
  "per_episode_payoffs": [
    0.6,
    0.2,
    0.2,
    -0.2,
    -0.6,
    0.2,
    0.2,
    0.6,
    0.2,
    -0.6,
    -0.2,
    -0.6,
    -0.2,
    0.6,
    -0.6,
    -0.6,
    0.2,
    0.6,
    -0.2,
    0.2,
    0.6,
    0.6,
    0.6,
    0.6,
    -0.2,
    0.2,
    0.2,
    0.2,
    -0.2,
    0.2
  ],
  "gate_trust_rate": 0.8266666666666667,
  "gated_prediction_accuracy": 0.6633333333333333,
  "signal_accuracy": 0.6366666666666667,
  "tom_belief_accuracy_in_gated": 0.6033333333333334,
  "dp_conflict_rate": 0.4266666666666667,
  "dp_intervention_rate": 0.4266666666666667,
  "cell": "het_dp_gated_atom_talk",
  "wall_time_s": 454.697096824646,
  "config": {
    "game": "matching_pennies",
    "n_agents": 2,
    "horizon": 5,
    "memory": 2,
    "models_homo": "Qwen/Qwen2.5-7B-Instruct",
    "temp_homo": 0.7,
    "tom_order": 1,
    "seed": 44,
    "cell_name": "het_dp_gated_atom_talk",
    "gate_trust_threshold": 0.6,
    "gate_ema_alpha": 0.3,
    "atom_warmup": 3,
    "homogeneous": false,
    "use_tom": true,
    "use_talk": true,
    "adaptive_tom": true,
    "gated_talk_tom": true,
    "diversity_preserving_gate": true
  },
  "team_mean_payoff": 0.0
}