{
  "perspective_diversity": 0.10419481645202425,
  "cooperation_payoff": 2.293333333333334,
  "cooperation_payoff_ci": [
    2.0933333333333337,
    2.5066666666666664
  ],
  "equilibrium_convergence": 0.9066666666666667,
  "tom_prediction_accuracy": 0.43,
  "tom_prediction_accuracy_ci": [
    0.37333333333333335,
    0.48333333333333334
  ],
  "n_episodes": 30,
  "action_dist_agent1": [
    0.32666666666666666,
    0.6733333333333333
  ],
  "per_episode_payoffs": [
    2.6,
    2.0,
    2.2,
    1.6,
    3.6,
    1.6,
    1.6,
    3.6,
    2.6,
    2.6,
    2.6,
    1.6,
    1.6,
    2.2,
    1.8,
    1.4,
    2.6,
    2.4,
    1.8,
    1.6,
    2.0,
    2.2,
    2.2,
    3.2,
    2.6,
    3.2,
    2.2,
    2.6,
    2.6,
    2.4
  ],
  "gate_trust_rate": 0.7766666666666666,
  "gated_prediction_accuracy": 0.47333333333333333,
  "signal_accuracy": 0.5366666666666666,
  "tom_belief_accuracy_in_gated": 0.43,
  "dp_conflict_rate": 0.38666666666666666,
  "dp_intervention_rate": 0.38666666666666666,
  "cell": "hom_gsaca",
  "gsaca_detected_structure": "anti_coord",
  "gsaca_oracle_structure": "anti_coord",
  "gsaca_detection_correct": true,
  "gsaca_split_score": 1.588235294117647,
  "gsaca_warmup_episodes": 5,
  "gsaca_n_observations": 25,
  "wall_time_s": 492.8477740287781,
  "config": {
    "game": "chicken",
    "n_agents": 2,
    "horizon": 5,
    "memory": 2,
    "models_homo": "Qwen/Qwen2.5-7B-Instruct",
    "temp_homo": 0.7,
    "tom_order": 1,
    "seed": 43,
    "cell_name": "hom_gsaca",
    "gate_trust_threshold": 0.6,
    "gate_ema_alpha": 0.3,
    "atom_warmup": 3,
    "homogeneous": true,
    "use_tom": true,
    "use_talk": true,
    "adaptive_tom": true,
    "gated_talk_tom": true,
    "diversity_preserving_gate": true
  },
  "team_mean_payoff": 1.8399999999999996
}