{
  "perspective_diversity": 0.18912860886671648,
  "cooperation_payoff": 1.7,
  "cooperation_payoff_ci": [
    1.3999999999999997,
    1.9733333333333334
  ],
  "equilibrium_convergence": 0.9066666666666667,
  "tom_prediction_accuracy": 0.67,
  "tom_prediction_accuracy_ci": [
    0.62,
    0.7233333333333334
  ],
  "n_episodes": 30,
  "action_dist_agent1": [
    0.43333333333333335,
    0.5666666666666667
  ],
  "per_episode_payoffs": [
    1.0,
    0.8,
    1.8,
    2.0,
    0.0,
    2.4,
    2.0,
    2.4,
    2.6,
    2.0,
    2.6,
    2.0,
    0.2,
    0.8,
    2.8,
    1.6,
    2.0,
    0.8,
    2.0,
    1.8,
    -0.4,
    1.0,
    2.0,
    2.8,
    1.6,
    2.6,
    1.6,
    2.0,
    2.8,
    1.4
  ],
  "gate_trust_rate": 0.8266666666666667,
  "gated_prediction_accuracy": 0.6666666666666666,
  "signal_accuracy": 0.6133333333333333,
  "tom_belief_accuracy_in_gated": 0.67,
  "dp_conflict_rate": 0.36333333333333334,
  "dp_intervention_rate": 0.36333333333333334,
  "cell": "het_dp_gated_atom_talk",
  "wall_time_s": 467.4308898448944,
  "config": {
    "game": "hawk_dove",
    "n_agents": 2,
    "horizon": 5,
    "memory": 2,
    "models_homo": "Qwen/Qwen2.5-7B-Instruct",
    "temp_homo": 0.7,
    "tom_order": 1,
    "seed": 44,
    "cell_name": "het_dp_gated_atom_talk",
    "gate_trust_threshold": 0.6,
    "gate_ema_alpha": 0.3,
    "atom_warmup": 3,
    "homogeneous": false,
    "use_tom": true,
    "use_talk": true,
    "adaptive_tom": true,
    "gated_talk_tom": true,
    "diversity_preserving_gate": true
  },
  "team_mean_payoff": 1.2600000000000002
}