{
  "perspective_diversity": 0.43632927988118336,
  "cooperation_payoff": 3.2466666666666657,
  "cooperation_payoff_ci": [
    2.86,
    3.6266666666666656
  ],
  "equilibrium_convergence": 0.96,
  "tom_prediction_accuracy": 0.6633333333333333,
  "tom_prediction_accuracy_ci": [
    0.6066666666666667,
    0.7166666666666667
  ],
  "n_episodes": 30,
  "action_dist_agent1": [
    0.24666666666666667,
    0.7533333333333333
  ],
  "per_episode_payoffs": [
    3.6,
    5.0,
    1.8,
    3.6,
    3.2,
    3.2,
    3.2,
    1.2,
    2.6,
    4.6,
    2.2,
    4.6,
    4.6,
    4.6,
    2.6,
    2.2,
    2.6,
    2.2,
    1.4,
    4.6,
    4.6,
    2.6,
    4.6,
    2.8,
    2.2,
    2.6,
    3.2,
    4.6,
    4.6,
    2.0
  ],
  "gate_trust_rate": 0.87,
  "gated_prediction_accuracy": 0.68,
  "signal_accuracy": 0.71,
  "tom_belief_accuracy_in_gated": 0.6633333333333333,
  "dp_conflict_rate": 0.23333333333333334,
  "dp_intervention_rate": 0.23333333333333334,
  "cell": "het_dp_gated_atom_talk",
  "wall_time_s": 471.2706093788147,
  "config": {
    "game": "chicken",
    "n_agents": 2,
    "horizon": 5,
    "memory": 2,
    "models_homo": "Qwen/Qwen2.5-7B-Instruct",
    "temp_homo": 0.7,
    "tom_order": 1,
    "seed": 44,
    "cell_name": "het_dp_gated_atom_talk",
    "gate_trust_threshold": 0.75,
    "gate_ema_alpha": 0.3,
    "atom_warmup": 3,
    "homogeneous": false,
    "use_tom": true,
    "use_talk": true,
    "adaptive_tom": true,
    "gated_talk_tom": true,
    "diversity_preserving_gate": true
  },
  "team_mean_payoff": 2.3400000000000003
}