{
  "perspective_diversity": 0.09718237583124474,
  "cooperation_payoff": 2.522666666666666,
  "cooperation_payoff_ci": [
    2.481333333333333,
    2.5626666666666664
  ],
  "equilibrium_convergence": 0.9199999999999999,
  "tom_prediction_accuracy": 0.6666666666666666,
  "tom_prediction_accuracy_ci": [
    0.61,
    0.72
  ],
  "n_episodes": 30,
  "action_dist_agent1": [
    0.7066666666666667,
    0.29333333333333333
  ],
  "per_episode_payoffs": [
    2.44,
    2.56,
    2.56,
    2.3600000000000003,
    2.6399999999999997,
    2.5200000000000005,
    2.4,
    2.4,
    2.6,
    2.2800000000000002,
    2.4400000000000004,
    2.6,
    2.6399999999999997,
    2.6,
    2.6399999999999997,
    2.4799999999999995,
    2.4400000000000004,
    2.6,
    2.4400000000000004,
    2.5200000000000005,
    2.56,
    2.56,
    2.44,
    2.6,
    2.24,
    2.6,
    2.6,
    2.8,
    2.5200000000000005,
    2.6
  ],
  "gate_trust_rate": 0.94,
  "gated_prediction_accuracy": 0.82,
  "signal_accuracy": 0.84,
  "tom_belief_accuracy_in_gated": 0.6666666666666666,
  "dp_conflict_rate": 0.3,
  "dp_intervention_rate": 0.3,
  "cell": "het_3arm",
  "gsaca_detected_structure": "coord",
  "gsaca_oracle_structure": "coord",
  "gsaca_detection_correct": true,
  "gsaca_split_score": -0.1500000000000008,
  "gsaca_warmup_episodes": 5,
  "gsaca_n_observations": 25,
  "gsaca_3arm_selected": "NoToM",
  "gsaca_3arm_tau": 0.4,
  "wall_time_s": 776.5651309490204,
  "config": {
    "game": "public_goods",
    "n_agents": 4,
    "horizon": 5,
    "memory": 2,
    "models_homo": "Qwen/Qwen2.5-7B-Instruct",
    "temp_homo": 0.7,
    "tom_order": 1,
    "seed": 42,
    "cell_name": "het_3arm",
    "gate_trust_threshold": 0.6,
    "gate_ema_alpha": 0.3,
    "atom_warmup": 3,
    "homogeneous": false,
    "use_tom": true,
    "use_talk": true,
    "adaptive_tom": true,
    "gated_talk_tom": true,
    "diversity_preserving_gate": true
  },
  "team_mean_payoff": 2.4610000000000003
}