{
  "perspective_diversity": 0.036316678566694904,
  "cooperation_payoff": 2.5720000000000005,
  "cooperation_payoff_ci": [
    2.5520000000000005,
    2.5880999999999994
  ],
  "equilibrium_convergence": 0.92,
  "tom_prediction_accuracy": 0.8208333333333333,
  "tom_prediction_accuracy_ci": [
    0.7983333333333333,
    0.8416666666666667
  ],
  "n_episodes": 20,
  "action_dist_agent1": [
    0.96,
    0.04
  ],
  "per_episode_payoffs": [
    2.6,
    2.52,
    2.5999999999999996,
    2.4400000000000004,
    2.6,
    2.6,
    2.52,
    2.6,
    2.6,
    2.6,
    2.6,
    2.6,
    2.6,
    2.6,
    2.52,
    2.52,
    2.6,
    2.6,
    2.6,
    2.5200000000000005
  ],
  "gate_trust_rate": 0.9,
  "gated_prediction_accuracy": 0.7,
  "signal_accuracy": 0.8,
  "tom_belief_accuracy_in_gated": 0.5722222222222222,
  "dp_conflict_rate": 0.3611111111111111,
  "dp_intervention_rate": 0.3611111111111111,
  "cell": "het_gsaca",
  "gsaca_detected_structure": "coord",
  "gsaca_oracle_structure": "coord",
  "gsaca_detection_correct": true,
  "gsaca_split_score": -0.18333333333333357,
  "gsaca_warmup_episodes": 3,
  "gsaca_n_observations": 15,
  "wall_time_s": 2574.8712015151978,
  "config": {
    "game": "public_goods",
    "n_agents": 4,
    "horizon": 5,
    "memory": 2,
    "models_homo": "Qwen/Qwen2.5-7B-Instruct",
    "temp_homo": 0.7,
    "tom_order": 1,
    "seed": 44,
    "cell_name": "het_gsaca",
    "gate_trust_threshold": 0.6,
    "gate_ema_alpha": 0.3,
    "atom_warmup": 3,
    "homogeneous": false,
    "use_tom": true,
    "use_talk": true,
    "adaptive_tom": true,
    "gated_talk_tom": true,
    "diversity_preserving_gate": true
  },
  "team_mean_payoff": 2.5745000000000005
}