{
  "perspective_diversity": 0.16417900624840467,
  "cooperation_payoff": 2.6079999999999997,
  "cooperation_payoff_ci": [
    2.556,
    2.662
  ],
  "equilibrium_convergence": 1.0,
  "tom_prediction_accuracy": NaN,
  "tom_prediction_accuracy_ci": [
    NaN,
    NaN
  ],
  "n_episodes": 20,
  "action_dist_agent1": [
    0.64,
    0.36
  ],
  "per_episode_payoffs": [
    2.6399999999999997,
    2.6799999999999997,
    2.6399999999999997,
    2.6,
    2.6399999999999997,
    2.56,
    2.84,
    2.7199999999999998,
    2.5200000000000005,
    2.56,
    2.4800000000000004,
    2.6800000000000006,
    2.72,
    2.72,
    2.44,
    2.68,
    2.5199999999999996,
    2.3200000000000003,
    2.72,
    2.48
  ],
  "gate_trust_rate": NaN,
  "gated_prediction_accuracy": NaN,
  "signal_accuracy": NaN,
  "tom_belief_accuracy_in_gated": NaN,
  "dp_conflict_rate": NaN,
  "dp_intervention_rate": NaN,
  "cell": "het_payoff_prompt",
  "wall_time_s": 67.60222172737122,
  "config": {
    "game": "public_goods",
    "n_agents": 4,
    "horizon": 5,
    "memory": 2,
    "models_homo": "Qwen/Qwen2.5-7B-Instruct",
    "temp_homo": 0.7,
    "tom_order": 1,
    "seed": 56,
    "cell_name": "het_payoff_prompt",
    "gate_trust_threshold": 0.6,
    "gate_ema_alpha": 0.3,
    "atom_warmup": 3,
    "homogeneous": false,
    "use_tom": false,
    "use_talk": false,
    "adaptive_tom": false,
    "payoff_in_prompt": true
  },
  "team_mean_payoff": 2.468
}