{
  "perspective_diversity": 0.060617044892798344,
  "cooperation_payoff": 2.466666666666667,
  "cooperation_payoff_ci": [
    2.166666666666667,
    2.76
  ],
  "equilibrium_convergence": 0.88,
  "tom_prediction_accuracy": 0.6533333333333333,
  "tom_prediction_accuracy_ci": [
    0.6033333333333334,
    0.7034166666666662
  ],
  "n_episodes": 30,
  "action_dist_agent1": [
    0.4066666666666667,
    0.5933333333333334
  ],
  "per_episode_payoffs": [
    2.4,
    2.0,
    3.0,
    3.2,
    1.0,
    3.0,
    1.6,
    2.0,
    3.2,
    3.0,
    1.4,
    1.2,
    3.0,
    3.0,
    3.0,
    2.4,
    3.2,
    1.8,
    3.0,
    3.0,
    2.6,
    2.4,
    2.2,
    3.0,
    3.0,
    1.0,
    4.0,
    1.2,
    1.2,
    4.0
  ],
  "gate_trust_rate": 0.8533333333333334,
  "gated_prediction_accuracy": 0.6566666666666666,
  "signal_accuracy": 0.6233333333333333,
  "tom_belief_accuracy_in_gated": 0.6533333333333333,
  "dp_conflict_rate": 0.2633333333333333,
  "dp_intervention_rate": 0.2633333333333333,
  "cell": "het_gated_atom_talk",
  "wall_time_s": 563.9643602371216,
  "config": {
    "game": "chicken",
    "n_agents": 2,
    "horizon": 5,
    "memory": 2,
    "models_homo": "Qwen/Qwen2.5-7B-Instruct",
    "temp_homo": 0.7,
    "tom_order": 1,
    "seed": 42,
    "cell_name": "het_gated_atom_talk",
    "homogeneous": false,
    "use_tom": true,
    "use_talk": true,
    "adaptive_tom": true,
    "gated_talk_tom": true,
    "diversity_preserving_gate": false
  },
  "team_mean_payoff": 2.1199999999999997
}