{
  "perspective_diversity": 0.0392886842076496,
  "cooperation_payoff": 2.37323362745079,
  "cooperation_payoff_ci": [
    2.147904705369308,
    2.579677626690397
  ],
  "equilibrium_convergence": 0.88,
  "tom_prediction_accuracy": 0.7366666666666667,
  "tom_prediction_accuracy_ci": [
    0.7116666666666667,
    0.7616666666666667
  ],
  "n_episodes": 20,
  "action_dist_agent1": [
    0.92,
    0.08
  ],
  "per_episode_payoffs": [
    2.600689960880313,
    1.5295890767124931,
    1.4607737104968819,
    2.792888710709495,
    2.7867313989640357,
    1.9825475993117103,
    2.399405013988098,
    2.5143097251055524,
    2.3471423482008245,
    2.612905364430836,
    2.1732588637745973,
    2.143009150400149,
    2.5726280126125243,
    1.118022769796733,
    2.6055744230633486,
    2.891384589073938,
    2.2962675517920674,
    2.8756884259474518,
    3.031903653070629,
    2.7299522006841257
  ],
  "gate_trust_rate": 0.9111111111111111,
  "gated_prediction_accuracy": 0.6222222222222222,
  "signal_accuracy": 0.7,
  "tom_belief_accuracy_in_gated": 0.5833333333333334,
  "dp_conflict_rate": 0.35,
  "dp_intervention_rate": 0.35,
  "cell": "het_gsaca",
  "gsaca_detected_structure": "coord",
  "gsaca_oracle_structure": "coord",
  "gsaca_detection_correct": true,
  "gsaca_split_score": -0.27603728141459527,
  "gsaca_warmup_episodes": 3,
  "gsaca_n_observations": 15,
  "wall_time_s": 2710.5877754688263,
  "config": {
    "game": "public_goods",
    "n_agents": 4,
    "horizon": 5,
    "memory": 2,
    "models_homo": "Qwen/Qwen2.5-7B-Instruct",
    "temp_homo": 0.7,
    "tom_order": 1,
    "seed": 42,
    "cell_name": "het_gsaca",
    "gate_trust_threshold": 0.6,
    "gate_ema_alpha": 0.3,
    "atom_warmup": 3,
    "homogeneous": false,
    "use_tom": true,
    "use_talk": true,
    "adaptive_tom": true,
    "gated_talk_tom": true,
    "diversity_preserving_gate": true
  },
  "team_mean_payoff": 2.5243410605752774
}