{
  "perspective_diversity": 0.22651051916229437,
  "cooperation_payoff": 2.46,
  "cooperation_payoff_ci": [
    2.286666666666667,
    2.62
  ],
  "equilibrium_convergence": 0.9733333333333333,
  "tom_prediction_accuracy": 0.5766666666666667,
  "tom_prediction_accuracy_ci": [
    0.52,
    0.6333333333333333
  ],
  "n_episodes": 30,
  "action_dist_agent1": [
    0.5066666666666667,
    0.49333333333333335
  ],
  "per_episode_payoffs": [
    2.0,
    1.6,
    2.2,
    2.2,
    3.2,
    1.8,
    3.2,
    2.4,
    1.4,
    2.6,
    2.8,
    2.8,
    2.0,
    1.6,
    2.2,
    3.0,
    2.6,
    2.8,
    2.6,
    2.8,
    2.8,
    3.2,
    2.6,
    2.6,
    2.2,
    2.8,
    2.6,
    2.2,
    2.6,
    2.4
  ],
  "gate_trust_rate": 0.9533333333333334,
  "gated_prediction_accuracy": 0.7066666666666667,
  "signal_accuracy": 0.7133333333333334,
  "tom_belief_accuracy_in_gated": 0.5766666666666667,
  "dp_conflict_rate": 0.27666666666666667,
  "dp_intervention_rate": 0.27666666666666667,
  "cell": "het_adapt_interv",
  "wall_time_s": 532.0614004135132,
  "config": {
    "game": "deadlock",
    "n_agents": 2,
    "horizon": 5,
    "memory": 2,
    "models_homo": "Qwen/Qwen2.5-7B-Instruct",
    "temp_homo": 0.7,
    "tom_order": 1,
    "seed": 42,
    "cell_name": "het_adapt_interv",
    "gate_trust_threshold": 0.6,
    "gate_ema_alpha": 0.3,
    "atom_warmup": 3,
    "homogeneous": false,
    "use_tom": true,
    "use_talk": true,
    "adaptive_tom": true,
    "gated_talk_tom": true,
    "diversity_preserving_gate": true,
    "adaptive_intervention": true,
    "adaptive_interv_threshold": 0.3
  },
  "team_mean_payoff": 1.8599999999999997
}