{
  "summary": {
    "chicken": {
      "0.9": {
        "n": 20,
        "mean_a": 2.38933,
        "mean_b": 2.1759950000000003,
        "delta": 0.21333499999999997,
        "p": 0.0008908778281587568,
        "dz": 0.986893649223603,
        "win": 0.75
      },
      "1.0": {
        "n": 10,
        "mean_a": 2.5633333333333326,
        "mean_b": 2.1640000000000006,
        "delta": 0.399333333333333,
        "p": 0.00390625,
        "dz": 1.0843634717289248,
        "win": 0.9
      }
    },
    "deadlock": {
      "0.9": {
        "n": 20,
        "mean_a": 1.46333,
        "mean_b": 2.15401,
        "delta": -0.6906800000000001,
        "p": 8.832385863081277e-05,
        "dz": -6.247529963742984,
        "win": 0.0
      },
      "1.0": {
        "n": 10,
        "mean_a": 1.3993333333333333,
        "mean_b": 2.1,
        "delta": -0.7006666666666668,
        "p": 0.001953125,
        "dz": -4.672829284671997,
        "win": 0.0
      }
    },
    "hawk_dove": {
      "0.9": {
        "n": 20,
        "mean_a": 1.136665,
        "mean_b": 1.9960049999999998,
        "delta": -0.8593400000000001,
        "p": 8.844915021211901e-05,
        "dz": -4.40893808907569,
        "win": 0.0
      },
      "1.0": {
        "n": 10,
        "mean_a": 1.2113333333333332,
        "mean_b": 1.7919999999999998,
        "delta": -0.5806666666666669,
        "p": 0.001953125,
        "dz": -4.076398412940955,
        "win": 0.0
      }
    }
  },
  "flips_0.9": [
    "chicken"
  ],
  "flips_1.0": [
    "chicken"
  ],
  "verdict": "SAMPLING-ROBUST: flip persists at top_p=1.0 -> attributable to precision/template/other factors"
}