{
  "summary": {
    "chicken": {
      "0.9": {
        "n": 20,
        "mean_a": 2.3893333333333326,
        "mean_b": 2.176,
        "delta": 0.2133333333333333,
        "p": 0.0003223419189453125,
        "dz": 0.9868491568543917,
        "win": 0.75
      },
      "1.0": {
        "n": 10,
        "mean_a": 2.3873333333333333,
        "mean_b": 2.098666666666667,
        "delta": 0.2886666666666665,
        "p": 0.005859375,
        "dz": 1.1878950171964475,
        "win": 0.9
      }
    },
    "deadlock": {
      "0.9": {
        "n": 20,
        "mean_a": 1.4633333333333332,
        "mean_b": 2.1540000000000004,
        "delta": -0.690666666666667,
        "p": 1.9073486328125e-06,
        "dz": -6.24743462892234,
        "win": 0.0
      },
      "1.0": {
        "n": 10,
        "mean_a": 1.4113333333333333,
        "mean_b": 2.1293333333333333,
        "delta": -0.7180000000000003,
        "p": 0.001953125,
        "dz": -4.351895056679422,
        "win": 0.0
      }
    },
    "hawk_dove": {
      "0.9": {
        "n": 20,
        "mean_a": 1.1366666666666667,
        "mean_b": 1.9959999999999998,
        "delta": -0.8593333333333334,
        "p": 1.9073486328125e-06,
        "dz": -4.408721230593817,
        "win": 0.0
      },
      "1.0": {
        "n": 10,
        "mean_a": 1.151333333333333,
        "mean_b": 1.8113333333333332,
        "delta": -0.6599999999999999,
        "p": 0.001953125,
        "dz": -3.625727739274456,
        "win": 0.0
      }
    }
  },
  "flips_0.9": [
    "chicken"
  ],
  "flips_1.0": [
    "chicken"
  ],
  "verdict": "SAMPLING-ROBUST: flip persists at top_p=1.0 -> attributable to precision/template/other factors"
}