{
  "perspective_diversity": 0.5667878306469395,
  "cooperation_payoff": 3.479999999999999,
  "cooperation_payoff_ci": [
    3.113166666666666,
    3.8333333333333326
  ],
  "equilibrium_convergence": 0.9733333333333334,
  "tom_prediction_accuracy": 0.67,
  "tom_prediction_accuracy_ci": [
    0.6166666666666667,
    0.7233333333333334
  ],
  "n_episodes": 30,
  "action_dist_agent1": [
    0.28,
    0.72
  ],
  "per_episode_payoffs": [
    3.4,
    4.6,
    1.4,
    4.6,
    3.6,
    2.6,
    4.6,
    4.2,
    4.6,
    4.6,
    2.8,
    4.6,
    2.6,
    4.2,
    4.6,
    2.6,
    1.6,
    2.2,
    3.6,
    4.6,
    4.6,
    2.6,
    3.6,
    3.6,
    2.0,
    2.8,
    2.8,
    4.6,
    3.6,
    2.6
  ],
  "gate_trust_rate": 0.85,
  "gated_prediction_accuracy": 0.6933333333333334,
  "signal_accuracy": 0.6966666666666667,
  "tom_belief_accuracy_in_gated": 0.67,
  "dp_conflict_rate": 0.26666666666666666,
  "dp_intervention_rate": 0.26666666666666666,
  "cell": "het_dp_gated_atom_talk",
  "wall_time_s": 519.5342767238617,
  "config": {
    "game": "chicken",
    "n_agents": 2,
    "horizon": 5,
    "memory": 2,
    "models_homo": "Qwen/Qwen2.5-7B-Instruct",
    "temp_homo": 0.7,
    "tom_order": 1,
    "seed": 42,
    "cell_name": "het_dp_gated_atom_talk",
    "gate_trust_threshold": 0.75,
    "gate_ema_alpha": 0.3,
    "atom_warmup": 3,
    "homogeneous": false,
    "use_tom": true,
    "use_talk": true,
    "adaptive_tom": true,
    "gated_talk_tom": true,
    "diversity_preserving_gate": true
  },
  "team_mean_payoff": 2.48
}