{
  "perspective_diversity": 0.09804584360820229,
  "cooperation_payoff": 2.44,
  "cooperation_payoff_ci": [
    2.2133333333333334,
    2.6733333333333325
  ],
  "equilibrium_convergence": 0.9466666666666667,
  "tom_prediction_accuracy": 0.4766666666666667,
  "tom_prediction_accuracy_ci": [
    0.42333333333333334,
    0.5333333333333333
  ],
  "n_episodes": 30,
  "action_dist_agent1": [
    0.3333333333333333,
    0.6666666666666666
  ],
  "per_episode_payoffs": [
    3.6,
    2.4,
    2.0,
    2.6,
    2.6,
    2.6,
    1.6,
    2.2,
    1.2,
    2.4,
    3.6,
    2.2,
    1.8,
    1.6,
    2.6,
    2.6,
    3.2,
    2.4,
    2.0,
    1.4,
    2.6,
    2.6,
    3.6,
    3.0,
    2.2,
    1.6,
    3.6,
    2.8,
    2.0,
    2.6
  ],
  "gate_trust_rate": 0.75,
  "gated_prediction_accuracy": 0.5333333333333333,
  "signal_accuracy": 0.55,
  "tom_belief_accuracy_in_gated": 0.4766666666666667,
  "dp_conflict_rate": 0.43333333333333335,
  "dp_intervention_rate": 0.43333333333333335,
  "cell": "hom_dp_gated_atom_talk",
  "wall_time_s": 464.96894931793213,
  "config": {
    "game": "chicken",
    "n_agents": 2,
    "horizon": 5,
    "memory": 2,
    "models_homo": "Qwen/Qwen2.5-7B-Instruct",
    "temp_homo": 0.7,
    "tom_order": 1,
    "seed": 46,
    "cell_name": "hom_dp_gated_atom_talk",
    "gate_trust_threshold": 0.6,
    "gate_ema_alpha": 0.3,
    "atom_warmup": 3,
    "homogeneous": true,
    "use_tom": true,
    "use_talk": true,
    "adaptive_tom": true,
    "gated_talk_tom": true,
    "diversity_preserving_gate": true
  },
  "team_mean_payoff": 1.9999999999999998
}