{
  "perspective_diversity": 0.14732967941858502,
  "cooperation_payoff": 2.6740000000000004,
  "cooperation_payoff_ci": [
    2.608,
    2.74405
  ],
  "equilibrium_convergence": 0.8999999999999999,
  "tom_prediction_accuracy": 0.6766666666666666,
  "tom_prediction_accuracy_ci": [
    0.6491666666666667,
    0.7033541666666666
  ],
  "n_episodes": 20,
  "action_dist_agent1": [
    0.75,
    0.25
  ],
  "per_episode_payoffs": [
    2.3600000000000003,
    2.5599999999999996,
    2.6399999999999997,
    2.64,
    2.6399999999999997,
    2.64,
    2.7199999999999998,
    2.8400000000000003,
    2.6,
    2.6800000000000006,
    2.6,
    2.52,
    2.64,
    3.04,
    2.68,
    2.7199999999999998,
    2.6,
    2.7600000000000002,
    2.6,
    3.0
  ],
  "gate_trust_rate": 0.965,
  "gated_prediction_accuracy": 0.8483333333333334,
  "signal_accuracy": 0.865,
  "tom_belief_accuracy_in_gated": 0.6766666666666666,
  "dp_conflict_rate": 0.29,
  "dp_intervention_rate": 0.29,
  "cell": "het_gated_atom_talk",
  "wall_time_s": 2847.103571176529,
  "config": {
    "game": "public_goods",
    "n_agents": 4,
    "horizon": 5,
    "memory": 2,
    "models_homo": "Qwen/Qwen2.5-7B-Instruct",
    "temp_homo": 0.7,
    "tom_order": 1,
    "seed": 56,
    "cell_name": "het_gated_atom_talk",
    "gate_trust_threshold": 0.6,
    "gate_ema_alpha": 0.3,
    "atom_warmup": 3,
    "homogeneous": false,
    "use_tom": true,
    "use_talk": true,
    "adaptive_tom": true,
    "gated_talk_tom": true,
    "diversity_preserving_gate": false
  },
  "team_mean_payoff": 2.5340000000000003
}