{
  "perspective_diversity": 0.015492668527657072,
  "cooperation_payoff": 1.913333333333333,
  "cooperation_payoff_ci": [
    1.7466666666666668,
    2.08
  ],
  "equilibrium_convergence": 0.88,
  "tom_prediction_accuracy": 0.7133333333333334,
  "tom_prediction_accuracy_ci": [
    0.66,
    0.7633333333333333
  ],
  "n_episodes": 30,
  "action_dist_agent1": [
    0.5266666666666666,
    0.47333333333333333
  ],
  "per_episode_payoffs": [
    2.2,
    2.0,
    1.8,
    1.4,
    2.0,
    1.8,
    2.2,
    2.0,
    3.2,
    1.8,
    1.8,
    1.8,
    1.4,
    2.8,
    2.0,
    2.2,
    2.4,
    1.8,
    2.0,
    1.4,
    2.2,
    1.6,
    0.6,
    2.2,
    1.8,
    1.4,
    2.0,
    2.0,
    1.8,
    1.8
  ],
  "gate_trust_rate": 0.9433333333333334,
  "gated_prediction_accuracy": 0.7466666666666667,
  "signal_accuracy": 0.7166666666666667,
  "tom_belief_accuracy_in_gated": 0.7133333333333334,
  "dp_conflict_rate": 0.25666666666666665,
  "dp_intervention_rate": 0.25666666666666665,
  "cell": "het_gated_atom_talk",
  "wall_time_s": 585.8711702823639,
  "config": {
    "game": "deadlock",
    "n_agents": 2,
    "horizon": 5,
    "memory": 2,
    "models_homo": "Qwen/Qwen2.5-7B-Instruct",
    "temp_homo": 0.7,
    "tom_order": 1,
    "seed": 43,
    "cell_name": "het_gated_atom_talk",
    "gate_trust_threshold": 0.6,
    "gate_ema_alpha": 0.3,
    "atom_warmup": 3,
    "homogeneous": false,
    "use_tom": true,
    "use_talk": true,
    "adaptive_tom": true,
    "gated_talk_tom": true,
    "diversity_preserving_gate": false
  },
  "team_mean_payoff": 1.7399999999999998
}