{
  "perspective_diversity": 0.14577945680439222,
  "cooperation_payoff": 2.5780000000000003,
  "cooperation_payoff_ci": [
    2.5560000000000005,
    2.5940500000000006
  ],
  "equilibrium_convergence": 0.94,
  "tom_prediction_accuracy": 0.8491666666666666,
  "tom_prediction_accuracy_ci": [
    0.8291666666666667,
    0.8708333333333333
  ],
  "n_episodes": 20,
  "action_dist_agent1": [
    0.97,
    0.03
  ],
  "per_episode_payoffs": [
    2.56,
    2.6399999999999997,
    2.5599999999999996,
    2.6,
    2.6,
    2.4400000000000004,
    2.6,
    2.6,
    2.6,
    2.6,
    2.6,
    2.6,
    2.5200000000000005,
    2.6,
    2.6,
    2.6,
    2.6,
    2.5200000000000005,
    2.6,
    2.52
  ],
  "gate_trust_rate": 0.9444444444444444,
  "gated_prediction_accuracy": 0.8222222222222222,
  "signal_accuracy": 0.8666666666666667,
  "tom_belief_accuracy_in_gated": 0.65,
  "dp_conflict_rate": 0.31666666666666665,
  "dp_intervention_rate": 0.31666666666666665,
  "cell": "het_gsaca",
  "gsaca_detected_structure": "coord",
  "gsaca_oracle_structure": "coord",
  "gsaca_detection_correct": true,
  "gsaca_split_score": -0.1499999999999999,
  "gsaca_warmup_episodes": 3,
  "gsaca_n_observations": 15,
  "wall_time_s": 2611.9766364097595,
  "config": {
    "game": "public_goods",
    "n_agents": 4,
    "horizon": 5,
    "memory": 2,
    "models_homo": "Qwen/Qwen2.5-7B-Instruct",
    "temp_homo": 0.7,
    "tom_order": 1,
    "seed": 46,
    "cell_name": "het_gsaca",
    "homogeneous": false,
    "use_tom": true,
    "use_talk": true,
    "adaptive_tom": true,
    "gated_talk_tom": true,
    "diversity_preserving_gate": true
  },
  "team_mean_payoff": 2.5805000000000002
}