{
  "perspective_diversity": 0.27786214405174003,
  "cooperation_payoff": 1.4133333333333333,
  "cooperation_payoff_ci": [
    1.1666666666666667,
    1.6799999999999997
  ],
  "equilibrium_convergence": 1.0,
  "tom_prediction_accuracy": 0.6333333333333333,
  "tom_prediction_accuracy_ci": [
    0.58,
    0.6866666666666666
  ],
  "n_episodes": 30,
  "action_dist_agent1": [
    0.8266666666666667,
    0.17333333333333334
  ],
  "per_episode_payoffs": [
    1.2,
    2.2,
    1.6,
    1.0,
    0.0,
    0.6,
    1.0,
    1.4,
    1.6,
    0.6,
    1.0,
    1.8,
    1.8,
    1.8,
    1.2,
    1.2,
    2.2,
    2.8,
    2.2,
    0.6,
    1.2,
    1.6,
    1.0,
    0.6,
    2.8,
    0.6,
    0.6,
    1.4,
    2.4,
    2.4
  ],
  "gate_trust_rate": 0.8333333333333334,
  "gated_prediction_accuracy": 0.6733333333333333,
  "signal_accuracy": 0.6933333333333334,
  "tom_belief_accuracy_in_gated": 0.6333333333333333,
  "dp_conflict_rate": 0.38666666666666666,
  "dp_intervention_rate": 0.38666666666666666,
  "cell": "het_dp_gated_atom_talk",
  "wall_time_s": 481.75396609306335,
  "config": {
    "game": "battle_of_the_sexes",
    "n_agents": 2,
    "horizon": 5,
    "memory": 2,
    "models_homo": "Qwen/Qwen2.5-7B-Instruct",
    "temp_homo": 0.7,
    "tom_order": 1,
    "seed": 44,
    "cell_name": "het_dp_gated_atom_talk",
    "gate_trust_threshold": 0.6,
    "gate_ema_alpha": 0.5,
    "atom_warmup": 3,
    "homogeneous": false,
    "use_tom": true,
    "use_talk": true,
    "adaptive_tom": true,
    "gated_talk_tom": true,
    "diversity_preserving_gate": true
  },
  "team_mean_payoff": 1.2666666666666666
}