{
  "perspective_diversity": 0.05555054548824326,
  "cooperation_payoff": 2.0999999999999996,
  "cooperation_payoff_ci": [
    1.9666666666666666,
    2.2466666666666666
  ],
  "equilibrium_convergence": 0.9866666666666667,
  "tom_prediction_accuracy": 0.65,
  "tom_prediction_accuracy_ci": [
    0.5966666666666667,
    0.7033333333333334
  ],
  "n_episodes": 30,
  "action_dist_agent1": [
    0.5266666666666666,
    0.47333333333333333
  ],
  "per_episode_payoffs": [
    2.2,
    1.8,
    2.8,
    2.8,
    1.8,
    1.8,
    1.6,
    1.6,
    2.0,
    2.0,
    2.2,
    2.2,
    1.6,
    3.0,
    2.6,
    2.6,
    2.2,
    2.0,
    1.8,
    1.8,
    2.2,
    2.4,
    2.6,
    1.8,
    2.4,
    2.0,
    2.0,
    1.6,
    1.8,
    1.8
  ],
  "gate_trust_rate": 0.9566666666666667,
  "gated_prediction_accuracy": 0.77,
  "signal_accuracy": 0.7533333333333333,
  "tom_belief_accuracy_in_gated": 0.65,
  "dp_conflict_rate": 0.27666666666666667,
  "dp_intervention_rate": 0.27666666666666667,
  "cell": "het_gated_atom_talk",
  "wall_time_s": 554.1867315769196,
  "config": {
    "game": "deadlock",
    "n_agents": 2,
    "horizon": 5,
    "memory": 2,
    "models_homo": "Qwen/Qwen2.5-7B-Instruct",
    "temp_homo": 0.7,
    "tom_order": 1,
    "seed": 52,
    "cell_name": "het_gated_atom_talk",
    "gate_trust_threshold": 0.6,
    "gate_ema_alpha": 0.3,
    "atom_warmup": 3,
    "homogeneous": false,
    "use_tom": true,
    "use_talk": true,
    "adaptive_tom": true,
    "gated_talk_tom": true,
    "diversity_preserving_gate": false
  },
  "team_mean_payoff": 1.78
}