{
  "perspective_diversity": 0.3154231410242135,
  "cooperation_payoff": 3.1333333333333324,
  "cooperation_payoff_ci": [
    2.7664999999999993,
    3.4934999999999987
  ],
  "equilibrium_convergence": 0.9733333333333334,
  "tom_prediction_accuracy": 0.67,
  "tom_prediction_accuracy_ci": [
    0.6166666666666667,
    0.7233333333333334
  ],
  "n_episodes": 30,
  "action_dist_agent1": [
    0.30666666666666664,
    0.6933333333333334
  ],
  "per_episode_payoffs": [
    3.4,
    4.6,
    3.2,
    3.6,
    3.6,
    2.6,
    3.6,
    1.6,
    2.4,
    0.6,
    4.6,
    1.6,
    2.0,
    2.8,
    2.6,
    1.8,
    2.0,
    4.6,
    3.6,
    2.6,
    3.6,
    2.4,
    3.2,
    3.2,
    4.6,
    4.6,
    3.6,
    3.2,
    4.6,
    3.6
  ],
  "gate_trust_rate": 0.8766666666666667,
  "gated_prediction_accuracy": 0.6366666666666667,
  "signal_accuracy": 0.6466666666666666,
  "tom_belief_accuracy_in_gated": 0.67,
  "dp_conflict_rate": 0.2633333333333333,
  "dp_intervention_rate": 0.2633333333333333,
  "cell": "het_dp_gated_atom_talk",
  "wall_time_s": 500.7563064098358,
  "config": {
    "game": "chicken",
    "n_agents": 2,
    "horizon": 5,
    "memory": 2,
    "models_homo": "Qwen/Qwen2.5-7B-Instruct",
    "temp_homo": 0.7,
    "tom_order": 1,
    "seed": 47,
    "cell_name": "het_dp_gated_atom_talk",
    "gate_trust_threshold": 0.6,
    "gate_ema_alpha": 0.3,
    "atom_warmup": 3,
    "homogeneous": false,
    "use_tom": true,
    "use_talk": true,
    "adaptive_tom": true,
    "gated_talk_tom": true,
    "diversity_preserving_gate": true
  },
  "team_mean_payoff": 2.36
}