{
  "perspective_diversity": 0.2203027225682061,
  "cooperation_payoff": 2.773333333333333,
  "cooperation_payoff_ci": [
    2.699999999999999,
    2.8399999999999994
  ],
  "equilibrium_convergence": 0.9866666666666666,
  "tom_prediction_accuracy": 0.8633333333333333,
  "tom_prediction_accuracy_ci": [
    0.8233333333333334,
    0.8966666666666666
  ],
  "n_episodes": 30,
  "action_dist_agent1": [
    0.7933333333333333,
    0.20666666666666667
  ],
  "per_episode_payoffs": [
    2.6,
    2.8,
    3.0,
    3.0,
    2.6,
    3.0,
    2.8,
    3.0,
    2.8,
    2.6,
    2.6,
    2.8,
    2.6,
    2.8,
    3.0,
    3.0,
    3.0,
    2.8,
    3.0,
    2.6,
    2.8,
    2.6,
    2.6,
    2.6,
    2.6,
    3.0,
    2.2,
    2.8,
    3.0,
    2.6
  ],
  "gate_trust_rate": 0.99,
  "gated_prediction_accuracy": 0.8933333333333333,
  "signal_accuracy": 0.89,
  "tom_belief_accuracy_in_gated": 0.8633333333333333,
  "dp_conflict_rate": 0.08,
  "dp_intervention_rate": 0.08,
  "cell": "het_dp_gated_atom_talk",
  "wall_time_s": 503.22185730934143,
  "config": {
    "game": "stag_hunt",
    "n_agents": 2,
    "horizon": 5,
    "memory": 2,
    "models_homo": "Qwen/Qwen2.5-7B-Instruct",
    "temp_homo": 0.7,
    "tom_order": 1,
    "seed": 52,
    "cell_name": "het_dp_gated_atom_talk",
    "gate_trust_threshold": 0.6,
    "gate_ema_alpha": 0.3,
    "atom_warmup": 3,
    "homogeneous": false,
    "use_tom": true,
    "use_talk": true,
    "adaptive_tom": true,
    "gated_talk_tom": true,
    "diversity_preserving_gate": true
  },
  "team_mean_payoff": 2.6
}