{
  "perspective_diversity": 0.08933100356694032,
  "cooperation_payoff": 1.4933333333333332,
  "cooperation_payoff_ci": [
    1.2333333333333336,
    1.7466666666666664
  ],
  "equilibrium_convergence": 0.92,
  "tom_prediction_accuracy": 0.57,
  "tom_prediction_accuracy_ci": [
    0.5133333333333333,
    0.6233333333333333
  ],
  "n_episodes": 30,
  "action_dist_agent1": [
    0.4533333333333333,
    0.5466666666666666
  ],
  "per_episode_payoffs": [
    1.6,
    2.0,
    1.2,
    2.8,
    1.6,
    1.2,
    2.8,
    1.2,
    0.8,
    0.6,
    1.8,
    1.8,
    1.2,
    0.6,
    0.8,
    2.8,
    2.4,
    0.8,
    0.8,
    1.2,
    2.6,
    1.0,
    0.6,
    1.6,
    1.6,
    2.8,
    1.2,
    2.0,
    0.6,
    0.8
  ],
  "gate_trust_rate": 0.8433333333333334,
  "gated_prediction_accuracy": 0.5766666666666667,
  "signal_accuracy": 0.6066666666666667,
  "tom_belief_accuracy_in_gated": 0.57,
  "dp_conflict_rate": 0.3433333333333333,
  "dp_intervention_rate": 0.3433333333333333,
  "cell": "het_gsaca",
  "gsaca_detected_structure": "anti_coord",
  "gsaca_oracle_structure": "anti_coord",
  "gsaca_detection_correct": true,
  "gsaca_split_score": 0.3571428571428572,
  "gsaca_warmup_episodes": 5,
  "gsaca_n_observations": 25,
  "wall_time_s": 526.7202882766724,
  "config": {
    "game": "hawk_dove",
    "n_agents": 2,
    "horizon": 5,
    "memory": 2,
    "models_homo": "Qwen/Qwen2.5-7B-Instruct",
    "temp_homo": 0.7,
    "tom_order": 1,
    "seed": 42,
    "cell_name": "het_gsaca",
    "gate_trust_threshold": 0.6,
    "gate_ema_alpha": 0.3,
    "atom_warmup": 3,
    "homogeneous": false,
    "use_tom": true,
    "use_talk": true,
    "adaptive_tom": true,
    "gated_talk_tom": true,
    "diversity_preserving_gate": true
  },
  "team_mean_payoff": 1.1833333333333336
}