{
  "perspective_diversity": 0.5509106955137606,
  "cooperation_payoff": 3.439999999999999,
  "cooperation_payoff_ci": [
    3.0266666666666655,
    3.8066666666666658
  ],
  "equilibrium_convergence": 1.0,
  "tom_prediction_accuracy": 0.66,
  "tom_prediction_accuracy_ci": [
    0.6065833333333335,
    0.7133333333333334
  ],
  "n_episodes": 30,
  "action_dist_agent1": [
    0.25333333333333335,
    0.7466666666666667
  ],
  "per_episode_payoffs": [
    4.2,
    1.6,
    2.6,
    3.6,
    1.8,
    4.6,
    2.2,
    3.6,
    4.6,
    3.6,
    2.8,
    4.6,
    2.6,
    2.6,
    2.2,
    2.6,
    5.0,
    4.6,
    3.6,
    4.6,
    4.6,
    2.6,
    4.2,
    4.6,
    4.6,
    1.8,
    2.4,
    1.6,
    4.6,
    4.6
  ],
  "gate_trust_rate": 0.89,
  "gated_prediction_accuracy": 0.6833333333333333,
  "signal_accuracy": 0.68,
  "tom_belief_accuracy_in_gated": 0.66,
  "dp_conflict_rate": 0.26666666666666666,
  "dp_intervention_rate": 0.26666666666666666,
  "cell": "het_dp_gated_atom_talk",
  "wall_time_s": 480.22058176994324,
  "config": {
    "game": "chicken",
    "n_agents": 2,
    "horizon": 5,
    "memory": 2,
    "models_homo": "Qwen/Qwen2.5-7B-Instruct",
    "temp_homo": 0.7,
    "tom_order": 1,
    "seed": 42,
    "cell_name": "het_dp_gated_atom_talk",
    "gate_trust_threshold": 0.6,
    "gate_ema_alpha": 0.5,
    "atom_warmup": 3,
    "homogeneous": false,
    "use_tom": true,
    "use_talk": true,
    "adaptive_tom": true,
    "gated_talk_tom": true,
    "diversity_preserving_gate": true
  },
  "team_mean_payoff": 2.44
}