{
  "perspective_diversity": 0.4106184434920959,
  "cooperation_payoff": 3.1599999999999984,
  "cooperation_payoff_ci": [
    2.78,
    3.559999999999999
  ],
  "equilibrium_convergence": 0.9333333333333333,
  "tom_prediction_accuracy": 0.6766666666666666,
  "tom_prediction_accuracy_ci": [
    0.6233333333333333,
    0.73
  ],
  "n_episodes": 30,
  "action_dist_agent1": [
    0.26,
    0.74
  ],
  "per_episode_payoffs": [
    2.6,
    1.6,
    3.6,
    4.6,
    1.4,
    4.6,
    2.6,
    3.2,
    2.4,
    3.6,
    2.0,
    3.6,
    2.8,
    2.6,
    3.6,
    2.2,
    4.6,
    4.0,
    4.6,
    3.2,
    2.2,
    1.2,
    1.8,
    2.2,
    4.6,
    2.6,
    4.6,
    4.6,
    5.0,
    2.6
  ],
  "gate_trust_rate": 0.9066666666666666,
  "gated_prediction_accuracy": 0.6766666666666666,
  "signal_accuracy": 0.6833333333333333,
  "tom_belief_accuracy_in_gated": 0.6766666666666666,
  "dp_conflict_rate": 0.24666666666666667,
  "dp_intervention_rate": 0.24666666666666667,
  "cell": "het_dp_gated_atom_talk",
  "wall_time_s": 468.1368007659912,
  "config": {
    "game": "chicken",
    "n_agents": 2,
    "horizon": 5,
    "memory": 2,
    "models_homo": "Qwen/Qwen2.5-7B-Instruct",
    "temp_homo": 0.7,
    "tom_order": 1,
    "seed": 43,
    "cell_name": "het_dp_gated_atom_talk",
    "gate_trust_threshold": 0.6,
    "gate_ema_alpha": 0.5,
    "atom_warmup": 3,
    "homogeneous": false,
    "use_tom": true,
    "use_talk": true,
    "adaptive_tom": true,
    "gated_talk_tom": true,
    "diversity_preserving_gate": true
  },
  "team_mean_payoff": 2.28
}