{
  "perspective_diversity": 1.3522345918593202,
  "cooperation_payoff": 2.6420000000000003,
  "cooperation_payoff_ci": [
    2.6060000000000003,
    2.6759999999999997
  ],
  "equilibrium_convergence": 0.86,
  "tom_prediction_accuracy": 0.7275,
  "tom_prediction_accuracy_ci": [
    0.7025,
    0.7508333333333334
  ],
  "n_episodes": 20,
  "action_dist_agent1": [
    0.83,
    0.17
  ],
  "per_episode_payoffs": [
    2.6799999999999997,
    2.7600000000000002,
    2.52,
    2.6,
    2.6,
    2.6,
    2.6,
    2.6,
    2.64,
    2.52,
    2.6399999999999997,
    2.64,
    2.7600000000000002,
    2.68,
    2.7199999999999998,
    2.7600000000000002,
    2.52,
    2.7199999999999998,
    2.6,
    2.68
  ],
  "gate_trust_rate": 0.9683333333333334,
  "gated_prediction_accuracy": 0.8733333333333333,
  "signal_accuracy": 0.905,
  "tom_belief_accuracy_in_gated": 0.7275,
  "dp_conflict_rate": 0.22583333333333333,
  "dp_intervention_rate": 0.22583333333333333,
  "cell": "het_gated_atom_talk",
  "wall_time_s": 2920.8906667232513,
  "config": {
    "game": "public_goods",
    "n_agents": 4,
    "horizon": 5,
    "memory": 2,
    "models_homo": "Qwen/Qwen2.5-7B-Instruct",
    "temp_homo": 0.7,
    "tom_order": 1,
    "seed": 51,
    "cell_name": "het_gated_atom_talk",
    "gate_trust_threshold": 0.6,
    "gate_ema_alpha": 0.3,
    "atom_warmup": 3,
    "homogeneous": false,
    "use_tom": true,
    "use_talk": true,
    "adaptive_tom": true,
    "gated_talk_tom": true,
    "diversity_preserving_gate": false
  },
  "team_mean_payoff": 2.5520000000000005
}