{
  "perspective_diversity": 0.018261900512470522,
  "cooperation_payoff": 2.026666666666667,
  "cooperation_payoff_ci": [
    1.7466666666666666,
    2.3133333333333335
  ],
  "equilibrium_convergence": 0.9733333333333333,
  "tom_prediction_accuracy": 0.5033333333333333,
  "tom_prediction_accuracy_ci": [
    0.44666666666666666,
    0.56
  ],
  "n_episodes": 30,
  "action_dist_agent1": [
    0.3333333333333333,
    0.6666666666666666
  ],
  "per_episode_payoffs": [
    1.6,
    2.2,
    2.2,
    1.8,
    1.2,
    3.0,
    2.0,
    1.8,
    1.8,
    1.6,
    0.6,
    3.2,
    2.0,
    2.0,
    1.6,
    2.4,
    1.8,
    2.6,
    3.2,
    0.4,
    1.8,
    2.2,
    2.6,
    3.6,
    1.2,
    2.4,
    2.0,
    3.6,
    1.4,
    1.0
  ],
  "gate_trust_rate": 0.7433333333333333,
  "gated_prediction_accuracy": 0.5566666666666666,
  "signal_accuracy": 0.6066666666666667,
  "tom_belief_accuracy_in_gated": 0.5033333333333333,
  "dp_conflict_rate": 0.49666666666666665,
  "dp_intervention_rate": 0.49666666666666665,
  "cell": "het_gsaca",
  "gsaca_detected_structure": "anti_coord",
  "gsaca_oracle_structure": "anti_coord",
  "gsaca_detection_correct": true,
  "gsaca_split_score": 1.7647058823529411,
  "gsaca_warmup_episodes": 5,
  "gsaca_n_observations": 25,
  "wall_time_s": 467.7506248950958,
  "config": {
    "game": "chicken",
    "n_agents": 2,
    "horizon": 5,
    "memory": 2,
    "models_homo": "Qwen/Qwen2.5-7B-Instruct",
    "temp_homo": 0.7,
    "tom_order": 1,
    "seed": 45,
    "cell_name": "het_gsaca",
    "gate_trust_threshold": 0.6,
    "gate_ema_alpha": 0.3,
    "atom_warmup": 3,
    "homogeneous": false,
    "use_tom": true,
    "use_talk": true,
    "adaptive_tom": true,
    "gated_talk_tom": true,
    "diversity_preserving_gate": true
  },
  "team_mean_payoff": 1.84
}