{
  "perspective_diversity": 0.5794648505392318,
  "cooperation_payoff": 1.166666666666667,
  "cooperation_payoff_ci": [0.9666666666666668, 1.36],
  "equilibrium_convergence": 0.9733333333333334,
  "tom_prediction_accuracy": 0.5033333333333333,
  "tom_prediction_accuracy_ci": [0.44, 0.5633333333333334],
  "n_episodes": 30,
  "action_dist_agent1": [0.8266666666666667, 0.17333333333333334],
  "per_episode_payoffs": [1.0,1.6,1.2,1.6,2.2,1.6,1.6,1.0,1.0,0.0,1.6,2.2,1.0,0.6,1.0,2.0,1.0,1.6,0.0,1.0,1.0,1.4,1.4,0.0,1.6,0.6,1.2,1.0,1.0,1.0],
  "cell": "het_tom",
  "wall_time_s": 107.53219079971313,
  "config": {"game":"stag_hunt","n_agents":null,"horizon":5,"memory":2,"models_homo":"Qwen/Qwen2.5-3B-Instruct","temp_homo":0.7,"tom_order":1,"seed":3,"homogeneous":false,"use_tom":true,"cell_name":"het_tom"}
}