{
  "perspective_diversity": 0.1310791617045415,
  "cooperation_payoff": 1.6266666666666667,
  "cooperation_payoff_ci": [
    1.3000000000000003,
    1.9668333333333328
  ],
  "equilibrium_convergence": 0.9733333333333333,
  "tom_prediction_accuracy": 0.6333333333333333,
  "tom_prediction_accuracy_ci": [
    0.5799166666666667,
    0.6866666666666666
  ],
  "n_episodes": 30,
  "action_dist_agent1": [
    0.4533333333333333,
    0.5466666666666666
  ],
  "per_episode_payoffs": [
    1.8,
    0.2,
    1.6,
    2.0,
    2.8,
    0.8,
    1.0,
    1.8,
    0.6,
    2.8,
    1.6,
    2.8,
    2.6,
    2.8,
    1.2,
    0.4,
    1.8,
    2.8,
    0.2,
    1.8,
    0.0,
    2.6,
    0.6,
    2.6,
    1.2,
    1.2,
    0.4,
    2.8,
    1.2,
    2.8
  ],
  "gate_trust_rate": 0.8733333333333333,
  "gated_prediction_accuracy": 0.6266666666666667,
  "signal_accuracy": 0.62,
  "tom_belief_accuracy_in_gated": 0.6333333333333333,
  "dp_conflict_rate": 0.34,
  "dp_intervention_rate": 0.34,
  "cell": "het_gsaca",
  "gsaca_detected_structure": "anti_coord",
  "gsaca_oracle_structure": "anti_coord",
  "gsaca_detection_correct": true,
  "gsaca_split_score": 0.25,
  "gsaca_warmup_episodes": 5,
  "gsaca_n_observations": 25,
  "wall_time_s": 429.3359351158142,
  "config": {
    "game": "hawk_dove",
    "n_agents": 2,
    "horizon": 5,
    "memory": 2,
    "models_homo": "Qwen/Qwen2.5-7B-Instruct",
    "temp_homo": 0.7,
    "tom_order": 1,
    "seed": 43,
    "cell_name": "het_gsaca",
    "gate_trust_threshold": 0.6,
    "gate_ema_alpha": 0.3,
    "atom_warmup": 3,
    "homogeneous": false,
    "use_tom": true,
    "use_talk": true,
    "adaptive_tom": true,
    "gated_talk_tom": true,
    "diversity_preserving_gate": true
  },
  "team_mean_payoff": 1.256666666666667
}