{
  "perspective_diversity": 0.14348207671094443,
  "cooperation_payoff": 1.72,
  "cooperation_payoff_ci": [
    1.446666666666667,
    2.0
  ],
  "equilibrium_convergence": 0.9733333333333334,
  "tom_prediction_accuracy": 0.64,
  "tom_prediction_accuracy_ci": [
    0.5833333333333334,
    0.6900833333333328
  ],
  "n_episodes": 30,
  "action_dist_agent1": [
    0.8133333333333334,
    0.18666666666666668
  ],
  "per_episode_payoffs": [
    2.2,
    2.2,
    0.6,
    2.8,
    0.6,
    1.2,
    1.0,
    1.6,
    1.0,
    0.6,
    2.8,
    1.6,
    1.2,
    1.6,
    2.8,
    0.6,
    2.4,
    2.2,
    1.2,
    1.0,
    1.8,
    1.0,
    1.2,
    2.8,
    2.8,
    2.4,
    2.8,
    1.2,
    2.2,
    2.2
  ],
  "gate_trust_rate": 0.9366666666666666,
  "gated_prediction_accuracy": 0.7466666666666667,
  "signal_accuracy": 0.7766666666666666,
  "tom_belief_accuracy_in_gated": 0.64,
  "dp_conflict_rate": 0.31,
  "dp_intervention_rate": 0.31,
  "cell": "het_dp_gated_atom_talk",
  "wall_time_s": 467.0222029685974,
  "config": {
    "game": "battle_of_the_sexes",
    "n_agents": 2,
    "horizon": 5,
    "memory": 2,
    "models_homo": "Qwen/Qwen2.5-7B-Instruct",
    "temp_homo": 0.7,
    "tom_order": 1,
    "seed": 42,
    "cell_name": "het_dp_gated_atom_talk",
    "gate_trust_threshold": 0.6,
    "gate_ema_alpha": 0.3,
    "atom_warmup": 3,
    "homogeneous": false,
    "use_tom": true,
    "use_talk": true,
    "adaptive_tom": true,
    "gated_talk_tom": true,
    "diversity_preserving_gate": true
  },
  "team_mean_payoff": 1.5333333333333334
}