{
  "perspective_diversity": 0.2895252933651752,
  "cooperation_payoff": 2.8866666666666663,
  "cooperation_payoff_ci": [
    2.44,
    3.3266666666666658
  ],
  "equilibrium_convergence": 0.9600000000000001,
  "tom_prediction_accuracy": 0.6266666666666667,
  "tom_prediction_accuracy_ci": [
    0.57,
    0.6833333333333333
  ],
  "n_episodes": 30,
  "action_dist_agent1": [
    0.2866666666666667,
    0.7133333333333334
  ],
  "per_episode_payoffs": [
    4.6,
    3.2,
    4.6,
    2.6,
    3.2,
    1.6,
    2.8,
    4.6,
    1.2,
    2.2,
    2.6,
    4.6,
    2.8,
    2.6,
    1.6,
    4.6,
    2.0,
    4.6,
    3.6,
    1.8,
    4.6,
    1.8,
    2.2,
    1.2,
    2.2,
    2.2,
    1.6,
    3.2,
    1.2,
    5.0
  ],
  "gate_trust_rate": 0.91,
  "gated_prediction_accuracy": 0.6566666666666666,
  "signal_accuracy": 0.6533333333333333,
  "tom_belief_accuracy_in_gated": 0.6266666666666667,
  "dp_conflict_rate": 0.26666666666666666,
  "dp_intervention_rate": 0.26666666666666666,
  "cell": "het_dp_gated_atom_talk",
  "wall_time_s": 489.9266953468323,
  "config": {
    "game": "chicken",
    "n_agents": 2,
    "horizon": 5,
    "memory": 2,
    "models_homo": "Qwen/Qwen2.5-7B-Instruct",
    "temp_homo": 0.7,
    "tom_order": 1,
    "seed": 42,
    "cell_name": "het_dp_gated_atom_talk",
    "gate_trust_threshold": 0.6,
    "gate_ema_alpha": 0.1,
    "atom_warmup": 3,
    "homogeneous": false,
    "use_tom": true,
    "use_talk": true,
    "adaptive_tom": true,
    "gated_talk_tom": true,
    "diversity_preserving_gate": true
  },
  "team_mean_payoff": 2.1399999999999997
}