{
  "perspective_diversity": 0.153646097439681,
  "cooperation_payoff": 2.3133333333333335,
  "cooperation_payoff_ci": [
    2.1265,
    2.5
  ],
  "equilibrium_convergence": 0.9466666666666667,
  "tom_prediction_accuracy": 0.6333333333333333,
  "tom_prediction_accuracy_ci": [
    0.5766666666666667,
    0.6866666666666666
  ],
  "n_episodes": 30,
  "action_dist_agent1": [
    0.44,
    0.56
  ],
  "per_episode_payoffs": [
    1.6,
    2.8,
    2.4,
    1.8,
    2.8,
    1.2,
    1.6,
    2.0,
    1.8,
    1.6,
    2.4,
    2.2,
    1.8,
    3.2,
    2.0,
    1.8,
    2.4,
    2.0,
    2.6,
    3.2,
    1.8,
    2.8,
    2.6,
    2.6,
    2.6,
    2.8,
    2.6,
    3.2,
    2.2,
    3.0
  ],
  "gate_trust_rate": 0.8966666666666666,
  "gated_prediction_accuracy": 0.67,
  "signal_accuracy": 0.6533333333333333,
  "tom_belief_accuracy_in_gated": 0.6333333333333333,
  "dp_conflict_rate": 0.32666666666666666,
  "dp_intervention_rate": 0.32666666666666666,
  "cell": "het_dp_gated_atom_talk",
  "wall_time_s": 477.00843024253845,
  "config": {
    "game": "deadlock",
    "n_agents": 2,
    "horizon": 5,
    "memory": 2,
    "models_homo": "Qwen/Qwen2.5-7B-Instruct",
    "temp_homo": 0.7,
    "tom_order": 1,
    "seed": 60,
    "cell_name": "het_dp_gated_atom_talk",
    "gate_trust_threshold": 0.6,
    "gate_ema_alpha": 0.3,
    "atom_warmup": 3,
    "homogeneous": false,
    "use_tom": true,
    "use_talk": true,
    "adaptive_tom": true,
    "gated_talk_tom": true,
    "diversity_preserving_gate": true
  },
  "team_mean_payoff": 1.7799999999999996
}