{
  "perspective_diversity": 0.06127043403606053,
  "cooperation_payoff": 2.466666666666667,
  "cooperation_payoff_ci": [
    2.1600000000000006,
    2.7466666666666666
  ],
  "equilibrium_convergence": 1.0,
  "tom_prediction_accuracy": 0.6733333333333333,
  "tom_prediction_accuracy_ci": [
    0.62,
    0.7266666666666667
  ],
  "n_episodes": 30,
  "action_dist_agent1": [
    0.44,
    0.56
  ],
  "per_episode_payoffs": [
    4.0,
    1.4,
    3.2,
    3.0,
    3.0,
    3.2,
    3.0,
    2.8,
    1.8,
    2.0,
    3.0,
    2.2,
    0.6,
    2.2,
    2.8,
    1.8,
    3.2,
    3.0,
    2.8,
    1.2,
    1.6,
    3.0,
    3.0,
    3.0,
    3.0,
    1.2,
    2.0,
    2.8,
    3.0,
    1.2
  ],
  "gate_trust_rate": 0.91,
  "gated_prediction_accuracy": 0.7066666666666667,
  "signal_accuracy": 0.6966666666666667,
  "tom_belief_accuracy_in_gated": 0.6733333333333333,
  "dp_conflict_rate": 0.22333333333333333,
  "dp_intervention_rate": 0.22333333333333333,
  "cell": "het_gated_atom_talk",
  "wall_time_s": 510.81946849823,
  "config": {
    "game": "chicken",
    "n_agents": 2,
    "horizon": 5,
    "memory": 2,
    "models_homo": "Qwen/Qwen2.5-7B-Instruct",
    "temp_homo": 0.7,
    "tom_order": 1,
    "seed": 45,
    "cell_name": "het_gated_atom_talk",
    "homogeneous": false,
    "use_tom": true,
    "use_talk": true,
    "adaptive_tom": true,
    "gated_talk_tom": true,
    "diversity_preserving_gate": false
  },
  "team_mean_payoff": 2.12
}