{
  "perspective_diversity": 0.0680814699247553,
  "cooperation_payoff": 1.5466666666666666,
  "cooperation_payoff_ci": [
    1.2799999999999998,
    1.8334999999999988
  ],
  "equilibrium_convergence": 0.9466666666666667,
  "tom_prediction_accuracy": 0.5933333333333334,
  "tom_prediction_accuracy_ci": [
    0.5366666666666666,
    0.6466666666666666
  ],
  "n_episodes": 30,
  "action_dist_agent1": [
    0.48,
    0.52
  ],
  "per_episode_payoffs": [
    2.0,
    1.4,
    0.8,
    2.8,
    2.8,
    0.8,
    2.4,
    1.4,
    2.8,
    1.8,
    1.2,
    2.8,
    1.0,
    1.4,
    0.4,
    1.2,
    1.6,
    0.2,
    0.8,
    1.6,
    0.8,
    0.8,
    1.4,
    1.2,
    2.8,
    2.4,
    1.2,
    2.4,
    1.6,
    0.6
  ],
  "gate_trust_rate": 0.8133333333333334,
  "gated_prediction_accuracy": 0.5933333333333334,
  "signal_accuracy": 0.6,
  "tom_belief_accuracy_in_gated": 0.5933333333333334,
  "dp_conflict_rate": 0.36666666666666664,
  "dp_intervention_rate": 0.36666666666666664,
  "cell": "het_3arm",
  "gsaca_detected_structure": "anti_coord",
  "gsaca_oracle_structure": "anti_coord",
  "gsaca_detection_correct": true,
  "gsaca_split_score": 0.625,
  "gsaca_warmup_episodes": 5,
  "gsaca_n_observations": 25,
  "gsaca_3arm_selected": "CGA",
  "gsaca_3arm_tau": 0.4,
  "wall_time_s": 454.48973393440247,
  "config": {
    "game": "hawk_dove",
    "n_agents": 2,
    "horizon": 5,
    "memory": 2,
    "models_homo": "Qwen/Qwen2.5-7B-Instruct",
    "temp_homo": 0.7,
    "tom_order": 1,
    "seed": 45,
    "cell_name": "het_3arm",
    "gate_trust_threshold": 0.6,
    "gate_ema_alpha": 0.3,
    "atom_warmup": 3,
    "homogeneous": false,
    "use_tom": true,
    "use_talk": true,
    "adaptive_tom": true,
    "gated_talk_tom": true,
    "diversity_preserving_gate": true
  },
  "team_mean_payoff": 1.2766666666666668
}