{
  "perspective_diversity": 0.04474664700891376,
  "cooperation_payoff": 2.013333333333333,
  "cooperation_payoff_ci": [
    1.8466666666666667,
    2.1868333333333325
  ],
  "equilibrium_convergence": 0.92,
  "tom_prediction_accuracy": 0.6933333333333334,
  "tom_prediction_accuracy_ci": [
    0.6366666666666667,
    0.7433333333333333
  ],
  "n_episodes": 30,
  "action_dist_agent1": [
    0.49333333333333335,
    0.5066666666666667
  ],
  "per_episode_payoffs": [
    2.0,
    1.4,
    2.2,
    2.0,
    1.8,
    2.0,
    1.8,
    2.2,
    3.0,
    0.8,
    2.2,
    2.0,
    1.6,
    2.0,
    1.8,
    2.8,
    2.4,
    3.2,
    1.6,
    2.2,
    2.0,
    2.4,
    2.0,
    2.0,
    2.4,
    1.8,
    1.4,
    2.0,
    2.2,
    1.2
  ],
  "gate_trust_rate": 0.9333333333333333,
  "gated_prediction_accuracy": 0.76,
  "signal_accuracy": 0.7066666666666667,
  "tom_belief_accuracy_in_gated": 0.6933333333333334,
  "dp_conflict_rate": 0.30666666666666664,
  "dp_intervention_rate": 0.30666666666666664,
  "cell": "het_gated_atom_talk",
  "wall_time_s": 573.2558047771454,
  "config": {
    "game": "deadlock",
    "n_agents": 2,
    "horizon": 5,
    "memory": 2,
    "models_homo": "Qwen/Qwen2.5-7B-Instruct",
    "temp_homo": 0.7,
    "tom_order": 1,
    "seed": 47,
    "cell_name": "het_gated_atom_talk",
    "gate_trust_threshold": 0.6,
    "gate_ema_alpha": 0.3,
    "atom_warmup": 3,
    "homogeneous": false,
    "use_tom": true,
    "use_talk": true,
    "adaptive_tom": true,
    "gated_talk_tom": true,
    "diversity_preserving_gate": false
  },
  "team_mean_payoff": 1.7199999999999998
}