{
  "perspective_diversity": 0.11025890047107739,
  "cooperation_payoff": 2.506666666666667,
  "cooperation_payoff_ci": [
    2.1533333333333338,
    2.8400000000000007
  ],
  "equilibrium_convergence": 0.96,
  "tom_prediction_accuracy": 0.6333333333333333,
  "tom_prediction_accuracy_ci": [
    0.58,
    0.6866666666666666
  ],
  "n_episodes": 30,
  "action_dist_agent1": [
    0.34,
    0.66
  ],
  "per_episode_payoffs": [
    5.0,
    2.2,
    3.0,
    3.0,
    2.4,
    3.0,
    1.4,
    3.0,
    2.2,
    1.6,
    3.2,
    4.0,
    3.0,
    0.6,
    3.2,
    1.2,
    2.0,
    2.6,
    4.0,
    2.2,
    2.2,
    2.4,
    1.2,
    2.8,
    2.2,
    1.0,
    1.6,
    3.0,
    3.0,
    3.0
  ],
  "gate_trust_rate": 0.8466666666666667,
  "gated_prediction_accuracy": 0.6366666666666667,
  "signal_accuracy": 0.61,
  "tom_belief_accuracy_in_gated": 0.6333333333333333,
  "dp_conflict_rate": 0.23666666666666666,
  "dp_intervention_rate": 0.23666666666666666,
  "cell": "het_gated_atom_talk",
  "wall_time_s": 540.7619569301605,
  "config": {
    "game": "chicken",
    "n_agents": 2,
    "horizon": 5,
    "memory": 2,
    "models_homo": "Qwen/Qwen2.5-7B-Instruct",
    "temp_homo": 0.7,
    "tom_order": 1,
    "seed": 57,
    "cell_name": "het_gated_atom_talk",
    "gate_trust_threshold": 0.6,
    "gate_ema_alpha": 0.3,
    "atom_warmup": 3,
    "homogeneous": false,
    "use_tom": true,
    "use_talk": true,
    "adaptive_tom": true,
    "gated_talk_tom": true,
    "diversity_preserving_gate": false
  },
  "team_mean_payoff": 2.04
}