{
  "perspective_diversity": 0.4074491225293415,
  "cooperation_payoff": 3.179999999999999,
  "cooperation_payoff_ci": [
    2.6998333333333324,
    3.626666666666665
  ],
  "equilibrium_convergence": 0.9466666666666667,
  "tom_prediction_accuracy": 0.7033333333333334,
  "tom_prediction_accuracy_ci": [
    0.65,
    0.7533333333333333
  ],
  "n_episodes": 30,
  "action_dist_agent1": [
    0.24,
    0.76
  ],
  "per_episode_payoffs": [
    4.6,
    4.6,
    4.6,
    3.6,
    2.6,
    4.6,
    3.6,
    2.6,
    3.6,
    4.6,
    1.4,
    0.6,
    4.6,
    2.2,
    1.0,
    3.6,
    3.6,
    5.0,
    1.2,
    3.2,
    2.6,
    1.8,
    4.6,
    1.8,
    3.6,
    1.6,
    4.2,
    2.6,
    3.6,
    3.6
  ],
  "gate_trust_rate": 0.9166666666666666,
  "gated_prediction_accuracy": 0.71,
  "signal_accuracy": 0.6933333333333334,
  "tom_belief_accuracy_in_gated": 0.7033333333333334,
  "dp_conflict_rate": 0.2633333333333333,
  "dp_intervention_rate": 0.2633333333333333,
  "cell": "het_dp_gated_atom_talk",
  "wall_time_s": 464.62303018569946,
  "config": {
    "game": "chicken",
    "n_agents": 2,
    "horizon": 5,
    "memory": 2,
    "models_homo": "Qwen/Qwen2.5-7B-Instruct",
    "temp_homo": 0.7,
    "tom_order": 1,
    "seed": 43,
    "cell_name": "het_dp_gated_atom_talk",
    "gate_trust_threshold": 0.6,
    "gate_ema_alpha": 0.3,
    "atom_warmup": 3,
    "homogeneous": false,
    "use_tom": true,
    "use_talk": true,
    "adaptive_tom": true,
    "gated_talk_tom": true,
    "diversity_preserving_gate": true
  },
  "team_mean_payoff": 2.3000000000000003
}