{
  "perspective_diversity": 0.12933405479148816,
  "cooperation_payoff": 2.5959999999999996,
  "cooperation_payoff_ci": [
    2.5379499999999995,
    2.646
  ],
  "equilibrium_convergence": 0.9199999999999999,
  "tom_prediction_accuracy": 0.6341666666666667,
  "tom_prediction_accuracy_ci": [
    0.6066666666666667,
    0.6608333333333334
  ],
  "n_episodes": 20,
  "action_dist_agent1": [
    0.74,
    0.26
  ],
  "per_episode_payoffs": [
    2.5200000000000005,
    2.76,
    2.3600000000000003,
    2.68,
    2.6399999999999997,
    2.6399999999999997,
    2.7600000000000002,
    2.56,
    2.6,
    2.6,
    2.56,
    2.64,
    2.2800000000000002,
    2.4800000000000004,
    2.6799999999999997,
    2.7199999999999998,
    2.64,
    2.68,
    2.4799999999999995,
    2.6399999999999997
  ],
  "gate_trust_rate": 0.9208333333333333,
  "gated_prediction_accuracy": 0.7666666666666667,
  "signal_accuracy": 0.8075,
  "tom_belief_accuracy_in_gated": 0.6341666666666667,
  "dp_conflict_rate": 0.30333333333333334,
  "dp_intervention_rate": 0.30333333333333334,
  "cell": "het_dp_gated_atom_talk",
  "wall_time_s": 2727.0527741909027,
  "config": {
    "game": "public_goods",
    "n_agents": 4,
    "horizon": 5,
    "memory": 2,
    "models_homo": "Qwen/Qwen2.5-7B-Instruct",
    "temp_homo": 0.7,
    "tom_order": 1,
    "seed": 45,
    "cell_name": "het_dp_gated_atom_talk",
    "gate_trust_threshold": 0.6,
    "gate_ema_alpha": 0.3,
    "atom_warmup": 3,
    "homogeneous": false,
    "use_tom": true,
    "use_talk": true,
    "adaptive_tom": true,
    "gated_talk_tom": true,
    "diversity_preserving_gate": true
  },
  "team_mean_payoff": 2.501
}