{
  "perspective_diversity": 0.10155909356340057,
  "cooperation_payoff": 2.143509560999738,
  "cooperation_payoff_ci": [
    1.8856808651692072,
    2.3989193931799218
  ],
  "equilibrium_convergence": 0.96,
  "tom_prediction_accuracy": 0.67,
  "tom_prediction_accuracy_ci": [
    0.6165833333333335,
    0.7233333333333334
  ],
  "n_episodes": 30,
  "action_dist_agent1": [
    0.44666666666666666,
    0.5533333333333333
  ],
  "per_episode_payoffs": [
    2.810356464231682,
    2.830248582604505,
    1.6435669010556169,
    1.9726020022767892,
    1.7500825174903205,
    1.859446640827643,
    1.5089592308521549,
    2.904408752238792,
    1.874966413389264,
    3.6805972119710573,
    2.0425008295300446,
    2.826839215453466,
    1.951683346397882,
    1.5873900508557983,
    2.427898103354399,
    1.4218003350169588,
    1.2772239680839192,
    2.7254091073651967,
    2.8345719334978106,
    1.7101377568383107,
    0.2871878704878319,
    3.124451811257323,
    1.9975451796296724,
    1.441535148433407,
    2.5684175866870307,
    2.410317070136358,
    3.3218369071450082,
    2.043641441534779,
    1.3340719685408653,
    2.135592482808253
  ],
  "gate_trust_rate": 0.9333333333333333,
  "gated_prediction_accuracy": 0.6733333333333333,
  "signal_accuracy": 0.68,
  "tom_belief_accuracy_in_gated": 0.67,
  "dp_conflict_rate": 0.25666666666666665,
  "dp_intervention_rate": 0.25666666666666665,
  "cell": "het_gsaca",
  "gsaca_detected_structure": "anti_coord",
  "gsaca_oracle_structure": "anti_coord",
  "gsaca_detection_correct": true,
  "gsaca_split_score": 0.2693662059702817,
  "gsaca_warmup_episodes": 5,
  "gsaca_n_observations": 25,
  "wall_time_s": 573.8621788024902,
  "config": {
    "game": "deadlock",
    "n_agents": 2,
    "horizon": 5,
    "memory": 2,
    "models_homo": "Qwen/Qwen2.5-7B-Instruct",
    "temp_homo": 0.7,
    "tom_order": 1,
    "seed": 45,
    "cell_name": "het_gsaca",
    "gate_trust_threshold": 0.6,
    "gate_ema_alpha": 0.3,
    "atom_warmup": 3,
    "homogeneous": false,
    "use_tom": true,
    "use_talk": true,
    "adaptive_tom": true,
    "gated_talk_tom": true,
    "diversity_preserving_gate": true
  },
  "team_mean_payoff": 1.7315181180797974
}