{
  "perspective_diversity": 0.046444864282427965,
  "cooperation_payoff": 2.5700000000000003,
  "cooperation_payoff_ci": [
    2.5379500000000004,
    2.6020000000000003
  ],
  "equilibrium_convergence": 0.94,
  "tom_prediction_accuracy": 0.83,
  "tom_prediction_accuracy_ci": [
    0.8083125000000001,
    0.8525
  ],
  "n_episodes": 20,
  "action_dist_agent1": [
    0.97,
    0.03
  ],
  "per_episode_payoffs": [
    2.52,
    2.56,
    2.76,
    2.52,
    2.52,
    2.6,
    2.52,
    2.6,
    2.6,
    2.6,
    2.6,
    2.5200000000000005,
    2.6,
    2.52,
    2.6,
    2.6,
    2.6,
    2.6,
    2.3600000000000003,
    2.6
  ],
  "gate_trust_rate": 0.9611111111111111,
  "gated_prediction_accuracy": 0.8277777777777777,
  "signal_accuracy": 0.8666666666666667,
  "tom_belief_accuracy_in_gated": 0.6166666666666667,
  "dp_conflict_rate": 0.3388888888888889,
  "dp_intervention_rate": 0.3388888888888889,
  "cell": "het_gsaca",
  "gsaca_detected_structure": "coord",
  "gsaca_oracle_structure": "coord",
  "gsaca_detection_correct": true,
  "gsaca_split_score": -0.21000000000000085,
  "gsaca_warmup_episodes": 3,
  "gsaca_n_observations": 15,
  "wall_time_s": 2740.662661790848,
  "config": {
    "game": "public_goods",
    "n_agents": 4,
    "horizon": 5,
    "memory": 2,
    "models_homo": "Qwen/Qwen2.5-7B-Instruct",
    "temp_homo": 0.7,
    "tom_order": 1,
    "seed": 42,
    "cell_name": "het_gsaca",
    "homogeneous": false,
    "use_tom": true,
    "use_talk": true,
    "adaptive_tom": true,
    "gated_talk_tom": true,
    "diversity_preserving_gate": true
  },
  "team_mean_payoff": 2.5775
}