{
  "perspective_diversity": 0.13061661221053755,
  "cooperation_payoff": 1.0666666666666667,
  "cooperation_payoff_ci": [
    0.92,
    1.2266666666666666
  ],
  "equilibrium_convergence": 0.9466666666666667,
  "tom_prediction_accuracy": 0.46,
  "tom_prediction_accuracy_ci": [
    0.40658333333333346,
    0.5166666666666667
  ],
  "n_episodes": 30,
  "action_dist_agent1": [
    0.30666666666666664,
    0.6933333333333334
  ],
  "per_episode_payoffs": [
    0.6,
    0.4,
    1.2,
    1.4,
    1.0,
    0.6,
    1.0,
    1.2,
    1.4,
    2.2,
    0.4,
    0.4,
    1.4,
    0.8,
    1.2,
    1.2,
    2.2,
    1.0,
    1.0,
    1.0,
    0.6,
    1.0,
    1.0,
    1.0,
    1.0,
    1.0,
    1.4,
    1.4,
    0.8,
    1.2
  ],
  "gate_trust_rate": 0.58,
  "gated_prediction_accuracy": 0.47,
  "signal_accuracy": 0.48333333333333334,
  "tom_belief_accuracy_in_gated": 0.46,
  "dp_conflict_rate": 0.5833333333333334,
  "dp_intervention_rate": 0.5833333333333334,
  "cell": "hom_dp_gated_atom_talk",
  "wall_time_s": 741.586042881012,
  "config": {
    "game": "hawk_dove",
    "n_agents": 2,
    "horizon": 5,
    "memory": 2,
    "models_homo": "Qwen/Qwen2.5-7B-Instruct",
    "temp_homo": 0.7,
    "tom_order": 1,
    "seed": 42,
    "cell_name": "hom_dp_gated_atom_talk",
    "gate_trust_threshold": 0.6,
    "gate_ema_alpha": 0.3,
    "atom_warmup": 3,
    "homogeneous": true,
    "use_tom": true,
    "use_talk": true,
    "adaptive_tom": true,
    "gated_talk_tom": true,
    "diversity_preserving_gate": true
  },
  "team_mean_payoff": 0.6866666666666668
}