{
  "perspective_diversity": 0.0029770150771835768,
  "cooperation_payoff": 2.654038243998952,
  "cooperation_payoff_ci": [
    2.3222541697618424,
    2.952017885601025
  ],
  "equilibrium_convergence": 0.9733333333333333,
  "tom_prediction_accuracy": 0.9333333333333333,
  "tom_prediction_accuracy_ci": [
    0.9033333333333333,
    0.96
  ],
  "n_episodes": 30,
  "action_dist_agent1": [
    0.96,
    0.04
  ],
  "per_episode_payoffs": [
    3.8414258569267274,
    3.3209943304180207,
    2.9742676042224674,
    0.2904080091071561,
    1.0003300699612825,
    3.2377865633105727,
    3.43583692340862,
    2.6176350089551663,
    3.299865653557056,
    3.322388847884228,
    2.370003318120179,
    3.1073568618138636,
    2.006733385591528,
    3.7495602034231936,
    3.111592413417598,
    3.087201340067836,
    1.508895872335677,
    3.501636429460787,
    2.3382877339912427,
    3.4405510273532443,
    1.7487514819513277,
    3.497807245029292,
    2.390180718518689,
    1.566140593733628,
    3.6736703467481227,
    3.0412682805454323,
    1.887347628580033,
    1.5745657661391157,
    1.936287874163461,
    2.7423699312330116
  ],
  "gate_trust_rate": 0.98,
  "gated_prediction_accuracy": 0.88,
  "signal_accuracy": 0.86,
  "tom_belief_accuracy_in_gated": 0.8,
  "dp_conflict_rate": 0.22,
  "dp_intervention_rate": 0.22,
  "cell": "het_gsaca",
  "gsaca_detected_structure": "coord",
  "gsaca_oracle_structure": "coord",
  "gsaca_detection_correct": true,
  "gsaca_split_score": -0.7920394279779259,
  "gsaca_warmup_episodes": 5,
  "gsaca_n_observations": 25,
  "wall_time_s": 484.5330924987793,
  "config": {
    "game": "stag_hunt",
    "n_agents": 2,
    "horizon": 5,
    "memory": 2,
    "models_homo": "Qwen/Qwen2.5-7B-Instruct",
    "temp_homo": 0.7,
    "tom_order": 1,
    "seed": 43,
    "cell_name": "het_gsaca",
    "gate_trust_threshold": 0.6,
    "gate_ema_alpha": 0.3,
    "atom_warmup": 3,
    "homogeneous": false,
    "use_tom": true,
    "use_talk": true,
    "adaptive_tom": true,
    "gated_talk_tom": true,
    "diversity_preserving_gate": true
  },
  "team_mean_payoff": 2.752739138985857
}