{
  "perspective_diversity": 0.2103099405581709,
  "cooperation_payoff": 0.12000000000000001,
  "cooperation_payoff_ci": [
    -0.04,
    0.27999999999999997
  ],
  "equilibrium_convergence": 0.9866666666666667,
  "tom_prediction_accuracy": 0.57,
  "tom_prediction_accuracy_ci": [
    0.5133333333333333,
    0.6266666666666667
  ],
  "n_episodes": 30,
  "action_dist_agent1": [
    0.31333333333333335,
    0.6866666666666666
  ],
  "per_episode_payoffs": [
    0.2,
    1.0,
    0.6,
    -0.2,
    0.2,
    -0.2,
    -0.2,
    -0.2,
    -0.2,
    0.6,
    -0.2,
    -0.2,
    -0.2,
    -0.6,
    0.2,
    0.6,
    -0.2,
    -0.2,
    -0.2,
    -0.6,
    -0.2,
    0.6,
    1.0,
    0.6,
    0.6,
    0.6,
    0.6,
    -0.2,
    0.2,
    -0.2
  ],
  "gate_trust_rate": 0.8066666666666666,
  "gated_prediction_accuracy": 0.5866666666666667,
  "signal_accuracy": 0.6066666666666667,
  "tom_belief_accuracy_in_gated": 0.57,
  "dp_conflict_rate": 0.45666666666666667,
  "dp_intervention_rate": 0.45666666666666667,
  "cell": "het_dp_gated_atom_talk",
  "wall_time_s": 425.97149658203125,
  "config": {
    "game": "matching_pennies",
    "n_agents": 2,
    "horizon": 5,
    "memory": 2,
    "models_homo": "Qwen/Qwen2.5-7B-Instruct",
    "temp_homo": 0.7,
    "tom_order": 1,
    "seed": 45,
    "cell_name": "het_dp_gated_atom_talk",
    "gate_trust_threshold": 0.6,
    "gate_ema_alpha": 0.3,
    "atom_warmup": 3,
    "homogeneous": false,
    "use_tom": true,
    "use_talk": true,
    "adaptive_tom": true,
    "gated_talk_tom": true,
    "diversity_preserving_gate": true
  },
  "team_mean_payoff": 0.0
}