{
  "perspective_diversity": 0.16788711619330468,
  "cooperation_payoff": 2.8333333333333326,
  "cooperation_payoff_ci": [
    2.453333333333333,
    3.219999999999999
  ],
  "equilibrium_convergence": 0.92,
  "tom_prediction_accuracy": 0.5866666666666667,
  "tom_prediction_accuracy_ci": [
    0.53,
    0.6433333333333333
  ],
  "n_episodes": 30,
  "action_dist_agent1": [
    0.3333333333333333,
    0.6666666666666666
  ],
  "per_episode_payoffs": [
    2.4,
    4.6,
    3.6,
    2.8,
    3.2,
    2.2,
    2.0,
    1.2,
    2.8,
    0.6,
    4.6,
    2.0,
    3.2,
    3.2,
    2.6,
    4.6,
    2.6,
    2.8,
    4.6,
    2.6,
    3.6,
    0.8,
    1.8,
    1.8,
    3.6,
    1.8,
    2.6,
    3.6,
    3.6,
    3.6
  ],
  "gate_trust_rate": 0.8466666666666667,
  "gated_prediction_accuracy": 0.5833333333333334,
  "signal_accuracy": 0.6166666666666667,
  "tom_belief_accuracy_in_gated": 0.5866666666666667,
  "dp_conflict_rate": 0.2833333333333333,
  "dp_intervention_rate": 0.2833333333333333,
  "cell": "het_gsaca",
  "gsaca_detected_structure": "anti_coord",
  "gsaca_oracle_structure": "anti_coord",
  "gsaca_detection_correct": true,
  "gsaca_split_score": 1.5,
  "gsaca_warmup_episodes": 10,
  "gsaca_n_observations": 50,
  "wall_time_s": 447.33540630340576,
  "config": {
    "game": "chicken",
    "n_agents": 2,
    "horizon": 5,
    "memory": 2,
    "models_homo": "Qwen/Qwen2.5-7B-Instruct",
    "temp_homo": 0.7,
    "tom_order": 1,
    "seed": 44,
    "cell_name": "het_gsaca",
    "gate_trust_threshold": 0.6,
    "gate_ema_alpha": 0.3,
    "atom_warmup": 3,
    "homogeneous": false,
    "use_tom": true,
    "use_talk": true,
    "adaptive_tom": true,
    "gated_talk_tom": true,
    "diversity_preserving_gate": true
  },
  "team_mean_payoff": 2.26
}