{
  "perspective_diversity": 0.18091206830784684,
  "cooperation_payoff": 2.3666666666666667,
  "cooperation_payoff_ci": [
    2.14,
    2.5801666666666656
  ],
  "equilibrium_convergence": 0.9466666666666667,
  "tom_prediction_accuracy": 0.6266666666666667,
  "tom_prediction_accuracy_ci": [
    0.57,
    0.6767499999999995
  ],
  "n_episodes": 30,
  "action_dist_agent1": [
    0.44,
    0.56
  ],
  "per_episode_payoffs": [
    3.0,
    1.6,
    2.6,
    3.2,
    3.2,
    3.0,
    2.0,
    1.8,
    2.6,
    3.2,
    1.8,
    2.8,
    3.2,
    3.2,
    2.2,
    1.6,
    1.2,
    2.6,
    2.0,
    2.0,
    1.8,
    2.8,
    2.6,
    0.8,
    2.4,
    2.0,
    3.0,
    2.6,
    2.0,
    2.2
  ],
  "gate_trust_rate": 0.9466666666666667,
  "gated_prediction_accuracy": 0.7033333333333334,
  "signal_accuracy": 0.6766666666666666,
  "tom_belief_accuracy_in_gated": 0.6266666666666667,
  "dp_conflict_rate": 0.30333333333333334,
  "dp_intervention_rate": 0.30333333333333334,
  "cell": "het_gsaca",
  "gsaca_detected_structure": "anti_coord",
  "gsaca_oracle_structure": "anti_coord",
  "gsaca_detection_correct": true,
  "gsaca_split_score": 0.33333333333333326,
  "gsaca_warmup_episodes": 5,
  "gsaca_n_observations": 25,
  "wall_time_s": 506.8944697380066,
  "config": {
    "game": "deadlock",
    "n_agents": 2,
    "horizon": 5,
    "memory": 2,
    "models_homo": "Qwen/Qwen2.5-7B-Instruct",
    "temp_homo": 0.7,
    "tom_order": 1,
    "seed": 60,
    "cell_name": "het_gsaca",
    "gate_trust_threshold": 0.6,
    "gate_ema_alpha": 0.3,
    "atom_warmup": 3,
    "homogeneous": false,
    "use_tom": true,
    "use_talk": true,
    "adaptive_tom": true,
    "gated_talk_tom": true,
    "diversity_preserving_gate": true
  },
  "team_mean_payoff": 1.7933333333333332
}