{
  "perspective_diversity": 0.18364054659164397,
  "cooperation_payoff": 1.6800000000000002,
  "cooperation_payoff_ci": [
    1.3866666666666665,
    1.966666666666667
  ],
  "equilibrium_convergence": 0.9066666666666667,
  "tom_prediction_accuracy": 0.6466666666666666,
  "tom_prediction_accuracy_ci": [
    0.5933333333333334,
    0.7
  ],
  "n_episodes": 30,
  "action_dist_agent1": [
    0.7933333333333333,
    0.20666666666666667
  ],
  "per_episode_payoffs": [
    2.2,
    1.2,
    1.2,
    1.0,
    1.4,
    1.0,
    1.0,
    1.0,
    2.8,
    2.8,
    2.8,
    0.6,
    1.6,
    2.2,
    2.2,
    2.8,
    2.8,
    1.6,
    1.0,
    0.6,
    2.2,
    0.6,
    1.8,
    2.6,
    1.6,
    2.2,
    2.4,
    0.0,
    2.6,
    0.6
  ],
  "gate_trust_rate": 0.9166666666666666,
  "gated_prediction_accuracy": 0.7566666666666667,
  "signal_accuracy": 0.7533333333333333,
  "tom_belief_accuracy_in_gated": 0.6466666666666666,
  "dp_conflict_rate": 0.32666666666666666,
  "dp_intervention_rate": 0.32666666666666666,
  "cell": "het_dp_gated_atom_talk",
  "wall_time_s": 514.709986448288,
  "config": {
    "game": "battle_of_the_sexes",
    "n_agents": 2,
    "horizon": 5,
    "memory": 2,
    "models_homo": "Qwen/Qwen2.5-7B-Instruct",
    "temp_homo": 0.7,
    "tom_order": 1,
    "seed": 44,
    "cell_name": "het_dp_gated_atom_talk",
    "gate_trust_threshold": 0.6,
    "gate_ema_alpha": 0.3,
    "atom_warmup": 3,
    "homogeneous": false,
    "use_tom": true,
    "use_talk": true,
    "adaptive_tom": true,
    "gated_talk_tom": true,
    "diversity_preserving_gate": true
  },
  "team_mean_payoff": 1.5333333333333334
}