{
  "perspective_diversity": 0.11040809813552915,
  "cooperation_payoff": 1.2600000000000002,
  "cooperation_payoff_ci": [
    0.9866666666666666,
    1.5333333333333337
  ],
  "equilibrium_convergence": 0.8533333333333333,
  "tom_prediction_accuracy": 0.5833333333333334,
  "tom_prediction_accuracy_ci": [
    0.5299166666666668,
    0.64
  ],
  "n_episodes": 30,
  "action_dist_agent1": [
    0.32666666666666666,
    0.6733333333333333
  ],
  "per_episode_payoffs": [
    1.2,
    2.2,
    1.4,
    0.8,
    2.0,
    2.8,
    1.2,
    2.2,
    2.2,
    0.8,
    0.0,
    0.4,
    -0.6,
    0.8,
    1.4,
    2.2,
    1.4,
    1.2,
    0.0,
    1.6,
    1.4,
    1.4,
    0.8,
    2.0,
    1.4,
    2.0,
    0.2,
    1.6,
    1.0,
    0.8
  ],
  "gate_trust_rate": 0.77,
  "gated_prediction_accuracy": 0.5766666666666667,
  "signal_accuracy": 0.5066666666666667,
  "tom_belief_accuracy_in_gated": 0.5833333333333334,
  "dp_conflict_rate": 0.37666666666666665,
  "dp_intervention_rate": 0.37666666666666665,
  "cell": "het_gated_atom_talk",
  "wall_time_s": 475.6804156303406,
  "config": {
    "game": "hawk_dove",
    "n_agents": 2,
    "horizon": 5,
    "memory": 2,
    "models_homo": "Qwen/Qwen2.5-7B-Instruct",
    "temp_homo": 0.7,
    "tom_order": 1,
    "seed": 60,
    "cell_name": "het_gated_atom_talk",
    "gate_trust_threshold": 0.6,
    "gate_ema_alpha": 0.3,
    "atom_warmup": 3,
    "homogeneous": false,
    "use_tom": true,
    "use_talk": true,
    "adaptive_tom": true,
    "gated_talk_tom": true,
    "diversity_preserving_gate": false
  },
  "team_mean_payoff": 0.9100000000000001
}