{
  "perspective_diversity": 0.238177702005037,
  "cooperation_payoff": 2.654038243998952,
  "cooperation_payoff_ci": [
    2.2057092413006396,
    3.106776453943374
  ],
  "equilibrium_convergence": 0.9333333333333333,
  "tom_prediction_accuracy": 0.59,
  "tom_prediction_accuracy_ci": [
    0.5333333333333333,
    0.6466666666666666
  ],
  "n_episodes": 30,
  "action_dist_agent1": [
    0.3,
    0.7
  ],
  "per_episode_payoffs": [
    3.041425856926728,
    1.3209943304180207,
    5.574267604222468,
    1.0904080091071562,
    2.2003300699612827,
    3.8377865633105737,
    2.635836923408619,
    1.2176350089551664,
    2.899865653557056,
    3.1223888478842285,
    1.3700033181201792,
    2.307356861813864,
    2.606733385591528,
    1.949560203423194,
    4.711592413417598,
    3.287201340067836,
    2.108895872335677,
    2.101636429460787,
    3.9382877339912428,
    3.040551027353245,
    2.3487514819513273,
    4.497807245029292,
    2.390180718518689,
    0.16614059373362813,
    4.273670346748123,
    4.641268280545432,
    1.287347628580033,
    3.1745657661391156,
    1.1362878741634612,
    1.3423699312330117
  ],
  "gate_trust_rate": 0.9,
  "gated_prediction_accuracy": 0.66,
  "signal_accuracy": 0.6933333333333334,
  "tom_belief_accuracy_in_gated": 0.59,
  "dp_conflict_rate": 0.3233333333333333,
  "dp_intervention_rate": 0.3233333333333333,
  "cell": "het_gsaca",
  "gsaca_detected_structure": "anti_coord",
  "gsaca_oracle_structure": "anti_coord",
  "gsaca_detection_correct": true,
  "gsaca_split_score": 1.2338868781804018,
  "gsaca_warmup_episodes": 5,
  "gsaca_n_observations": 25,
  "wall_time_s": 509.1117470264435,
  "config": {
    "game": "chicken",
    "n_agents": 2,
    "horizon": 5,
    "memory": 2,
    "models_homo": "Qwen/Qwen2.5-7B-Instruct",
    "temp_homo": 0.7,
    "tom_order": 1,
    "seed": 46,
    "cell_name": "het_gsaca",
    "gate_trust_threshold": 0.6,
    "gate_ema_alpha": 0.3,
    "atom_warmup": 3,
    "homogeneous": false,
    "use_tom": true,
    "use_talk": true,
    "adaptive_tom": true,
    "gated_talk_tom": true,
    "diversity_preserving_gate": true
  },
  "team_mean_payoff": 2.0860724723191897
}