{
  "perspective_diversity": 0.2713578488543586,
  "cooperation_payoff": 2.987019121999476,
  "cooperation_payoff_ci": [
    2.5817481626443284,
    3.352489819502974
  ],
  "equilibrium_convergence": 0.9733333333333333,
  "tom_prediction_accuracy": 0.61,
  "tom_prediction_accuracy_ci": [
    0.5566666666666666,
    0.6666666666666666
  ],
  "n_episodes": 30,
  "action_dist_agent1": [
    0.32,
    0.68
  ],
  "per_episode_payoffs": [
    1.8207129284633639,
    2.0604971652090103,
    4.087133802111234,
    3.3452040045535782,
    3.700165034980641,
    2.3188932816552867,
    4.81791846170431,
    2.4088175044775832,
    1.7499328267785281,
    4.3611944239421145,
    4.28500165906009,
    3.2536784309069318,
    1.703366692795764,
    3.974780101711597,
    2.655796206708799,
    2.043600670033918,
    3.3544479361678383,
    3.8508182147303933,
    3.269143866995621,
    4.820275513676622,
    0.9743757409756636,
    3.4489036225146465,
    4.595090359259345,
    2.8830702968668143,
    2.936835173374061,
    3.620634140272716,
    3.0436738142900164,
    0.8872828830695578,
    1.6681439370817306,
    1.6711849656165056
  ],
  "gate_trust_rate": 0.89,
  "gated_prediction_accuracy": 0.6433333333333333,
  "signal_accuracy": 0.6666666666666666,
  "tom_belief_accuracy_in_gated": 0.61,
  "dp_conflict_rate": 0.2966666666666667,
  "dp_intervention_rate": 0.2966666666666667,
  "cell": "het_gsaca",
  "gsaca_detected_structure": "anti_coord",
  "gsaca_oracle_structure": "anti_coord",
  "gsaca_detection_correct": true,
  "gsaca_split_score": 1.6763997457008046,
  "gsaca_warmup_episodes": 5,
  "gsaca_n_observations": 25,
  "wall_time_s": 481.4149124622345,
  "config": {
    "game": "chicken",
    "n_agents": 2,
    "horizon": 5,
    "memory": 2,
    "models_homo": "Qwen/Qwen2.5-7B-Instruct",
    "temp_homo": 0.7,
    "tom_order": 1,
    "seed": 42,
    "cell_name": "het_gsaca",
    "gate_trust_threshold": 0.6,
    "gate_ema_alpha": 0.3,
    "atom_warmup": 3,
    "homogeneous": false,
    "use_tom": true,
    "use_talk": true,
    "adaptive_tom": true,
    "gated_talk_tom": true,
    "diversity_preserving_gate": true
  },
  "team_mean_payoff": 2.323036236159595
}