{
  "perspective_diversity": 0.5154951371231327,
  "cooperation_payoff": 2.6403524553328093,
  "cooperation_payoff_ci": [
    2.409924804240093,
    2.8622413421703903
  ],
  "equilibrium_convergence": 0.9733333333333334,
  "tom_prediction_accuracy": 0.6033333333333334,
  "tom_prediction_accuracy_ci": [
    0.5465833333333334,
    0.6566666666666666
  ],
  "n_episodes": 30,
  "action_dist_agent1": [
    0.36,
    0.64
  ],
  "per_episode_payoffs": [
    2.0207129284633636,
    2.660497165209011,
    2.687133802111234,
    2.3452040045535782,
    2.100165034980641,
    3.3188932816552863,
    3.81791846170431,
    2.608817504477583,
    2.549932826778528,
    3.361194423942114,
    1.4850016590600894,
    2.2536784309069318,
    2.5033666927957645,
    2.374780101711597,
    3.255796206708799,
    3.0436006700339187,
    1.7544479361678385,
    1.2508182147303935,
    2.8691438669956213,
    3.820275513676622,
    2.9743757409756637,
    3.048903622514646,
    2.595090359259345,
    2.4830702968668144,
    3.9368351733740616,
    2.620634140272716,
    3.0436738142900164,
    2.487282883069558,
    2.0681439370817305,
    1.8711849656165058
  ],
  "gate_trust_rate": 0.9833333333333333,
  "gated_prediction_accuracy": 0.7633333333333333,
  "signal_accuracy": 0.7666666666666667,
  "tom_belief_accuracy_in_gated": 0.6033333333333334,
  "dp_conflict_rate": 0.2833333333333333,
  "dp_intervention_rate": 0.2833333333333333,
  "cell": "het_gsaca",
  "gsaca_detected_structure": "anti_coord",
  "gsaca_oracle_structure": "anti_coord",
  "gsaca_detection_correct": true,
  "gsaca_split_score": 0.05528657226824607,
  "gsaca_warmup_episodes": 5,
  "gsaca_n_observations": 25,
  "wall_time_s": 571.8966267108917,
  "config": {
    "game": "deadlock",
    "n_agents": 2,
    "horizon": 5,
    "memory": 2,
    "models_homo": "Qwen/Qwen2.5-7B-Instruct",
    "temp_homo": 0.7,
    "tom_order": 1,
    "seed": 43,
    "cell_name": "het_gsaca",
    "gate_trust_threshold": 0.6,
    "gate_ema_alpha": 0.3,
    "atom_warmup": 3,
    "homogeneous": false,
    "use_tom": true,
    "use_talk": true,
    "adaptive_tom": true,
    "gated_talk_tom": true,
    "diversity_preserving_gate": true
  },
  "team_mean_payoff": 1.7763695694929285
}