{
  "perspective_diversity": 0.14902599122807192,
  "cooperation_payoff": 2.63,
  "cooperation_payoff_ci": [
    2.5840000000000005,
    2.678
  ],
  "equilibrium_convergence": 0.98,
  "tom_prediction_accuracy": 0.6741666666666667,
  "tom_prediction_accuracy_ci": [
    0.6483333333333333,
    0.7016666666666667
  ],
  "n_episodes": 20,
  "action_dist_agent1": [
    0.81,
    0.19
  ],
  "per_episode_payoffs": [
    2.52,
    2.8,
    2.56,
    2.6399999999999997,
    2.7600000000000002,
    2.56,
    2.6,
    2.6399999999999997,
    2.7199999999999998,
    2.52,
    2.48,
    2.52,
    2.88,
    2.52,
    2.7199999999999998,
    2.6800000000000006,
    2.52,
    2.7600000000000002,
    2.6,
    2.6
  ],
  "gate_trust_rate": 0.9591666666666666,
  "gated_prediction_accuracy": 0.855,
  "signal_accuracy": 0.8775,
  "tom_belief_accuracy_in_gated": 0.6741666666666667,
  "dp_conflict_rate": 0.2966666666666667,
  "dp_intervention_rate": 0.2966666666666667,
  "cell": "het_gated_atom_talk",
  "wall_time_s": 2781.9180088043213,
  "config": {
    "game": "public_goods",
    "n_agents": 4,
    "horizon": 5,
    "memory": 2,
    "models_homo": "Qwen/Qwen2.5-7B-Instruct",
    "temp_homo": 0.7,
    "tom_order": 1,
    "seed": 58,
    "cell_name": "het_gated_atom_talk",
    "gate_trust_threshold": 0.6,
    "gate_ema_alpha": 0.3,
    "atom_warmup": 3,
    "homogeneous": false,
    "use_tom": true,
    "use_talk": true,
    "adaptive_tom": true,
    "gated_talk_tom": true,
    "diversity_preserving_gate": false
  },
  "team_mean_payoff": 2.54
}