{
  "perspective_diversity": 0.37799991697237545,
  "cooperation_payoff": 1.2866666666666666,
  "cooperation_payoff_ci": [
    1.0133333333333334,
    1.5799999999999998
  ],
  "equilibrium_convergence": 0.9333333333333333,
  "tom_prediction_accuracy": 0.6466666666666666,
  "tom_prediction_accuracy_ci": [
    0.59,
    0.7
  ],
  "n_episodes": 30,
  "action_dist_agent1": [
    0.8466666666666667,
    0.15333333333333332
  ],
  "per_episode_payoffs": [
    1.8,
    1.0,
    0.6,
    2.2,
    1.0,
    1.2,
    0.6,
    1.8,
    0.6,
    1.6,
    0.0,
    1.0,
    0.0,
    1.6,
    2.8,
    1.6,
    0.6,
    1.0,
    1.8,
    2.4,
    1.2,
    0.6,
    2.2,
    1.2,
    0.6,
    0.0,
    2.8,
    2.6,
    1.0,
    1.2
  ],
  "gate_trust_rate": 0.8733333333333333,
  "gated_prediction_accuracy": 0.68,
  "signal_accuracy": 0.7066666666666667,
  "tom_belief_accuracy_in_gated": 0.6466666666666666,
  "dp_conflict_rate": 0.36666666666666664,
  "dp_intervention_rate": 0.36666666666666664,
  "cell": "het_dp_gated_atom_talk",
  "wall_time_s": 483.54794239997864,
  "config": {
    "game": "battle_of_the_sexes",
    "n_agents": 2,
    "horizon": 5,
    "memory": 2,
    "models_homo": "Qwen/Qwen2.5-7B-Instruct",
    "temp_homo": 0.7,
    "tom_order": 1,
    "seed": 46,
    "cell_name": "het_dp_gated_atom_talk",
    "gate_trust_threshold": 0.6,
    "gate_ema_alpha": 0.2,
    "atom_warmup": 3,
    "homogeneous": false,
    "use_tom": true,
    "use_talk": true,
    "adaptive_tom": true,
    "gated_talk_tom": true,
    "diversity_preserving_gate": true
  },
  "team_mean_payoff": 1.15
}