{
  "perspective_diversity": 0.07915928760599963,
  "cooperation_payoff": 2.604,
  "cooperation_payoff_ci": [
    2.5380000000000003,
    2.6640000000000006
  ],
  "equilibrium_convergence": 0.96,
  "tom_prediction_accuracy": 0.6516666666666666,
  "tom_prediction_accuracy_ci": [
    0.6258125000000001,
    0.6766666666666666
  ],
  "n_episodes": 20,
  "action_dist_agent1": [
    0.78,
    0.22
  ],
  "per_episode_payoffs": [
    2.52,
    2.4400000000000004,
    2.64,
    2.6000000000000005,
    2.68,
    2.72,
    2.56,
    2.7199999999999998,
    2.6,
    2.9200000000000004,
    2.4400000000000004,
    2.6800000000000006,
    2.2399999999999998,
    2.5200000000000005,
    2.64,
    2.6799999999999997,
    2.4400000000000004,
    2.56,
    2.76,
    2.72
  ],
  "gate_trust_rate": 0.9575,
  "gated_prediction_accuracy": 0.815,
  "signal_accuracy": 0.8525,
  "tom_belief_accuracy_in_gated": 0.6516666666666666,
  "dp_conflict_rate": 0.3075,
  "dp_intervention_rate": 0.3075,
  "cell": "het_dp_gated_atom_talk",
  "wall_time_s": 2703.4490571022034,
  "config": {
    "game": "public_goods",
    "n_agents": 4,
    "horizon": 5,
    "memory": 2,
    "models_homo": "Qwen/Qwen2.5-7B-Instruct",
    "temp_homo": 0.7,
    "tom_order": 1,
    "seed": 53,
    "cell_name": "het_dp_gated_atom_talk",
    "gate_trust_threshold": 0.6,
    "gate_ema_alpha": 0.3,
    "atom_warmup": 3,
    "homogeneous": false,
    "use_tom": true,
    "use_talk": true,
    "adaptive_tom": true,
    "gated_talk_tom": true,
    "diversity_preserving_gate": true
  },
  "team_mean_payoff": 2.5189999999999997
}