{
  "perspective_diversity": 0.0003555766277607512,
  "cooperation_payoff": 2.206666666666666,
  "cooperation_payoff_ci": [
    1.9733333333333334,
    2.4268333333333323
  ],
  "equilibrium_convergence": 0.5733333333333334,
  "tom_prediction_accuracy": 0.48333333333333334,
  "tom_prediction_accuracy_ci": [
    0.4265833333333335,
    0.5366666666666666
  ],
  "n_episodes": 30,
  "action_dist_agent1": [
    0.49333333333333335,
    0.5066666666666667
  ],
  "per_episode_payoffs": [
    1.2,
    2.2,
    1.8,
    1.4,
    2.2,
    1.6,
    1.6,
    1.2,
    1.4,
    2.0,
    2.4,
    2.4,
    1.6,
    2.6,
    1.8,
    2.8,
    2.8,
    3.0,
    1.0,
    2.2,
    2.0,
    2.6,
    2.2,
    2.6,
    3.2,
    2.8,
    2.8,
    2.6,
    3.0,
    3.2
  ],
  "gate_trust_rate": 0.7066666666666667,
  "gated_prediction_accuracy": 0.5166666666666667,
  "signal_accuracy": 0.49666666666666665,
  "tom_belief_accuracy_in_gated": 0.48333333333333334,
  "dp_conflict_rate": 0.4066666666666667,
  "dp_intervention_rate": 0.4066666666666667,
  "cell": "hom_gated_atom_talk",
  "wall_time_s": 443.60327410697937,
  "config": {
    "game": "chicken",
    "n_agents": 2,
    "horizon": 5,
    "memory": 2,
    "models_homo": "Qwen/Qwen2.5-7B-Instruct",
    "temp_homo": 0.7,
    "tom_order": 1,
    "seed": 44,
    "cell_name": "hom_gated_atom_talk",
    "gate_trust_threshold": 0.6,
    "gate_ema_alpha": 0.3,
    "atom_warmup": 3,
    "homogeneous": true,
    "use_tom": true,
    "use_talk": true,
    "adaptive_tom": true,
    "gated_talk_tom": true,
    "diversity_preserving_gate": false
  },
  "team_mean_payoff": 2.1799999999999997
}