{
  "perspective_diversity": 0.11591323433312305,
  "cooperation_payoff": 2.570666666666667,
  "cooperation_payoff_ci": [
    2.524,
    2.6187
  ],
  "equilibrium_convergence": 0.9466666666666667,
  "tom_prediction_accuracy": 0.6733333333333333,
  "tom_prediction_accuracy_ci": [
    0.62,
    0.7266666666666667
  ],
  "n_episodes": 30,
  "action_dist_agent1": [
    0.6666666666666666,
    0.3333333333333333
  ],
  "per_episode_payoffs": [
    2.4800000000000004,
    2.4400000000000004,
    2.2800000000000002,
    2.52,
    2.56,
    2.72,
    2.6399999999999997,
    2.6799999999999997,
    2.48,
    2.52,
    2.6,
    2.6799999999999997,
    2.7199999999999998,
    2.7199999999999998,
    2.4400000000000004,
    2.6399999999999997,
    2.56,
    2.6399999999999997,
    2.4400000000000004,
    2.6399999999999997,
    2.4,
    2.2800000000000002,
    2.5600000000000005,
    2.7199999999999998,
    2.8400000000000003,
    2.5200000000000005,
    2.4799999999999995,
    2.7199999999999998,
    2.5200000000000005,
    2.6800000000000006
  ],
  "gate_trust_rate": 0.9366666666666666,
  "gated_prediction_accuracy": 0.8,
  "signal_accuracy": 0.83,
  "tom_belief_accuracy_in_gated": 0.6733333333333333,
  "dp_conflict_rate": 0.3433333333333333,
  "dp_intervention_rate": 0.3433333333333333,
  "cell": "het_3arm",
  "gsaca_detected_structure": "coord",
  "gsaca_oracle_structure": "coord",
  "gsaca_detection_correct": true,
  "gsaca_split_score": -0.1750000000000007,
  "gsaca_warmup_episodes": 5,
  "gsaca_n_observations": 25,
  "gsaca_3arm_selected": "NoToM",
  "gsaca_3arm_tau": 0.6,
  "wall_time_s": 769.2711262702942,
  "config": {
    "game": "public_goods",
    "n_agents": 4,
    "horizon": 5,
    "memory": 2,
    "models_homo": "Qwen/Qwen2.5-7B-Instruct",
    "temp_homo": 0.7,
    "tom_order": 1,
    "seed": 43,
    "cell_name": "het_3arm",
    "gate_trust_threshold": 0.6,
    "gate_ema_alpha": 0.3,
    "atom_warmup": 3,
    "homogeneous": false,
    "use_tom": true,
    "use_talk": true,
    "adaptive_tom": true,
    "gated_talk_tom": true,
    "diversity_preserving_gate": true
  },
  "team_mean_payoff": 2.464
}