{
  "perspective_diversity": 0.15602446722571806,
  "cooperation_payoff": 1.7466666666666668,
  "cooperation_payoff_ci": [
    1.4533333333333334,
    2.033333333333333
  ],
  "equilibrium_convergence": 0.92,
  "tom_prediction_accuracy": 0.6133333333333333,
  "tom_prediction_accuracy_ci": [
    0.5566666666666666,
    0.67
  ],
  "n_episodes": 30,
  "action_dist_agent1": [
    0.4533333333333333,
    0.5466666666666666
  ],
  "per_episode_payoffs": [
    1.4,
    2.4,
    2.8,
    1.2,
    2.8,
    0.6,
    2.8,
    2.0,
    2.6,
    0.2,
    2.4,
    1.2,
    2.8,
    1.6,
    0.4,
    1.8,
    1.4,
    2.8,
    2.0,
    0.6,
    1.2,
    1.6,
    2.8,
    2.0,
    2.0,
    1.2,
    0.2,
    1.8,
    2.2,
    1.6
  ],
  "gate_trust_rate": 0.87,
  "gated_prediction_accuracy": 0.63,
  "signal_accuracy": 0.6266666666666667,
  "tom_belief_accuracy_in_gated": 0.6133333333333333,
  "dp_conflict_rate": 0.34,
  "dp_intervention_rate": 0.34,
  "cell": "het_role_asym",
  "wall_time_s": 606.0903191566467,
  "config": {
    "game": "hawk_dove",
    "n_agents": 2,
    "horizon": 5,
    "memory": 2,
    "models_homo": "Qwen/Qwen2.5-7B-Instruct",
    "temp_homo": 0.7,
    "tom_order": 1,
    "seed": 45,
    "cell_name": "het_role_asym",
    "gate_trust_threshold": 0.6,
    "gate_ema_alpha": 0.3,
    "atom_warmup": 3,
    "homogeneous": false,
    "use_tom": true,
    "use_talk": true,
    "adaptive_tom": true,
    "gated_talk_tom": true,
    "diversity_preserving_gate": true,
    "role_asymmetric_hint": true
  },
  "team_mean_payoff": 1.346666666666667
}