{
  "perspective_diversity": 0.4746294414373591,
  "cooperation_payoff": 3.2933333333333326,
  "cooperation_payoff_ci": [
    2.906666666666666,
    3.686666666666666
  ],
  "equilibrium_convergence": 0.9333333333333333,
  "tom_prediction_accuracy": 0.6733333333333333,
  "tom_prediction_accuracy_ci": [
    0.62,
    0.7266666666666667
  ],
  "n_episodes": 30,
  "action_dist_agent1": [
    0.2733333333333333,
    0.7266666666666667
  ],
  "per_episode_payoffs": [
    3.2,
    3.2,
    4.6,
    4.6,
    3.2,
    1.6,
    2.6,
    4.2,
    3.2,
    4.6,
    2.6,
    2.2,
    3.6,
    3.6,
    3.6,
    1.8,
    5.0,
    4.6,
    4.6,
    2.8,
    4.6,
    2.6,
    2.6,
    2.8,
    0.8,
    4.6,
    2.6,
    1.8,
    2.4,
    4.6
  ],
  "gate_trust_rate": 0.9166666666666666,
  "gated_prediction_accuracy": 0.6933333333333334,
  "signal_accuracy": 0.6833333333333333,
  "tom_belief_accuracy_in_gated": 0.6733333333333333,
  "dp_conflict_rate": 0.2633333333333333,
  "dp_intervention_rate": 0.2633333333333333,
  "cell": "het_dp_gated_atom_talk",
  "wall_time_s": 471.22215270996094,
  "config": {
    "game": "chicken",
    "n_agents": 2,
    "horizon": 5,
    "memory": 2,
    "models_homo": "Qwen/Qwen2.5-7B-Instruct",
    "temp_homo": 0.7,
    "tom_order": 1,
    "seed": 56,
    "cell_name": "het_dp_gated_atom_talk",
    "gate_trust_threshold": 0.6,
    "gate_ema_alpha": 0.3,
    "atom_warmup": 3,
    "homogeneous": false,
    "use_tom": true,
    "use_talk": true,
    "adaptive_tom": true,
    "gated_talk_tom": true,
    "diversity_preserving_gate": true
  },
  "team_mean_payoff": 2.36
}