{
  "perspective_diversity": 0.07660983189872153,
  "cooperation_payoff": 1.2403524553328096,
  "cooperation_payoff_ci": [
    0.896040906448828,
    1.5715909229341458
  ],
  "equilibrium_convergence": 0.9066666666666667,
  "tom_prediction_accuracy": 0.5866666666666667,
  "tom_prediction_accuracy_ci": [
    0.53,
    0.64
  ],
  "n_episodes": 30,
  "action_dist_agent1": [
    0.43333333333333335,
    0.5666666666666667
  ],
  "per_episode_payoffs": [
    0.6207129284633639,
    1.4604971652090104,
    2.287133802111234,
    0.745204004553578,
    -0.4998349650193587,
    0.3188932816552866,
    2.0179184617043098,
    2.608817504477583,
    1.549932826778528,
    0.561194423942114,
    0.8850016590600897,
    2.853678430906932,
    -0.09663330720423606,
    2.374780101711597,
    1.255796206708799,
    1.0436006700339182,
    1.7544479361678385,
    0.6508182147303934,
    2.269143866995621,
    0.22027551367662226,
    -0.4256242590243363,
    1.6489036225146463,
    2.195090359259345,
    1.8830702968668143,
    2.3368351733740615,
    0.6206341402727162,
    0.8436738142900164,
    -0.5127171169304422,
    1.8681439370817305,
    1.8711849656165058
  ],
  "gate_trust_rate": 0.8166666666666667,
  "gated_prediction_accuracy": 0.6466666666666666,
  "signal_accuracy": 0.6766666666666666,
  "tom_belief_accuracy_in_gated": 0.5866666666666667,
  "dp_conflict_rate": 0.45666666666666667,
  "dp_intervention_rate": 0.45666666666666667,
  "cell": "het_gsaca",
  "gsaca_detected_structure": "anti_coord",
  "gsaca_oracle_structure": "anti_coord",
  "gsaca_detection_correct": true,
  "gsaca_split_score": 0.9732170000890277,
  "gsaca_warmup_episodes": 5,
  "gsaca_n_observations": 25,
  "wall_time_s": 420.43535804748535,
  "config": {
    "game": "hawk_dove",
    "n_agents": 2,
    "horizon": 5,
    "memory": 2,
    "models_homo": "Qwen/Qwen2.5-7B-Instruct",
    "temp_homo": 0.7,
    "tom_order": 1,
    "seed": 42,
    "cell_name": "het_gsaca",
    "gate_trust_threshold": 0.6,
    "gate_ema_alpha": 0.3,
    "atom_warmup": 3,
    "homogeneous": false,
    "use_tom": true,
    "use_talk": true,
    "adaptive_tom": true,
    "gated_talk_tom": true,
    "diversity_preserving_gate": true
  },
  "team_mean_payoff": 1.0063695694929282
}