{
  "perspective_diversity": 0.08066175038670784,
  "cooperation_payoff": 1.74,
  "cooperation_payoff_ci": [
    1.5133333333333332,
    1.966666666666667
  ],
  "equilibrium_convergence": 0.9333333333333333,
  "tom_prediction_accuracy": 0.59,
  "tom_prediction_accuracy_ci": [
    0.5333333333333333,
    0.6433333333333333
  ],
  "n_episodes": 30,
  "action_dist_agent1": [
    0.7533333333333333,
    0.24666666666666667
  ],
  "per_episode_payoffs": [
    0.6,
    2.2,
    2.6,
    1.6,
    0.6,
    1.6,
    1.6,
    2.2,
    1.0,
    1.6,
    1.0,
    1.6,
    1.6,
    1.4,
    1.8,
    1.8,
    1.8,
    2.8,
    1.0,
    2.4,
    1.6,
    1.6,
    1.0,
    3.0,
    1.6,
    1.6,
    2.2,
    2.8,
    1.0,
    3.0
  ],
  "gate_trust_rate": 0.9966666666666667,
  "gated_prediction_accuracy": 0.7866666666666666,
  "signal_accuracy": 0.79,
  "tom_belief_accuracy_in_gated": 0.59,
  "dp_conflict_rate": 0.35333333333333333,
  "dp_intervention_rate": 0.35333333333333333,
  "cell": "het_dp_gated_atom_talk",
  "wall_time_s": 522.0990924835205,
  "config": {
    "game": "battle_of_the_sexes",
    "n_agents": 2,
    "horizon": 5,
    "memory": 2,
    "models_homo": "Qwen/Qwen2.5-7B-Instruct",
    "temp_homo": 0.7,
    "tom_order": 1,
    "seed": 44,
    "cell_name": "het_dp_gated_atom_talk",
    "gate_trust_threshold": 0.3,
    "gate_ema_alpha": 0.3,
    "atom_warmup": 3,
    "homogeneous": false,
    "use_tom": true,
    "use_talk": true,
    "adaptive_tom": true,
    "gated_talk_tom": true,
    "diversity_preserving_gate": true
  },
  "team_mean_payoff": 1.5833333333333333
}