{
  "perspective_diversity": 0.043393849791146334,
  "cooperation_payoff": 2.5520000000000005,
  "cooperation_payoff_ci": [
    2.51995,
    2.582
  ],
  "equilibrium_convergence": 0.92,
  "tom_prediction_accuracy": 0.8091666666666667,
  "tom_prediction_accuracy_ci": [
    0.7858125000000001,
    0.83
  ],
  "n_episodes": 20,
  "action_dist_agent1": [
    0.96,
    0.04
  ],
  "per_episode_payoffs": [
    2.4400000000000004,
    2.72,
    2.48,
    2.5200000000000005,
    2.4400000000000004,
    2.6,
    2.6,
    2.52,
    2.6,
    2.44,
    2.5200000000000005,
    2.6,
    2.6,
    2.6,
    2.6,
    2.6,
    2.52,
    2.52,
    2.52,
    2.6
  ],
  "gate_trust_rate": 0.85,
  "gated_prediction_accuracy": 0.6611111111111111,
  "signal_accuracy": 0.7333333333333333,
  "tom_belief_accuracy_in_gated": 0.6333333333333333,
  "dp_conflict_rate": 0.3888888888888889,
  "dp_intervention_rate": 0.3888888888888889,
  "cell": "het_gsaca",
  "gsaca_detected_structure": "coord",
  "gsaca_oracle_structure": "coord",
  "gsaca_detection_correct": true,
  "gsaca_split_score": -0.19999999999999973,
  "gsaca_warmup_episodes": 3,
  "gsaca_n_observations": 15,
  "wall_time_s": 2757.5771362781525,
  "config": {
    "game": "public_goods",
    "n_agents": 4,
    "horizon": 5,
    "memory": 2,
    "models_homo": "Qwen/Qwen2.5-7B-Instruct",
    "temp_homo": 0.7,
    "tom_order": 1,
    "seed": 53,
    "cell_name": "het_gsaca",
    "gate_trust_threshold": 0.6,
    "gate_ema_alpha": 0.3,
    "atom_warmup": 3,
    "homogeneous": false,
    "use_tom": true,
    "use_talk": true,
    "adaptive_tom": true,
    "gated_talk_tom": true,
    "diversity_preserving_gate": true
  },
  "team_mean_payoff": 2.567
}