{
  "perspective_diversity": 0.2196286751518731,
  "cooperation_payoff": 1.5533333333333335,
  "cooperation_payoff_ci": [
    1.2933333333333332,
    1.8399999999999999
  ],
  "equilibrium_convergence": 0.9333333333333333,
  "tom_prediction_accuracy": 0.6166666666666667,
  "tom_prediction_accuracy_ci": [
    0.56,
    0.67
  ],
  "n_episodes": 30,
  "action_dist_agent1": [
    0.31333333333333335,
    0.6866666666666666
  ],
  "per_episode_payoffs": [
    0.8,
    2.2,
    0.8,
    3.0,
    3.0,
    2.2,
    1.4,
    2.2,
    1.8,
    2.2,
    1.0,
    0.6,
    1.4,
    1.0,
    1.4,
    1.6,
    1.4,
    1.4,
    3.0,
    1.6,
    1.4,
    1.4,
    0.2,
    2.2,
    1.6,
    2.8,
    0.2,
    0.8,
    1.0,
    1.0
  ],
  "gate_trust_rate": 0.8166666666666667,
  "gated_prediction_accuracy": 0.59,
  "signal_accuracy": 0.54,
  "tom_belief_accuracy_in_gated": 0.6166666666666667,
  "dp_conflict_rate": 0.31666666666666665,
  "dp_intervention_rate": 0.31666666666666665,
  "cell": "het_gated_atom_talk",
  "wall_time_s": 500.04703664779663,
  "config": {
    "game": "hawk_dove",
    "n_agents": 2,
    "horizon": 5,
    "memory": 2,
    "models_homo": "Qwen/Qwen2.5-7B-Instruct",
    "temp_homo": 0.7,
    "tom_order": 1,
    "seed": 57,
    "cell_name": "het_gated_atom_talk",
    "gate_trust_threshold": 0.6,
    "gate_ema_alpha": 0.3,
    "atom_warmup": 3,
    "homogeneous": false,
    "use_tom": true,
    "use_talk": true,
    "adaptive_tom": true,
    "gated_talk_tom": true,
    "diversity_preserving_gate": false
  },
  "team_mean_payoff": 1.0633333333333335
}