{
  "perspective_diversity": 0.0003879539383986816,
  "cooperation_payoff": 2.0799999999999996,
  "cooperation_payoff_ci": [
    1.7731666666666666,
    2.3666666666666663
  ],
  "equilibrium_convergence": 0.9199999999999999,
  "tom_prediction_accuracy": 0.72,
  "tom_prediction_accuracy_ci": [
    0.67,
    0.7666666666666667
  ],
  "n_episodes": 30,
  "action_dist_agent1": [
    0.6533333333333333,
    0.3466666666666667
  ],
  "per_episode_payoffs": [
    2.8,
    2.6,
    2.2,
    2.8,
    2.8,
    1.2,
    1.8,
    1.6,
    2.8,
    1.2,
    1.8,
    0.4,
    0.4,
    2.8,
    2.8,
    2.8,
    1.4,
    0.8,
    2.6,
    1.2,
    2.8,
    2.4,
    1.0,
    2.6,
    2.8,
    2.4,
    3.0,
    2.8,
    2.8,
    1.0
  ],
  "gate_trust_rate": 0.9366666666666666,
  "gated_prediction_accuracy": 0.84,
  "signal_accuracy": 0.8033333333333333,
  "tom_belief_accuracy_in_gated": 0.72,
  "dp_conflict_rate": 0.27666666666666667,
  "dp_intervention_rate": 0.27666666666666667,
  "cell": "het_gated_atom_talk",
  "wall_time_s": 511.58783411979675,
  "config": {
    "game": "battle_of_the_sexes",
    "n_agents": 2,
    "horizon": 5,
    "memory": 2,
    "models_homo": "Qwen/Qwen2.5-7B-Instruct",
    "temp_homo": 0.7,
    "tom_order": 1,
    "seed": 48,
    "cell_name": "het_gated_atom_talk",
    "gate_trust_threshold": 0.6,
    "gate_ema_alpha": 0.3,
    "atom_warmup": 3,
    "homogeneous": false,
    "use_tom": true,
    "use_talk": true,
    "adaptive_tom": true,
    "gated_talk_tom": true,
    "diversity_preserving_gate": false
  },
  "team_mean_payoff": 1.9333333333333333
}