{
  "perspective_diversity": 0.31424897437410676,
  "cooperation_payoff": 3.1333333333333324,
  "cooperation_payoff_ci": [
    2.7066666666666666,
    3.5599999999999996
  ],
  "equilibrium_convergence": 0.9866666666666667,
  "tom_prediction_accuracy": 0.6533333333333333,
  "tom_prediction_accuracy_ci": [
    0.6,
    0.7066666666666667
  ],
  "n_episodes": 30,
  "action_dist_agent1": [
    0.3,
    0.7
  ],
  "per_episode_payoffs": [
    4.6,
    3.2,
    2.2,
    2.6,
    0.8,
    1.2,
    3.4,
    2.6,
    4.6,
    4.6,
    2.6,
    4.2,
    2.2,
    1.6,
    4.6,
    1.6,
    3.6,
    4.6,
    3.2,
    3.6,
    2.2,
    2.8,
    3.6,
    4.6,
    1.6,
    4.6,
    3.6,
    4.6,
    1.8,
    3.0
  ],
  "gate_trust_rate": 0.9,
  "gated_prediction_accuracy": 0.6566666666666666,
  "signal_accuracy": 0.6833333333333333,
  "tom_belief_accuracy_in_gated": 0.6533333333333333,
  "dp_conflict_rate": 0.27666666666666667,
  "dp_intervention_rate": 0.27666666666666667,
  "cell": "het_dp_gated_atom_talk",
  "wall_time_s": 521.7465810775757,
  "config": {
    "game": "chicken",
    "n_agents": 2,
    "horizon": 5,
    "memory": 2,
    "models_homo": "Qwen/Qwen2.5-7B-Instruct",
    "temp_homo": 0.7,
    "tom_order": 1,
    "seed": 54,
    "cell_name": "het_dp_gated_atom_talk",
    "gate_trust_threshold": 0.6,
    "gate_ema_alpha": 0.3,
    "atom_warmup": 3,
    "homogeneous": false,
    "use_tom": true,
    "use_talk": true,
    "adaptive_tom": true,
    "gated_talk_tom": true,
    "diversity_preserving_gate": true
  },
  "team_mean_payoff": 2.36
}