{
  "perspective_diversity": 0.19297164940908668,
  "cooperation_payoff": 2.816842894333072,
  "cooperation_payoff_ci": [
    2.3815259706296685,
    3.2715906520684683
  ],
  "equilibrium_convergence": 0.96,
  "tom_prediction_accuracy": 0.62,
  "tom_prediction_accuracy_ci": [
    0.5633333333333334,
    0.6733333333333333
  ],
  "n_episodes": 30,
  "action_dist_agent1": [
    0.32666666666666666,
    0.6733333333333333
  ],
  "per_episode_payoffs": [
    3.810356464231681,
    1.0302485826045051,
    3.843566901055617,
    1.1726020022767891,
    1.1500825174903206,
    3.6594466408276434,
    4.308959230852155,
    1.1044087522387915,
    2.674966413389264,
    1.480597211971057,
    2.4425008295300445,
    1.6268392154534657,
    2.551683346397882,
    3.787390050855799,
    2.6278981033543993,
    1.2218003350169588,
    3.477223968083919,
    1.5254091073651967,
    4.434571933497811,
    1.910137756838311,
    4.2871878704878315,
    3.7244518112573233,
    2.1975451796296723,
    4.241535148433408,
    4.768417586687031,
    4.610317070136358,
    4.321836907145008,
    1.643641441534779,
    1.3340719685408655,
    3.535592482808253
  ],
  "gate_trust_rate": 0.9233333333333333,
  "gated_prediction_accuracy": 0.68,
  "signal_accuracy": 0.6966666666666667,
  "tom_belief_accuracy_in_gated": 0.62,
  "dp_conflict_rate": 0.30333333333333334,
  "dp_intervention_rate": 0.30333333333333334,
  "cell": "het_gsaca",
  "gsaca_detected_structure": "anti_coord",
  "gsaca_oracle_structure": "anti_coord",
  "gsaca_detection_correct": true,
  "gsaca_split_score": 2.005299345243931,
  "gsaca_warmup_episodes": 5,
  "gsaca_n_observations": 25,
  "wall_time_s": 475.2664623260498,
  "config": {
    "game": "chicken",
    "n_agents": 2,
    "horizon": 5,
    "memory": 2,
    "models_homo": "Qwen/Qwen2.5-7B-Instruct",
    "temp_homo": 0.7,
    "tom_order": 1,
    "seed": 46,
    "cell_name": "het_gsaca",
    "gate_trust_threshold": 0.6,
    "gate_ema_alpha": 0.3,
    "atom_warmup": 3,
    "homogeneous": false,
    "use_tom": true,
    "use_talk": true,
    "adaptive_tom": true,
    "gated_talk_tom": true,
    "diversity_preserving_gate": true
  },
  "team_mean_payoff": 2.231518118079798
}