{
  "perspective_diversity": 0.04872750339242475,
  "cooperation_payoff": 1.7866666666666666,
  "cooperation_payoff_ci": [
    1.5533333333333335,
    2.026666666666667
  ],
  "equilibrium_convergence": 0.92,
  "tom_prediction_accuracy": 0.72,
  "tom_prediction_accuracy_ci": [
    0.67,
    0.77
  ],
  "n_episodes": 30,
  "action_dist_agent1": [
    0.6666666666666666,
    0.3333333333333333
  ],
  "per_episode_payoffs": [
    2.8,
    0.2,
    0.8,
    1.4,
    2.2,
    2.0,
    2.2,
    2.2,
    2.0,
    1.2,
    1.6,
    0.6,
    3.0,
    2.0,
    2.2,
    2.2,
    2.0,
    2.4,
    2.0,
    2.0,
    1.6,
    2.0,
    1.6,
    0.8,
    0.6,
    1.8,
    2.4,
    2.2,
    1.4,
    2.2
  ],
  "gate_trust_rate": 0.8966666666666666,
  "gated_prediction_accuracy": 0.7166666666666667,
  "signal_accuracy": 0.7266666666666667,
  "tom_belief_accuracy_in_gated": 0.72,
  "dp_conflict_rate": 0.25333333333333335,
  "dp_intervention_rate": 0.25333333333333335,
  "cell": "hom_gsaca",
  "gsaca_detected_structure": "anti_coord",
  "gsaca_oracle_structure": "anti_coord",
  "gsaca_detection_correct": true,
  "gsaca_split_score": 0.3571428571428572,
  "gsaca_warmup_episodes": 5,
  "gsaca_n_observations": 25,
  "wall_time_s": 684.4443290233612,
  "config": {
    "game": "hawk_dove",
    "n_agents": 2,
    "horizon": 5,
    "memory": 2,
    "models_homo": "THUDM/GLM-4-9B-0414",
    "temp_homo": 0.7,
    "tom_order": 1,
    "seed": 46,
    "cell_name": "hom_gsaca",
    "gate_trust_threshold": 0.6,
    "gate_ema_alpha": 0.3,
    "atom_warmup": 3,
    "homogeneous": true,
    "use_tom": true,
    "use_talk": true,
    "adaptive_tom": true,
    "gated_talk_tom": true,
    "diversity_preserving_gate": true
  },
  "team_mean_payoff": 1.5866666666666667
}