{
  "perspective_diversity": 0.011023480675687758,
  "cooperation_payoff": 1.8000000000000003,
  "cooperation_payoff_ci": [
    1.6133333333333335,
    1.9533333333333331
  ],
  "equilibrium_convergence": 0.9733333333333334,
  "tom_prediction_accuracy": 0.8933333333333333,
  "tom_prediction_accuracy_ci": [
    0.8566666666666667,
    0.9266666666666666
  ],
  "n_episodes": 30,
  "action_dist_agent1": [
    0.9466666666666667,
    0.05333333333333334
  ],
  "per_episode_payoffs": [
    2.0,
    2.0,
    1.2,
    2.0,
    2.0,
    0.6,
    1.4,
    2.0,
    2.0,
    2.0,
    2.0,
    2.0,
    2.0,
    1.4,
    2.0,
    2.0,
    2.0,
    2.0,
    2.0,
    2.0,
    1.6,
    2.0,
    2.0,
    2.0,
    2.2,
    2.0,
    2.0,
    2.0,
    1.6,
    0.0
  ],
  "gate_trust_rate": 0.9733333333333334,
  "gated_prediction_accuracy": 0.92,
  "signal_accuracy": 0.9266666666666666,
  "tom_belief_accuracy_in_gated": 0.8933333333333333,
  "dp_conflict_rate": 0.14666666666666667,
  "dp_intervention_rate": 0.14666666666666667,
  "cell": "hom_gated_atom_talk",
  "wall_time_s": 1085.4484839439392,
  "config": {
    "game": "hawk_dove",
    "n_agents": 2,
    "horizon": 5,
    "memory": 2,
    "models_homo": "THUDM/GLM-4-9B-0414",
    "temp_homo": 0.7,
    "tom_order": 1,
    "seed": 43,
    "cell_name": "hom_gated_atom_talk",
    "gate_trust_threshold": 0.6,
    "gate_ema_alpha": 0.3,
    "atom_warmup": 3,
    "homogeneous": true,
    "use_tom": true,
    "use_talk": true,
    "adaptive_tom": true,
    "gated_talk_tom": true,
    "diversity_preserving_gate": false
  },
  "team_mean_payoff": 1.8599999999999999
}