{
  "perspective_diversity": 0.14615566370061167,
  "cooperation_payoff": 0.013333333333333326,
  "cooperation_payoff_ci": [
    -0.13333333333333333,
    0.16
  ],
  "equilibrium_convergence": 0.9333333333333333,
  "tom_prediction_accuracy": 0.5333333333333333,
  "tom_prediction_accuracy_ci": [
    0.47333333333333333,
    0.59
  ],
  "n_episodes": 30,
  "action_dist_agent1": [
    0.2733333333333333,
    0.7266666666666667
  ],
  "per_episode_payoffs": [
    -0.6,
    -0.2,
    -0.6,
    0.2,
    0.6,
    -0.2,
    -0.2,
    0.6,
    0.2,
    -0.2,
    0.6,
    -0.6,
    0.2,
    0.2,
    0.6,
    0.2,
    0.6,
    -0.2,
    -0.6,
    -0.2,
    0.6,
    0.2,
    0.2,
    -0.2,
    -0.6,
    -0.2,
    0.2,
    -0.6,
    -0.2,
    0.6
  ],
  "gate_trust_rate": 0.6633333333333333,
  "gated_prediction_accuracy": 0.48333333333333334,
  "signal_accuracy": 0.49333333333333335,
  "tom_belief_accuracy_in_gated": 0.5333333333333333,
  "dp_conflict_rate": 0.52,
  "dp_intervention_rate": 0.52,
  "cell": "het_gated_atom_talk",
  "wall_time_s": 470.50737500190735,
  "config": {
    "game": "matching_pennies",
    "n_agents": 2,
    "horizon": 5,
    "memory": 2,
    "models_homo": "Qwen/Qwen2.5-7B-Instruct",
    "temp_homo": 0.7,
    "tom_order": 1,
    "seed": 44,
    "cell_name": "het_gated_atom_talk",
    "gate_trust_threshold": 0.6,
    "gate_ema_alpha": 0.3,
    "atom_warmup": 3,
    "homogeneous": false,
    "use_tom": true,
    "use_talk": true,
    "adaptive_tom": true,
    "gated_talk_tom": true,
    "diversity_preserving_gate": false
  },
  "team_mean_payoff": 0.0
}