{
  "perspective_diversity": 0.07934699302894535,
  "cooperation_payoff": 2.5773333333333337,
  "cooperation_payoff_ci": [
    2.5373333333333337,
    2.6173333333333333
  ],
  "equilibrium_convergence": 0.9066666666666667,
  "tom_prediction_accuracy": 0.61,
  "tom_prediction_accuracy_ci": [
    0.5533333333333333,
    0.6666666666666666
  ],
  "n_episodes": 30,
  "action_dist_agent1": [
    0.6866666666666666,
    0.31333333333333335
  ],
  "per_episode_payoffs": [
    2.7199999999999998,
    2.6399999999999997,
    2.2800000000000002,
    2.6399999999999997,
    2.6,
    2.5200000000000005,
    2.6399999999999997,
    2.56,
    2.4799999999999995,
    2.56,
    2.7600000000000002,
    2.4,
    2.52,
    2.48,
    2.6399999999999997,
    2.56,
    2.6,
    2.5200000000000005,
    2.44,
    2.6399999999999997,
    2.4400000000000004,
    2.6800000000000006,
    2.6800000000000006,
    2.5200000000000005,
    2.72,
    2.56,
    2.6,
    2.6399999999999997,
    2.7199999999999998,
    2.56
  ],
  "gate_trust_rate": 0.94,
  "gated_prediction_accuracy": 0.77,
  "signal_accuracy": 0.83,
  "tom_belief_accuracy_in_gated": 0.61,
  "dp_conflict_rate": 0.3,
  "dp_intervention_rate": 0.3,
  "cell": "het_3arm",
  "gsaca_detected_structure": "coord",
  "gsaca_oracle_structure": "coord",
  "gsaca_detection_correct": true,
  "gsaca_split_score": -0.17500000000000027,
  "gsaca_warmup_episodes": 5,
  "gsaca_n_observations": 25,
  "gsaca_3arm_selected": "NoToM",
  "gsaca_3arm_tau": 0.2,
  "wall_time_s": 765.6345574855804,
  "config": {
    "game": "public_goods",
    "n_agents": 4,
    "horizon": 5,
    "memory": 2,
    "models_homo": "Qwen/Qwen2.5-7B-Instruct",
    "temp_homo": 0.7,
    "tom_order": 1,
    "seed": 43,
    "cell_name": "het_3arm",
    "gate_trust_threshold": 0.6,
    "gate_ema_alpha": 0.3,
    "atom_warmup": 3,
    "homogeneous": false,
    "use_tom": true,
    "use_talk": true,
    "adaptive_tom": true,
    "gated_talk_tom": true,
    "diversity_preserving_gate": true
  },
  "team_mean_payoff": 2.4740000000000006
}