{
  "perspective_diversity": 0.1676932164512927,
  "cooperation_payoff": 2.1136857886661424,
  "cooperation_payoff_ci": [
    1.8263972497063898,
    2.396975549274418
  ],
  "equilibrium_convergence": 0.9333333333333333,
  "tom_prediction_accuracy": 0.7166666666666667,
  "tom_prediction_accuracy_ci": [
    0.6666666666666666,
    0.7666666666666667
  ],
  "n_episodes": 30,
  "action_dist_agent1": [
    0.32666666666666666,
    0.6733333333333333
  ],
  "per_episode_payoffs": [
    3.6207129284633637,
    2.6604971652090104,
    3.0871338021112336,
    1.145204004553578,
    1.7001650349806412,
    0.9188932816552866,
    2.81791846170431,
    1.608817504477583,
    2.549932826778528,
    2.5611944239421143,
    0.8850016590600897,
    3.053678430906932,
    1.103366692795764,
    2.1747801017115966,
    1.8557962067087992,
    1.843600670033918,
    2.3544479361678383,
    3.8508182147303933,
    1.4691438669956214,
    2.020275513676622,
    2.9743757409756637,
    2.648903622514646,
    1.7950903592593448,
    1.0830702968668138,
    1.5368351733740613,
    2.0206341402727164,
    3.0436738142900164,
    1.0872828830695578,
    1.6681439370817306,
    2.2711849656165057
  ],
  "gate_trust_rate": 0.96,
  "gated_prediction_accuracy": 0.7,
  "signal_accuracy": 0.74,
  "tom_belief_accuracy_in_gated": 0.62,
  "dp_conflict_rate": 0.2,
  "dp_intervention_rate": 0.2,
  "cell": "het_gsaca",
  "gsaca_detected_structure": "coord",
  "gsaca_oracle_structure": "anti_coord",
  "gsaca_detection_correct": false,
  "gsaca_split_score": -0.08799178897566406,
  "gsaca_warmup_episodes": 5,
  "gsaca_n_observations": 25,
  "wall_time_s": 530.7932178974152,
  "config": {
    "game": "deadlock",
    "n_agents": 2,
    "horizon": 5,
    "memory": 2,
    "models_homo": "Qwen/Qwen2.5-7B-Instruct",
    "temp_homo": 0.7,
    "tom_order": 1,
    "seed": 45,
    "cell_name": "het_gsaca",
    "gate_trust_threshold": 0.6,
    "gate_ema_alpha": 0.3,
    "atom_warmup": 3,
    "homogeneous": false,
    "use_tom": true,
    "use_talk": true,
    "adaptive_tom": true,
    "gated_talk_tom": true,
    "diversity_preserving_gate": true
  },
  "team_mean_payoff": 1.596369569492928
}