{
  "perspective_diversity": 0.18364054659164397,
  "cooperation_payoff": 1.6466666666666672,
  "cooperation_payoff_ci": [
    1.373333333333334,
    1.8933333333333335
  ],
  "equilibrium_convergence": 0.9066666666666667,
  "tom_prediction_accuracy": 0.5833333333333334,
  "tom_prediction_accuracy_ci": [
    0.5265833333333334,
    0.64
  ],
  "n_episodes": 30,
  "action_dist_agent1": [
    0.7933333333333333,
    0.20666666666666667
  ],
  "per_episode_payoffs": [
    2.4,
    2.8,
    2.8,
    2.8,
    0.6,
    1.6,
    1.0,
    0.6,
    1.0,
    2.2,
    1.6,
    2.2,
    1.6,
    1.2,
    1.8,
    2.2,
    2.2,
    2.6,
    1.0,
    2.2,
    0.6,
    1.0,
    1.6,
    1.6,
    2.2,
    2.2,
    1.6,
    1.6,
    0.6,
    0.0
  ],
  "gate_trust_rate": 0.98,
  "gated_prediction_accuracy": 0.7833333333333333,
  "signal_accuracy": 0.7833333333333333,
  "tom_belief_accuracy_in_gated": 0.5833333333333334,
  "dp_conflict_rate": 0.32,
  "dp_intervention_rate": 0.32,
  "cell": "het_dp_gated_atom_talk",
  "wall_time_s": 489.22517108917236,
  "config": {
    "game": "battle_of_the_sexes",
    "n_agents": 2,
    "horizon": 5,
    "memory": 2,
    "models_homo": "Qwen/Qwen2.5-7B-Instruct",
    "temp_homo": 0.7,
    "tom_order": 1,
    "seed": 42,
    "cell_name": "het_dp_gated_atom_talk",
    "gate_trust_threshold": 0.6,
    "gate_ema_alpha": 0.1,
    "atom_warmup": 3,
    "homogeneous": false,
    "use_tom": true,
    "use_talk": true,
    "adaptive_tom": true,
    "gated_talk_tom": true,
    "diversity_preserving_gate": true
  },
  "team_mean_payoff": 1.5
}