{
  "perspective_diversity": 0.5477037506618654,
  "cooperation_payoff": 1.2933333333333332,
  "cooperation_payoff_ci": [1.0733333333333337, 1.506666666666667],
  "equilibrium_convergence": 0.9866666666666667,
  "tom_prediction_accuracy": 0.5466666666666666,
  "tom_prediction_accuracy_ci": [0.4899166666666668, 0.6033333333333334],
  "n_episodes": 30,
  "action_dist_agent1": [0.8333333333333334, 0.16666666666666666],
  "per_episode_payoffs": [1.0,1.0,1.0,2.2,1.6,2.2,1.6,1.6,1.0,0.0,2.2,0.6,1.6,1.0,1.0,1.6,1.6,0.0,1.0,0.6,1.6,1.2,1.0,2.0,1.0,1.6,1.6,1.0,1.0,2.4],
  "cell": "het_tom",
  "wall_time_s": 105.97630953788757,
  "config": {"game":"stag_hunt","n_agents":null,"horizon":5,"memory":2,"models_homo":"Qwen/Qwen2.5-3B-Instruct","temp_homo":0.7,"tom_order":1,"seed":1,"homogeneous":false,"use_tom":true,"cell_name":"het_tom"}
}