{
  "perspective_diversity": 0.382511116852837,
  "cooperation_payoff": 3.0933333333333333,
  "cooperation_payoff_ci": [
    2.6666666666666665,
    3.5133333333333328
  ],
  "equilibrium_convergence": 0.9466666666666667,
  "tom_prediction_accuracy": 0.68,
  "tom_prediction_accuracy_ci": [
    0.6266666666666667,
    0.7333333333333333
  ],
  "n_episodes": 30,
  "action_dist_agent1": [
    0.25333333333333335,
    0.7466666666666667
  ],
  "per_episode_payoffs": [
    2.6,
    2.2,
    1.2,
    4.6,
    1.8,
    4.6,
    3.6,
    3.6,
    1.8,
    2.6,
    3.6,
    1.6,
    3.6,
    3.0,
    3.2,
    4.6,
    1.6,
    2.6,
    4.6,
    2.6,
    3.2,
    2.2,
    4.2,
    4.6,
    5.0,
    1.6,
    4.6,
    4.2,
    1.4,
    2.2
  ],
  "gate_trust_rate": 0.8966666666666666,
  "gated_prediction_accuracy": 0.7033333333333334,
  "signal_accuracy": 0.68,
  "tom_belief_accuracy_in_gated": 0.68,
  "dp_conflict_rate": 0.26666666666666666,
  "dp_intervention_rate": 0.26666666666666666,
  "cell": "het_dp_gated_atom_talk",
  "wall_time_s": 478.59776496887207,
  "config": {
    "game": "chicken",
    "n_agents": 2,
    "horizon": 5,
    "memory": 2,
    "models_homo": "Qwen/Qwen2.5-7B-Instruct",
    "temp_homo": 0.7,
    "tom_order": 1,
    "seed": 43,
    "cell_name": "het_dp_gated_atom_talk",
    "gate_trust_threshold": 0.6,
    "gate_ema_alpha": 0.3,
    "atom_warmup": 3,
    "homogeneous": false,
    "use_tom": true,
    "use_talk": true,
    "adaptive_tom": true,
    "gated_talk_tom": true,
    "diversity_preserving_gate": true
  },
  "team_mean_payoff": 2.24
}