{
  "perspective_diversity": 0.07978980718902982,
  "cooperation_payoff": 2.612,
  "cooperation_payoff_ci": [
    2.5580000000000003,
    2.664
  ],
  "equilibrium_convergence": 1.0,
  "tom_prediction_accuracy": 0.6408333333333334,
  "tom_prediction_accuracy_ci": [
    0.6141666666666666,
    0.6691666666666667
  ],
  "n_episodes": 20,
  "action_dist_agent1": [
    0.74,
    0.26
  ],
  "per_episode_payoffs": [
    2.6799999999999997,
    2.6,
    2.6799999999999997,
    2.6,
    2.6,
    2.6399999999999997,
    2.6,
    2.3600000000000003,
    2.6399999999999997,
    2.7199999999999998,
    2.56,
    2.8,
    2.6,
    2.8,
    2.4400000000000004,
    2.6,
    2.84,
    2.3600000000000003,
    2.4799999999999995,
    2.64
  ],
  "gate_trust_rate": 0.9291666666666667,
  "gated_prediction_accuracy": 0.785,
  "signal_accuracy": 0.8275,
  "tom_belief_accuracy_in_gated": 0.6408333333333334,
  "dp_conflict_rate": 0.335,
  "dp_intervention_rate": 0.335,
  "cell": "het_dp_gated_atom_talk",
  "wall_time_s": 2764.4128291606903,
  "config": {
    "game": "public_goods",
    "n_agents": 4,
    "horizon": 5,
    "memory": 2,
    "models_homo": "Qwen/Qwen2.5-7B-Instruct",
    "temp_homo": 0.7,
    "tom_order": 1,
    "seed": 59,
    "cell_name": "het_dp_gated_atom_talk",
    "gate_trust_threshold": 0.6,
    "gate_ema_alpha": 0.3,
    "atom_warmup": 3,
    "homogeneous": false,
    "use_tom": true,
    "use_talk": true,
    "adaptive_tom": true,
    "gated_talk_tom": true,
    "diversity_preserving_gate": true
  },
  "team_mean_payoff": 2.5069999999999997
}