{
  "perspective_diversity": 0.0011659233490689883,
  "cooperation_payoff": 2.7600000000000002,
  "cooperation_payoff_ci": [
    2.533333333333333,
    2.9600000000000004
  ],
  "equilibrium_convergence": 0.9600000000000001,
  "tom_prediction_accuracy": 0.7266666666666667,
  "tom_prediction_accuracy_ci": [
    0.6766666666666666,
    0.7766666666666666
  ],
  "n_episodes": 30,
  "action_dist_agent1": [
    0.7666666666666667,
    0.23333333333333334
  ],
  "per_episode_payoffs": [
    3.0,
    2.6,
    3.0,
    4.0,
    2.8,
    2.2,
    3.2,
    2.0,
    3.0,
    3.0,
    3.0,
    2.6,
    3.0,
    3.4,
    2.6,
    2.6,
    2.6,
    3.0,
    2.4,
    1.0,
    3.0,
    3.4,
    3.4,
    3.0,
    1.2,
    3.0,
    3.4,
    1.8,
    2.6,
    3.0
  ],
  "gate_trust_rate": 0.9333333333333333,
  "gated_prediction_accuracy": 0.7766666666666666,
  "signal_accuracy": 0.7833333333333333,
  "tom_belief_accuracy_in_gated": 0.7266666666666667,
  "dp_conflict_rate": 0.31,
  "dp_intervention_rate": 0.31,
  "cell": "hom_gated_atom_talk",
  "wall_time_s": 971.0071928501129,
  "config": {
    "game": "chicken",
    "n_agents": 2,
    "horizon": 5,
    "memory": 2,
    "models_homo": "THUDM/GLM-4-9B-0414",
    "temp_homo": 0.7,
    "tom_order": 1,
    "seed": 44,
    "cell_name": "hom_gated_atom_talk",
    "gate_trust_threshold": 0.6,
    "gate_ema_alpha": 0.3,
    "atom_warmup": 3,
    "homogeneous": true,
    "use_tom": true,
    "use_talk": true,
    "adaptive_tom": true,
    "gated_talk_tom": true,
    "diversity_preserving_gate": false
  },
  "team_mean_payoff": 2.72
}