{
  "perspective_diversity": 0.04703563035286593,
  "cooperation_payoff": 2.556,
  "cooperation_payoff_ci": [
    2.5280000000000005,
    2.5820000000000003
  ],
  "equilibrium_convergence": 0.92,
  "tom_prediction_accuracy": 0.79,
  "tom_prediction_accuracy_ci": [
    0.7666458333333335,
    0.8133333333333334
  ],
  "n_episodes": 20,
  "action_dist_agent1": [
    0.96,
    0.04
  ],
  "per_episode_payoffs": [
    2.6399999999999997,
    2.56,
    2.6,
    2.52,
    2.6,
    2.4400000000000004,
    2.6,
    2.4400000000000004,
    2.6,
    2.6,
    2.6,
    2.6,
    2.6,
    2.52,
    2.52,
    2.6,
    2.6,
    2.52,
    2.52,
    2.4400000000000004
  ],
  "gate_trust_rate": 0.9388888888888889,
  "gated_prediction_accuracy": 0.7722222222222223,
  "signal_accuracy": 0.8333333333333334,
  "tom_belief_accuracy_in_gated": 0.5833333333333334,
  "dp_conflict_rate": 0.3277777777777778,
  "dp_intervention_rate": 0.3277777777777778,
  "cell": "het_gsaca",
  "gsaca_detected_structure": "coord",
  "gsaca_oracle_structure": "coord",
  "gsaca_detection_correct": true,
  "gsaca_split_score": -0.25,
  "gsaca_warmup_episodes": 3,
  "gsaca_n_observations": 15,
  "wall_time_s": 2897.5951952934265,
  "config": {
    "game": "public_goods",
    "n_agents": 4,
    "horizon": 5,
    "memory": 2,
    "models_homo": "Qwen/Qwen2.5-7B-Instruct",
    "temp_homo": 0.7,
    "tom_order": 1,
    "seed": 50,
    "cell_name": "het_gsaca",
    "gate_trust_threshold": 0.6,
    "gate_ema_alpha": 0.3,
    "atom_warmup": 3,
    "homogeneous": false,
    "use_tom": true,
    "use_talk": true,
    "adaptive_tom": true,
    "gated_talk_tom": true,
    "diversity_preserving_gate": true
  },
  "team_mean_payoff": 2.5685
}