{
  "perspective_diversity": 0.20352669078386978,
  "cooperation_payoff": 1.6933333333333338,
  "cooperation_payoff_ci": [
    1.3933333333333335,
    1.9600000000000002
  ],
  "equilibrium_convergence": 0.8933333333333333,
  "tom_prediction_accuracy": 0.6133333333333333,
  "tom_prediction_accuracy_ci": [
    0.5566666666666666,
    0.6666666666666666
  ],
  "n_episodes": 30,
  "action_dist_agent1": [
    0.8133333333333334,
    0.18666666666666668
  ],
  "per_episode_payoffs": [
    1.0,
    1.6,
    2.8,
    0.6,
    2.2,
    2.8,
    2.4,
    0.0,
    0.6,
    2.2,
    2.2,
    3.0,
    0.6,
    2.2,
    1.0,
    1.2,
    1.8,
    1.8,
    1.6,
    1.6,
    2.6,
    1.6,
    1.0,
    1.0,
    2.2,
    0.6,
    1.8,
    2.6,
    1.6,
    2.6
  ],
  "gate_trust_rate": 0.9133333333333333,
  "gated_prediction_accuracy": 0.75,
  "signal_accuracy": 0.7766666666666666,
  "tom_belief_accuracy_in_gated": 0.6133333333333333,
  "dp_conflict_rate": 0.3566666666666667,
  "dp_intervention_rate": 0.3566666666666667,
  "cell": "het_dp_gated_atom_talk",
  "wall_time_s": 511.08778190612793,
  "config": {
    "game": "battle_of_the_sexes",
    "n_agents": 2,
    "horizon": 5,
    "memory": 2,
    "models_homo": "Qwen/Qwen2.5-7B-Instruct",
    "temp_homo": 0.7,
    "tom_order": 1,
    "seed": 42,
    "cell_name": "het_dp_gated_atom_talk",
    "gate_trust_threshold": 0.6,
    "gate_ema_alpha": 0.2,
    "atom_warmup": 3,
    "homogeneous": false,
    "use_tom": true,
    "use_talk": true,
    "adaptive_tom": true,
    "gated_talk_tom": true,
    "diversity_preserving_gate": true
  },
  "team_mean_payoff": 1.5333333333333334
}