{
  "perspective_diversity": 0.35750306551177796,
  "cooperation_payoff": 1.6407049106656189,
  "cooperation_payoff_ci": [
    1.2639489367124057,
    2.0095066076082597
  ],
  "equilibrium_convergence": 0.8666666666666667,
  "tom_prediction_accuracy": 0.68,
  "tom_prediction_accuracy_ci": [
    0.6266666666666667,
    0.7300833333333329
  ],
  "n_episodes": 30,
  "action_dist_agent1": [
    0.38666666666666666,
    0.6133333333333333
  ],
  "per_episode_payoffs": [
    2.841425856926728,
    2.920994330418021,
    2.5742676042224675,
    -0.9095919908928438,
    1.0003300699612825,
    2.4377865633105733,
    2.035836923408619,
    1.0176350089551665,
    2.8998656535570557,
    1.7223888478842284,
    2.1700033181201794,
    0.5073568618138637,
    1.0067333855915277,
    3.5495602034231943,
    1.111592413417598,
    0.6872013400678361,
    -0.09110412766432327,
    3.3016364294607867,
    0.7382877339912424,
    1.8405510273532446,
    1.5487514819513275,
    1.497807245029292,
    1.7901807185186889,
    1.366140593733628,
    2.6736703467481227,
    0.6412682805454324,
    1.6873476285800328,
    0.37456576613911563,
    1.736287874163461,
    2.542369931233012
  ],
  "gate_trust_rate": 0.8366666666666667,
  "gated_prediction_accuracy": 0.7266666666666667,
  "signal_accuracy": 0.69,
  "tom_belief_accuracy_in_gated": 0.68,
  "dp_conflict_rate": 0.4166666666666667,
  "dp_intervention_rate": 0.4166666666666667,
  "cell": "het_gsaca",
  "gsaca_detected_structure": "anti_coord",
  "gsaca_oracle_structure": "anti_coord",
  "gsaca_detection_correct": true,
  "gsaca_split_score": 0.008809066663032938,
  "gsaca_warmup_episodes": 5,
  "gsaca_n_observations": 25,
  "wall_time_s": 527.4901714324951,
  "config": {
    "game": "hawk_dove",
    "n_agents": 2,
    "horizon": 5,
    "memory": 2,
    "models_homo": "Qwen/Qwen2.5-7B-Instruct",
    "temp_homo": 0.7,
    "tom_order": 1,
    "seed": 46,
    "cell_name": "het_gsaca",
    "gate_trust_threshold": 0.6,
    "gate_ema_alpha": 0.3,
    "atom_warmup": 3,
    "homogeneous": false,
    "use_tom": true,
    "use_talk": true,
    "adaptive_tom": true,
    "gated_talk_tom": true,
    "diversity_preserving_gate": true
  },
  "team_mean_payoff": 1.1627391389858563
}