{
  "perspective_diversity": 0.3354248610740949,
  "cooperation_payoff": 3.0199999999999987,
  "cooperation_payoff_ci": [
    2.606666666666667,
    3.4333333333333327
  ],
  "equilibrium_convergence": 0.9466666666666667,
  "tom_prediction_accuracy": 0.6766666666666666,
  "tom_prediction_accuracy_ci": [
    0.6233333333333333,
    0.7266666666666667
  ],
  "n_episodes": 30,
  "action_dist_agent1": [
    0.28,
    0.72
  ],
  "per_episode_payoffs": [
    1.2,
    3.6,
    3.6,
    3.6,
    2.8,
    2.8,
    2.2,
    2.2,
    2.8,
    3.4,
    1.6,
    4.6,
    4.6,
    1.2,
    4.6,
    3.6,
    2.6,
    1.8,
    3.2,
    3.6,
    0.8,
    1.8,
    1.8,
    4.6,
    3.6,
    1.6,
    4.6,
    3.6,
    4.0,
    4.6
  ],
  "gate_trust_rate": 0.8366666666666667,
  "gated_prediction_accuracy": 0.6533333333333333,
  "signal_accuracy": 0.61,
  "tom_belief_accuracy_in_gated": 0.6766666666666666,
  "dp_conflict_rate": 0.29333333333333333,
  "dp_intervention_rate": 0.29333333333333333,
  "cell": "het_gsaca",
  "gsaca_detected_structure": "anti_coord",
  "gsaca_oracle_structure": "anti_coord",
  "gsaca_detection_correct": true,
  "gsaca_split_score": 1.6153846153846154,
  "gsaca_warmup_episodes": 5,
  "gsaca_n_observations": 25,
  "wall_time_s": 458.3587877750397,
  "config": {
    "game": "chicken",
    "n_agents": 2,
    "horizon": 5,
    "memory": 2,
    "models_homo": "Qwen/Qwen2.5-7B-Instruct",
    "temp_homo": 0.7,
    "tom_order": 1,
    "seed": 60,
    "cell_name": "het_gsaca",
    "gate_trust_threshold": 0.6,
    "gate_ema_alpha": 0.3,
    "atom_warmup": 3,
    "homogeneous": false,
    "use_tom": true,
    "use_talk": true,
    "adaptive_tom": true,
    "gated_talk_tom": true,
    "diversity_preserving_gate": true
  },
  "team_mean_payoff": 2.2199999999999998
}