{
  "perspective_diversity": 0.336434335901226,
  "cooperation_payoff": 3.059999999999999,
  "cooperation_payoff_ci": [
    2.6798333333333324,
    3.466666666666666
  ],
  "equilibrium_convergence": 0.9866666666666667,
  "tom_prediction_accuracy": 0.66,
  "tom_prediction_accuracy_ci": [
    0.6066666666666667,
    0.7166666666666667
  ],
  "n_episodes": 30,
  "action_dist_agent1": [
    0.2866666666666667,
    0.7133333333333334
  ],
  "per_episode_payoffs": [
    1.6,
    4.2,
    1.8,
    4.6,
    3.6,
    2.6,
    1.8,
    4.6,
    3.6,
    2.6,
    1.2,
    1.6,
    3.2,
    4.6,
    2.6,
    4.6,
    2.6,
    1.2,
    2.6,
    4.6,
    4.6,
    4.0,
    3.6,
    3.6,
    1.8,
    2.8,
    3.8,
    2.6,
    2.6,
    2.6
  ],
  "gate_trust_rate": 0.88,
  "gated_prediction_accuracy": 0.6366666666666667,
  "signal_accuracy": 0.6433333333333333,
  "tom_belief_accuracy_in_gated": 0.66,
  "dp_conflict_rate": 0.24333333333333335,
  "dp_intervention_rate": 0.24333333333333335,
  "cell": "het_gsaca",
  "gsaca_detected_structure": "anti_coord",
  "gsaca_oracle_structure": "anti_coord",
  "gsaca_detection_correct": true,
  "gsaca_split_score": 1.5714285714285714,
  "gsaca_warmup_episodes": 10,
  "gsaca_n_observations": 50,
  "wall_time_s": 513.693042755127,
  "config": {
    "game": "chicken",
    "n_agents": 2,
    "horizon": 5,
    "memory": 2,
    "models_homo": "Qwen/Qwen2.5-7B-Instruct",
    "temp_homo": 0.7,
    "tom_order": 1,
    "seed": 45,
    "cell_name": "het_gsaca",
    "gate_trust_threshold": 0.6,
    "gate_ema_alpha": 0.3,
    "atom_warmup": 3,
    "homogeneous": false,
    "use_tom": true,
    "use_talk": true,
    "adaptive_tom": true,
    "gated_talk_tom": true,
    "diversity_preserving_gate": true
  },
  "team_mean_payoff": 2.2599999999999993
}