{
  "perspective_diversity": 0.39811153680288786,
  "cooperation_payoff": 3.146666666666666,
  "cooperation_payoff_ci": [
    2.8266666666666667,
    3.4733333333333323
  ],
  "equilibrium_convergence": 1.0,
  "tom_prediction_accuracy": 0.6566666666666666,
  "tom_prediction_accuracy_ci": [
    0.6033333333333334,
    0.7066666666666667
  ],
  "n_episodes": 30,
  "action_dist_agent1": [
    0.26666666666666666,
    0.7333333333333333
  ],
  "per_episode_payoffs": [
    4.2,
    1.6,
    3.2,
    2.2,
    2.6,
    3.6,
    2.2,
    4.6,
    1.4,
    2.4,
    4.6,
    2.6,
    1.8,
    4.6,
    2.6,
    4.2,
    2.6,
    3.2,
    4.6,
    3.2,
    2.8,
    3.6,
    4.6,
    3.6,
    2.6,
    3.2,
    2.6,
    2.6,
    3.2,
    3.6
  ],
  "gate_trust_rate": 0.9,
  "gated_prediction_accuracy": 0.6633333333333333,
  "signal_accuracy": 0.6833333333333333,
  "tom_belief_accuracy_in_gated": 0.6566666666666666,
  "dp_conflict_rate": 0.28,
  "dp_intervention_rate": 0.28,
  "cell": "het_dp_gated_atom_talk",
  "wall_time_s": 450.3037190437317,
  "config": {
    "game": "chicken",
    "n_agents": 2,
    "horizon": 5,
    "memory": 2,
    "models_homo": "Qwen/Qwen2.5-7B-Instruct",
    "temp_homo": 0.7,
    "tom_order": 1,
    "seed": 42,
    "cell_name": "het_dp_gated_atom_talk",
    "homogeneous": false,
    "use_tom": true,
    "use_talk": true,
    "adaptive_tom": true,
    "gated_talk_tom": true,
    "diversity_preserving_gate": true
  },
  "team_mean_payoff": 2.28
}