{
  "perspective_diversity": 0.2653150335255471,
  "cooperation_payoff": 2.473333333333334,
  "cooperation_payoff_ci": [
    2.3066666666666666,
    2.6333333333333333
  ],
  "equilibrium_convergence": 0.9733333333333334,
  "tom_prediction_accuracy": 0.65,
  "tom_prediction_accuracy_ci": [
    0.5933333333333334,
    0.7033333333333334
  ],
  "n_episodes": 30,
  "action_dist_agent1": [
    0.48,
    0.52
  ],
  "per_episode_payoffs": [
    2.8,
    2.4,
    2.2,
    3.2,
    2.0,
    2.2,
    2.6,
    2.2,
    2.6,
    2.0,
    2.8,
    2.6,
    1.6,
    2.6,
    3.2,
    3.0,
    2.6,
    2.6,
    2.2,
    1.6,
    2.8,
    3.2,
    1.8,
    2.0,
    2.2,
    2.6,
    3.0,
    3.0,
    2.2,
    2.4
  ],
  "gate_trust_rate": 0.9566666666666667,
  "gated_prediction_accuracy": 0.7233333333333334,
  "signal_accuracy": 0.7266666666666667,
  "tom_belief_accuracy_in_gated": 0.65,
  "dp_conflict_rate": 0.25666666666666665,
  "dp_intervention_rate": 0.25666666666666665,
  "cell": "het_combo_anti",
  "wall_time_s": 558.9668524265289,
  "config": {
    "game": "deadlock",
    "n_agents": 2,
    "horizon": 5,
    "memory": 2,
    "models_homo": "Qwen/Qwen2.5-7B-Instruct",
    "temp_homo": 0.7,
    "tom_order": 1,
    "seed": 43,
    "cell_name": "het_combo_anti",
    "gate_trust_threshold": 0.6,
    "gate_ema_alpha": 0.3,
    "atom_warmup": 3,
    "homogeneous": false,
    "use_tom": true,
    "use_talk": true,
    "adaptive_tom": true,
    "gated_talk_tom": true,
    "diversity_preserving_gate": true,
    "role_asymmetric_hint": true,
    "history_split_hint": true,
    "adaptive_intervention": true,
    "adaptive_interv_threshold": 0.3
  },
  "team_mean_payoff": 1.8199999999999996
}