{
  "perspective_diversity": 0.34465886869607487,
  "cooperation_payoff": 1.5133333333333332,
  "cooperation_payoff_ci": [
    1.22,
    1.8134999999999992
  ],
  "equilibrium_convergence": 0.9866666666666666,
  "tom_prediction_accuracy": 0.6266666666666667,
  "tom_prediction_accuracy_ci": [
    0.57,
    0.68
  ],
  "n_episodes": 30,
  "action_dist_agent1": [
    0.8466666666666667,
    0.15333333333333332
  ],
  "per_episode_payoffs": [
    1.2,
    2.2,
    1.2,
    1.0,
    0.0,
    1.2,
    1.6,
    2.6,
    2.8,
    2.2,
    2.2,
    0.6,
    0.0,
    2.8,
    1.6,
    2.8,
    1.6,
    0.0,
    2.4,
    1.6,
    1.8,
    1.2,
    1.2,
    1.6,
    1.6,
    1.4,
    0.6,
    2.8,
    1.0,
    0.6
  ],
  "gate_trust_rate": 0.8733333333333333,
  "gated_prediction_accuracy": 0.7,
  "signal_accuracy": 0.7333333333333333,
  "tom_belief_accuracy_in_gated": 0.6266666666666667,
  "dp_conflict_rate": 0.3466666666666667,
  "dp_intervention_rate": 0.3466666666666667,
  "cell": "het_dp_gated_atom_talk",
  "wall_time_s": 458.3371272087097,
  "config": {
    "game": "battle_of_the_sexes",
    "n_agents": 2,
    "horizon": 5,
    "memory": 2,
    "models_homo": "Qwen/Qwen2.5-7B-Instruct",
    "temp_homo": 0.7,
    "tom_order": 1,
    "seed": 46,
    "cell_name": "het_dp_gated_atom_talk",
    "gate_trust_threshold": 0.6,
    "gate_ema_alpha": 0.5,
    "atom_warmup": 3,
    "homogeneous": false,
    "use_tom": true,
    "use_talk": true,
    "adaptive_tom": true,
    "gated_talk_tom": true,
    "diversity_preserving_gate": true
  },
  "team_mean_payoff": 1.3666666666666667
}