{
  "perspective_diversity": 0.4564078384985794,
  "cooperation_payoff": 3.259999999999999,
  "cooperation_payoff_ci": [
    2.8733333333333335,
    3.633333333333333
  ],
  "equilibrium_convergence": 0.9466666666666667,
  "tom_prediction_accuracy": 0.6566666666666666,
  "tom_prediction_accuracy_ci": [
    0.6033333333333334,
    0.71
  ],
  "n_episodes": 30,
  "action_dist_agent1": [
    0.26666666666666666,
    0.7333333333333333
  ],
  "per_episode_payoffs": [
    3.6,
    2.2,
    3.6,
    4.6,
    3.2,
    2.2,
    2.2,
    4.6,
    4.6,
    2.8,
    2.2,
    2.2,
    1.6,
    4.2,
    2.2,
    4.6,
    4.6,
    3.2,
    4.2,
    3.6,
    2.2,
    2.4,
    3.6,
    3.6,
    3.6,
    1.6,
    4.6,
    4.6,
    3.6,
    1.8
  ],
  "gate_trust_rate": 0.95,
  "gated_prediction_accuracy": 0.7066666666666667,
  "signal_accuracy": 0.7033333333333334,
  "tom_belief_accuracy_in_gated": 0.6566666666666666,
  "dp_conflict_rate": 0.23333333333333334,
  "dp_intervention_rate": 0.23333333333333334,
  "cell": "het_dp_gated_atom_talk",
  "wall_time_s": 487.32453441619873,
  "config": {
    "game": "chicken",
    "n_agents": 2,
    "horizon": 5,
    "memory": 2,
    "models_homo": "Qwen/Qwen2.5-7B-Instruct",
    "temp_homo": 0.7,
    "tom_order": 1,
    "seed": 42,
    "cell_name": "het_dp_gated_atom_talk",
    "gate_trust_threshold": 0.6,
    "gate_ema_alpha": 0.3,
    "atom_warmup": 3,
    "homogeneous": false,
    "use_tom": true,
    "use_talk": true,
    "adaptive_tom": true,
    "gated_talk_tom": true,
    "diversity_preserving_gate": true
  },
  "team_mean_payoff": 2.3400000000000003
}