{
  "perspective_diversity": 0.0003671765066687628,
  "cooperation_payoff": 1.8133333333333335,
  "cooperation_payoff_ci": [
    1.64,
    1.986666666666667
  ],
  "equilibrium_convergence": 0.9066666666666666,
  "tom_prediction_accuracy": 0.5866666666666667,
  "tom_prediction_accuracy_ci": [
    0.5299166666666668,
    0.64
  ],
  "n_episodes": 30,
  "action_dist_agent1": [
    0.58,
    0.42
  ],
  "per_episode_payoffs": [
    2.8,
    2.0,
    1.4,
    2.2,
    2.4,
    1.4,
    1.6,
    1.8,
    2.8,
    2.2,
    2.6,
    1.6,
    0.8,
    1.2,
    1.8,
    2.0,
    2.2,
    1.2,
    2.0,
    2.2,
    1.2,
    1.2,
    1.8,
    1.2,
    1.6,
    1.6,
    2.0,
    2.2,
    1.2,
    2.2
  ],
  "gate_trust_rate": 0.8333333333333334,
  "gated_prediction_accuracy": 0.6166666666666667,
  "signal_accuracy": 0.6366666666666667,
  "tom_belief_accuracy_in_gated": 0.5866666666666667,
  "dp_conflict_rate": 0.42333333333333334,
  "dp_intervention_rate": 0.42333333333333334,
  "cell": "hom_dp_gated_atom_talk",
  "wall_time_s": 597.3762187957764,
  "config": {
    "game": "deadlock",
    "n_agents": 2,
    "horizon": 5,
    "memory": 2,
    "models_homo": "Qwen/Qwen2.5-7B-Instruct",
    "temp_homo": 0.7,
    "tom_order": 1,
    "seed": 43,
    "cell_name": "hom_dp_gated_atom_talk",
    "gate_trust_threshold": 0.6,
    "gate_ema_alpha": 0.3,
    "atom_warmup": 3,
    "homogeneous": true,
    "use_tom": true,
    "use_talk": true,
    "adaptive_tom": true,
    "gated_talk_tom": true,
    "diversity_preserving_gate": true
  },
  "team_mean_payoff": 1.7866666666666666
}