{
  "perspective_diversity": 0.40122581969836174,
  "cooperation_payoff": 3.2666666666666657,
  "cooperation_payoff_ci": [
    2.873333333333333,
    3.6268333333333316
  ],
  "equilibrium_convergence": 0.9733333333333334,
  "tom_prediction_accuracy": 0.6566666666666666,
  "tom_prediction_accuracy_ci": [
    0.6,
    0.7133333333333334
  ],
  "n_episodes": 30,
  "action_dist_agent1": [
    0.28,
    0.72
  ],
  "per_episode_payoffs": [
    2.6,
    4.6,
    4.6,
    4.6,
    3.2,
    3.6,
    3.6,
    1.8,
    2.6,
    3.6,
    3.6,
    2.0,
    2.0,
    3.6,
    3.6,
    1.8,
    2.2,
    3.6,
    4.6,
    1.2,
    4.6,
    4.6,
    2.4,
    3.6,
    4.6,
    2.6,
    1.6,
    2.8,
    4.6,
    3.6
  ],
  "gate_trust_rate": 0.9933333333333333,
  "gated_prediction_accuracy": 0.69,
  "signal_accuracy": 0.6966666666666667,
  "tom_belief_accuracy_in_gated": 0.6566666666666666,
  "dp_conflict_rate": 0.26666666666666666,
  "dp_intervention_rate": 0.26666666666666666,
  "cell": "het_dp_gated_atom_talk",
  "wall_time_s": 499.7780497074127,
  "config": {
    "game": "chicken",
    "n_agents": 2,
    "horizon": 5,
    "memory": 2,
    "models_homo": "Qwen/Qwen2.5-7B-Instruct",
    "temp_homo": 0.7,
    "tom_order": 1,
    "seed": 46,
    "cell_name": "het_dp_gated_atom_talk",
    "gate_trust_threshold": 0.3,
    "gate_ema_alpha": 0.3,
    "atom_warmup": 3,
    "homogeneous": false,
    "use_tom": true,
    "use_talk": true,
    "adaptive_tom": true,
    "gated_talk_tom": true,
    "diversity_preserving_gate": true
  },
  "team_mean_payoff": 2.4000000000000004
}