{
  "perspective_diversity": 0.2762639381664048,
  "cooperation_payoff": 1.726666666666667,
  "cooperation_payoff_ci": [
    1.486666666666667,
    1.9601666666666662
  ],
  "equilibrium_convergence": 0.9733333333333333,
  "tom_prediction_accuracy": 0.5933333333333334,
  "tom_prediction_accuracy_ci": [
    0.5333333333333333,
    0.65
  ],
  "n_episodes": 30,
  "action_dist_agent1": [
    0.8533333333333334,
    0.14666666666666667
  ],
  "per_episode_payoffs": [
    2.2,
    1.8,
    0.6,
    2.8,
    2.2,
    0.6,
    2.2,
    1.8,
    1.2,
    1.6,
    1.6,
    1.8,
    1.6,
    1.0,
    1.6,
    2.8,
    0.6,
    2.8,
    1.6,
    2.2,
    1.6,
    1.8,
    1.0,
    1.2,
    1.6,
    0.6,
    2.2,
    2.2,
    2.2,
    2.8
  ],
  "gate_trust_rate": 0.9033333333333333,
  "gated_prediction_accuracy": 0.6966666666666667,
  "signal_accuracy": 0.7466666666666667,
  "tom_belief_accuracy_in_gated": 0.5933333333333334,
  "dp_conflict_rate": 0.36,
  "dp_intervention_rate": 0.36,
  "cell": "het_dp_gated_atom_talk",
  "wall_time_s": 534.6960270404816,
  "config": {
    "game": "battle_of_the_sexes",
    "n_agents": 2,
    "horizon": 5,
    "memory": 2,
    "models_homo": "Qwen/Qwen2.5-7B-Instruct",
    "temp_homo": 0.7,
    "tom_order": 1,
    "seed": 44,
    "cell_name": "het_dp_gated_atom_talk",
    "gate_trust_threshold": 0.6,
    "gate_ema_alpha": 0.3,
    "atom_warmup": 3,
    "homogeneous": false,
    "use_tom": true,
    "use_talk": true,
    "adaptive_tom": true,
    "gated_talk_tom": true,
    "diversity_preserving_gate": true
  },
  "team_mean_payoff": 1.55
}