{
  "perspective_diversity": 0.19732021096775582,
  "cooperation_payoff": 2.853333333333333,
  "cooperation_payoff_ci": [
    2.586666666666667,
    3.1333333333333333
  ],
  "equilibrium_convergence": 0.84,
  "tom_prediction_accuracy": 0.6633333333333333,
  "tom_prediction_accuracy_ci": [
    0.61,
    0.7134166666666663
  ],
  "n_episodes": 30,
  "action_dist_agent1": [
    0.37333333333333335,
    0.6266666666666667
  ],
  "per_episode_payoffs": [
    5.0,
    3.0,
    4.2,
    3.2,
    3.0,
    3.2,
    2.0,
    3.0,
    2.8,
    3.0,
    3.0,
    3.2,
    1.0,
    1.6,
    2.8,
    1.8,
    4.0,
    2.2,
    3.0,
    2.0,
    3.0,
    3.0,
    3.2,
    3.2,
    2.2,
    2.6,
    2.6,
    3.0,
    2.8,
    3.0
  ],
  "gate_trust_rate": 0.8666666666666667,
  "gated_prediction_accuracy": 0.67,
  "signal_accuracy": 0.6433333333333333,
  "tom_belief_accuracy_in_gated": 0.6633333333333333,
  "dp_conflict_rate": 0.25333333333333335,
  "dp_intervention_rate": 0.25333333333333335,
  "cell": "het_gated_atom_talk",
  "wall_time_s": 495.8807773590088,
  "config": {
    "game": "chicken",
    "n_agents": 2,
    "horizon": 5,
    "memory": 2,
    "models_homo": "Qwen/Qwen2.5-7B-Instruct",
    "temp_homo": 0.7,
    "tom_order": 1,
    "seed": 48,
    "cell_name": "het_gated_atom_talk",
    "gate_trust_threshold": 0.6,
    "gate_ema_alpha": 0.3,
    "atom_warmup": 3,
    "homogeneous": false,
    "use_tom": true,
    "use_talk": true,
    "adaptive_tom": true,
    "gated_talk_tom": true,
    "diversity_preserving_gate": false
  },
  "team_mean_payoff": 2.2399999999999998
}