{
  "perspective_diversity": 0.053519622084848194,
  "cooperation_payoff": 2.5760000000000005,
  "cooperation_payoff_ci": [
    2.5419500000000004,
    2.6180000000000008
  ],
  "equilibrium_convergence": 0.88,
  "tom_prediction_accuracy": 0.805,
  "tom_prediction_accuracy_ci": [
    0.7816666666666666,
    0.8275
  ],
  "n_episodes": 20,
  "action_dist_agent1": [
    0.94,
    0.06
  ],
  "per_episode_payoffs": [
    2.56,
    2.6399999999999997,
    2.88,
    2.56,
    2.6,
    2.6,
    2.6,
    2.6,
    2.52,
    2.6,
    2.52,
    2.6,
    2.6,
    2.52,
    2.6,
    2.5200000000000005,
    2.52,
    2.3600000000000003,
    2.6,
    2.52
  ],
  "gate_trust_rate": 0.9166666666666666,
  "gated_prediction_accuracy": 0.75,
  "signal_accuracy": 0.8,
  "tom_belief_accuracy_in_gated": 0.6444444444444445,
  "dp_conflict_rate": 0.34444444444444444,
  "dp_intervention_rate": 0.34444444444444444,
  "cell": "het_gsaca",
  "gsaca_detected_structure": "coord",
  "gsaca_oracle_structure": "coord",
  "gsaca_detection_correct": true,
  "gsaca_split_score": -0.16874999999999973,
  "gsaca_warmup_episodes": 3,
  "gsaca_n_observations": 15,
  "wall_time_s": 2770.486840248108,
  "config": {
    "game": "public_goods",
    "n_agents": 4,
    "horizon": 5,
    "memory": 2,
    "models_homo": "Qwen/Qwen2.5-7B-Instruct",
    "temp_homo": 0.7,
    "tom_order": 1,
    "seed": 44,
    "cell_name": "het_gsaca",
    "homogeneous": false,
    "use_tom": true,
    "use_talk": true,
    "adaptive_tom": true,
    "gated_talk_tom": true,
    "diversity_preserving_gate": true
  },
  "team_mean_payoff": 2.5685000000000002
}