{
  "perspective_diversity": 0.00391547050796584,
  "cooperation_payoff": 2.286666666666666,
  "cooperation_payoff_ci": [
    2.0333333333333337,
    2.526666666666666
  ],
  "equilibrium_convergence": 0.9866666666666666,
  "tom_prediction_accuracy": 0.7066666666666667,
  "tom_prediction_accuracy_ci": [
    0.6566666666666666,
    0.76
  ],
  "n_episodes": 30,
  "action_dist_agent1": [
    0.74,
    0.26
  ],
  "per_episode_payoffs": [
    2.8,
    2.4,
    2.6,
    2.8,
    2.6,
    0.6,
    2.6,
    1.2,
    2.8,
    2.6,
    1.8,
    3.0,
    1.0,
    1.6,
    3.0,
    2.6,
    0.8,
    2.8,
    2.8,
    2.2,
    2.6,
    3.0,
    2.6,
    1.8,
    1.8,
    2.8,
    2.8,
    2.8,
    1.6,
    2.2
  ],
  "gate_trust_rate": 0.9833333333333333,
  "gated_prediction_accuracy": 0.8766666666666667,
  "signal_accuracy": 0.8933333333333333,
  "tom_belief_accuracy_in_gated": 0.7066666666666667,
  "dp_conflict_rate": 0.26666666666666666,
  "dp_intervention_rate": 0.26666666666666666,
  "cell": "het_gated_atom_talk",
  "wall_time_s": 520.5627176761627,
  "config": {
    "game": "battle_of_the_sexes",
    "n_agents": 2,
    "horizon": 5,
    "memory": 2,
    "models_homo": "Qwen/Qwen2.5-7B-Instruct",
    "temp_homo": 0.7,
    "tom_order": 1,
    "seed": 43,
    "cell_name": "het_gated_atom_talk",
    "homogeneous": false,
    "use_tom": true,
    "use_talk": true,
    "adaptive_tom": true,
    "gated_talk_tom": true,
    "diversity_preserving_gate": false
  },
  "team_mean_payoff": 2.066666666666667
}