{
  "perspective_diversity": 0.12605490312001408,
  "cooperation_payoff": 1.363509560999738,
  "cooperation_payoff_ci": [
    1.0576179567669646,
    1.6586930285868735
  ],
  "equilibrium_convergence": 0.9333333333333333,
  "tom_prediction_accuracy": 0.6466666666666666,
  "tom_prediction_accuracy_ci": [
    0.5933333333333334,
    0.7
  ],
  "n_episodes": 30,
  "action_dist_agent1": [
    0.4066666666666667,
    0.5933333333333334
  ],
  "per_episode_payoffs": [
    0.610356464231682,
    2.2302485826045055,
    0.8435669010556168,
    0.572602002276789,
    0.5500825174903207,
    1.0594466408276433,
    1.908959230852155,
    0.5044087522387917,
    2.474966413389264,
    2.880597211971057,
    0.24250082953004481,
    2.026839215453466,
    1.5516833463978816,
    2.3873900508557986,
    2.8278981033543995,
    1.2218003350169588,
    0.4772239680839192,
    1.5254091073651967,
    1.2345719334978107,
    1.7101377568383112,
    1.687187870487832,
    0.524451811257323,
    0.9975451796296723,
    0.8415351484334069,
    1.9684175866870308,
    2.010317070136358,
    -0.07816309285499176,
    0.24364144153477887,
    2.5340719685408652,
    1.3355924828082528
  ],
  "gate_trust_rate": 0.82,
  "gated_prediction_accuracy": 0.6666666666666666,
  "signal_accuracy": 0.6333333333333333,
  "tom_belief_accuracy_in_gated": 0.6466666666666666,
  "dp_conflict_rate": 0.37333333333333335,
  "dp_intervention_rate": 0.37333333333333335,
  "cell": "het_gsaca",
  "gsaca_detected_structure": "anti_coord",
  "gsaca_oracle_structure": "anti_coord",
  "gsaca_detection_correct": true,
  "gsaca_split_score": 1.2229717665680033,
  "gsaca_warmup_episodes": 5,
  "gsaca_n_observations": 25,
  "wall_time_s": 501.36351013183594,
  "config": {
    "game": "hawk_dove",
    "n_agents": 2,
    "horizon": 5,
    "memory": 2,
    "models_homo": "Qwen/Qwen2.5-7B-Instruct",
    "temp_homo": 0.7,
    "tom_order": 1,
    "seed": 45,
    "cell_name": "het_gsaca",
    "gate_trust_threshold": 0.6,
    "gate_ema_alpha": 0.3,
    "atom_warmup": 3,
    "homogeneous": false,
    "use_tom": true,
    "use_talk": true,
    "adaptive_tom": true,
    "gated_talk_tom": true,
    "diversity_preserving_gate": true
  },
  "team_mean_payoff": 1.0215181180797974
}